"company","location","total_laid_off","date","percentage_laid_off","industry","stage","funds_raised","country","date_added"
Lastminute,"Amsterdam, Non-U.S.",400,"2026-06-17",0.2500,Travel,Post-IPO,,Netherlands,"2026-06-19"
Optimove,"Tel Aviv, Non-U.S.",,"2026-06-17",0.1000,Marketing,Series A,20.00,Israel,"2026-06-19"
Robinhood,SF Bay Area,290,"2026-06-16",0.1000,Finance,Post-IPO,6200.00,United States,"2026-06-16"
Artlist,"Tel Aviv, Non-U.S.",200,"2026-06-16",0.4000,Media,Unknown,48.00,Israel,"2026-06-16"
Rackspace,San Antonio,,"2026-06-16",0.1500,Data,Acquired,17.00,United States,"2026-06-19"
Rivian,Detroit,,"2026-06-16",0.0200,Transportation,Post-IPO,10700.00,United States,"2026-06-16"
Pleo,"Copenhagen, Non-U.S.",50,"2026-06-12",,Finance,Series C,428.00,Denmark,"2026-06-12"
ServiceNow,SF Bay Area,54,"2026-06-11",,Support,Post-IPO,84.00,United States,"2026-06-12"
Opendoor,"Bengaluru, Non-U.S.",250,"2026-06-10",,Real Estate,Post-IPO,1900.00,India,"2026-06-12"
Veritone,Los Angeles,111,"2026-06-10",0.2500,AI,Post-IPO,514.00,United States,"2026-06-19"
Shopee,"Singapore, Non-U.S.",,"2026-06-10",0.0800,Food,Unknown,,Singapore,"2026-06-10"
Salesforce,SF Bay Area,86,"2026-06-09",,Sales,Post-IPO,65.00,United States,"2026-06-09"
Verily,SF Bay Area,58,"2026-06-09",,Healthcare,Subsidiary,3500.00,United States,"2026-06-10"
Hailo,"Tel Aviv, Non-U.S.",110,"2026-06-08",0.5000,Manufacturing,Series C,344.00,Israel,"2026-06-08"
Zencity,"Tel Aviv, Non-U.S.",15,"2026-06-07",,Other,Unknown,51.00,Israel,"2026-06-08"
Quizlet,SF Bay Area,79,"2026-06-05",,Education,Series C,62.00,United States,"2026-06-12"
Dandy,New York City,160,"2026-06-03",,Healthcare,Series D,172.00,United States,"2026-06-09"
Skai,"Tel Aviv, Non-U.S.",100,"2026-06-03",0.2000,Marketing,Series E,60.00,Israel,"2026-06-07"
Uber,SF Bay Area,,"2026-06-03",0.0100,Transportation,Post-IPO,25200.00,United States,"2026-06-04"
GitLab,SF Bay Area,350,"2026-06-02",0.1400,Product,Post-IPO,413.00,United States,"2026-05-11"
Aleph Farms,"Tel Aviv, Non-U.S.",10,"2026-06-02",,Food,Unknown,119.00,Israel,"2026-06-03"
Manhattan Associates,Atlanta,,"2026-06-02",0.0600,Logistics,Post-IPO,,United States,"2026-06-03"
Lightricks,"Jerusalem, Non-U.S.",75,"2026-06-01",0.1700,Consumer,Series D,335.00,Israel,"2026-05-28"
Credit Karma,SF Bay Area,117,"2026-05-30",,Finance,Acquired,868.00,United States,"2026-06-03"
SentinelOne,SF Bay Area,230,"2026-05-29",0.0800,Security,Post-IPO,696.00,United States,"2026-05-29"
Interview Kickstart,SF Bay Area,50,"2026-05-29",,Education,Unknown,10.00,United States,"2026-06-03"
Amdocs,St. Louis,,"2026-05-28",0.0700,Support,Post-IPO,,United States,"2026-06-12"
NetApp,SF Bay Area,77,"2026-05-27",,Data,Post-IPO,,United States,"2026-05-28"
Groupon,Chicago,400,"2026-05-26",0.2500,Retail,Post-IPO,1400.00,United States,"2026-05-26"
BigID,New York City,,"2026-05-26",0.2000,Security,Series E,306.00,United States,"2026-05-26"
Picnic,Seattle,,"2026-05-26",1.0000,Food,Unknown,52.00,United States,"2026-05-26"
Wix,"Tel Aviv, Non-U.S.",1000,"2026-05-25",0.2000,Marketing,Post-IPO,58.00,Israel,"2026-05-25"
ClickUp,San Diego,,"2026-05-21",0.2200,Other,Series C,537.00,United States,"2026-05-21"
Meta,SF Bay Area,8000,"2026-05-20",0.1000,Consumer,Post-IPO,26000.00,United States,"2026-04-20"
Intuit,SF Bay Area,3000,"2026-05-20",0.1700,Finance,Post-IPO,18.00,United States,"2026-05-20"
AI21 Labs,"Tel Aviv, Non-U.S.",110,"2026-05-18",0.6100,AI,Series D,626.00,Israel,"2026-05-20"
Kraken,SF Bay Area,150,"2026-05-15",,Crypto,Unknown,134.00,United States,"2026-05-15"
Innovaccer,SF Bay Area,340,"2026-05-14",,Healthcare,Series E,379.00,United States,"2026-05-16"
Dune,"Oslo, Non-U.S.",,"2026-05-14",0.2500,Crypto,Series B,79.00,Norway,"2026-05-15"
Cisco,SF Bay Area,4000,"2026-05-13",0.0500,Infrastructure,Post-IPO,2.00,United States,"2026-05-13"
LinkedIn,SF Bay Area,875,"2026-05-13",0.0500,Recruiting,Acquired,154.00,United States,"2026-05-13"
Jumia,"Lagos, Non-U.S.",200,"2026-05-13",,Retail,Post-IPO,1200.00,Nigeria,"2026-05-15"
Guesty,"Tel Aviv, Non-U.S.",20,"2026-05-13",0.0200,Travel,Series F,411.00,Israel,"2026-05-13"
Breadfast,"Cairo, Non-U.S.",58,"2026-05-12",,Food,Series C,89.00,Egypt,"2026-05-13"
Trend Micro,"Sydney, Non-U.S.",45,"2026-05-12",,Security,Post-IPO,,Australia,"2026-06-16"
MRI Software,Cleveland,200,"2026-05-11",,Real Estate,Acquired,16.00,United States,"2026-05-13"
One Identity,"Dresden, Non-U.S.",41,"2026-05-11",,Security,Unknown,,Germany,"2026-05-15"
MessageBird,"Amsterdam, Non-U.S.",,"2026-05-11",0.2000,Other,Series C,1100.00,Netherlands,"2026-05-13"
ZoomInfo,Portland,600,"2026-05-10",0.2000,Sales,Post-IPO,7.00,United States,"2026-05-11"
Adda247,"Gurugram, Non-U.S.",200,"2026-05-10",0.2000,Education,Series B,61.00,India,"2026-05-11"
Parker,New York City,,"2026-05-09",1.0000,Finance,Series B,57.00,United States,"2026-05-11"
Staffbase,"Chemnitz, Non-U.S.",176,"2026-05-08",0.2200,Other,Series E,306.00,Germany,"2026-05-11"
Cloudflare,SF Bay Area,1100,"2026-05-07",0.2000,Security,Post-IPO,332.00,United States,"2026-05-07"
Bill.com,SF Bay Area,709,"2026-05-07",0.3000,Finance,Post-IPO,280.00,United States,"2026-05-07"
Ticketmaster,Los Angeles,350,"2026-05-07",0.0800,Consumer,Acquired,,United States,"2026-05-09"
DeepL,"Cologne, Non-U.S.",250,"2026-05-07",0.2100,AI,Unknown,400.00,Germany,"2026-05-07"
Upwork,SF Bay Area,151,"2026-05-07",0.2400,Other,Post-IPO,168.00,United States,"2026-05-07"
Truecaller,"Stockholm, Non-U.S.",70,"2026-05-07",,Consumer,Post-IPO,101.00,Sweden,"2026-05-07"
Arctic Wolf,Minneapolis,250,"2026-05-06",0.1000,Security,Unknown,899.00,United States,"2026-05-07"
Pocket FM,"Bengaluru, Non-U.S.",100,"2026-05-06",0.1000,Media,Series D,212.00,India,"2026-05-06"
LSports,"Tel Aviv, Non-U.S.",40,"2026-05-06",0.2000,Data,Unknown,,Israel,"2026-05-11"
ApnaMart,"Bengaluru, Non-U.S.",35,"2026-05-06",0.1000,Food,Series B,40.00,India,"2026-05-06"
reAlpha,Columbus,,"2026-05-06",0.2500,Real Estate,Post-IPO,229.00,United States,"2026-05-10"
PayPal,SF Bay Area,4760,"2026-05-05",0.2000,Finance,Post-IPO,216.00,United States,"2026-05-06"
Coinbase,SF Bay Area,700,"2026-05-05",0.1400,Crypto,Post-IPO,549.00,United States,"2026-05-05"
Freshworks,SF Bay Area,500,"2026-05-05",0.1100,Support,Post-IPO,484.00,United States,"2026-05-06"
"0G",SF Bay Area,,"2026-05-05",0.2500,Crypto,Unknown,,United States,"2026-05-07"
Shopify,"Ottawa, Non-U.S.",30,"2026-05-04",,Retail,Post-IPO,122.00,Canada,"2026-05-07"
Pentera,Boston,40,"2026-04-27",0.0800,Security,Series D,249.00,United States,"2026-04-30"
SuperOps,"Chennai, Non-U.S.",60,"2026-04-24",0.3000,Other,Series C,54.00,India,"2026-04-30"
Remarkable,"Oslo, Non-U.S.",200,"2026-04-22",,Hardware,Unknown,104.00,Norway,"2026-05-20"
Noa Technologies,SF Bay Area,69,"2026-04-22",,Other,Unknown,,United States,"2026-06-19"
Epidemic Sound,"Stockholm, Non-U.S.",150,"2026-04-21",0.3300,Media,Private Equity,509.00,Sweden,"2026-05-07"
GeoComply,"Vancouver, Non-U.S.",68,"2026-04-21",0.1500,Security,Private Equity,,United States,"2026-05-11"
Qt Company,"Oslo, Non-U.S.",200,"2026-04-20",,Product,Series B,7.00,Norway,"2026-06-09"
Acko,"Mumbai, Non-U.S.",60,"2026-04-20",0.0500,Finance,Unknown,143.00,India,"2026-04-20"
Sama,"Nairobi, Non-U.S.",1108,"2026-04-16",,AI,Series B,85.00,Kenya,"2026-05-15"
Shutterfly,"Haifa, Non-U.S.",80,"2026-04-16",,Manufacturing,Post-IPO,50.00,United States,"2026-04-17"
Snap,Los Angeles,1000,"2026-04-15",0.1600,Consumer,Post-IPO,4900.00,United States,"2026-04-15"
UKG,Boston,950,"2026-04-15",,HR,Unknown,,United States,"2026-04-17"
Taboola,New York City,100,"2026-04-15",0.0500,Marketing,Post-IPO,445.00,United States,"2026-05-05"
Swyftx,"Brisbane, Non-U.S.",37,"2026-04-15",0.1500,Crypto,Unknown,,Australia,"2026-05-21"
Nayax,"Tel Aviv, Non-U.S.",32,"2026-04-15",0.0300,Finance,Post-IPO,245.00,Israel,"2026-05-05"
Productboard,SF Bay Area,,"2026-04-15",0.3000,Product,Series D,,United States,"2026-04-16"
GoCardless,"London, Non-U.S.",90,"2026-04-14",,Finance,Series G,529.00,United Kingdom,"2026-04-30"
Qualcomm,San Diego,104,"2026-04-09",,Hardware,Post-IPO,,United States,"2026-06-09"
Cars.com,Chicago,,"2026-04-09",0.1100,Transportation,Acquired,,United States,"2026-04-17"
Pepper Pay,Miami,,"2026-04-09",1.0000,Finance,Unknown,,United States,"2026-04-17"
IAC,New York City,77,"2026-04-08",0.0200,Consumer,Post-IPO,,United States,"2026-05-07"
GoPro,SF Bay Area,145,"2026-04-07",0.2300,Consumer,Post-IPO,288.00,United States,"2026-04-08"
Pendo,Raleigh,90,"2026-04-07",0.1000,Product,Series F,469.00,United States,"2026-04-08"
Bolt,SF Bay Area,,"2026-04-05",0.3300,Finance,Series E,1300.00,United States,"2026-04-07"
Welltech,"Limassol, Non-U.S.",225,"2026-04-03",0.3000,Fitness,Unknown,,Cyprus,"2026-05-07"
NeuroPixel.AI,"Bengaluru, Non-U.S.",,"2026-04-03",1.0000,Retail,Seed,1.00,India,"2026-04-07"
Meta,SF Bay Area,200,"2026-04-02",,Consumer,Post-IPO,26000.00,United States,"2026-04-07"
MARA,Miami,,"2026-04-02",0.1500,Crypto,Post-IPO,4100.00,United States,"2026-05-10"
Oracle,SF Bay Area,30000,"2026-03-31",,Other,Post-IPO,,United States,"2026-03-31"
Monzo,"London, Non-U.S.",50,"2026-03-31",,Finance,Series F,324.00,United Kingdom,"2026-03-31"
Covrzy,"Bengaluru, Non-U.S.",,"2026-03-31",1.0000,Finance,Seed,,India,"2026-04-04"
Rec Room,Seattle,,"2026-03-31",1.0000,Consumer,Series F,294.00,United States,"2026-04-01"
Yupp,SF Bay Area,,"2026-03-31",1.0000,AI,Seed,33.00,United States,"2026-04-01"
Enpal,"Berlin, Non-U.S.",100,"2026-03-27",,Energy,Series E,3500.00,Germany,"2026-03-31"
Monte Carlo,SF Bay Area,,"2026-03-26",0.3000,Data,Series D,236.00,United States,"2026-03-31"
Quandoo,"Berlin, Non-U.S.",,"2026-03-26",1.0000,Food,Acquired,39.00,Germany,"2026-04-17"
Meta,SF Bay Area,700,"2026-03-25",0.0100,Consumer,Post-IPO,26000.00,United States,"2026-03-25"
Epic Games,Raleigh,1000,"2026-03-24",,Consumer,Unknown,6400.00,United States,"2026-03-24"
Zendesk,SF Bay Area,100,"2026-03-24",,Support,Acquired,85.00,United States,"2026-03-31"
Spotify,"Stockholm, Non-U.S.",15,"2026-03-23",,Media,Post-IPO,2100.00,Sweden,"2026-03-25"
Gemini,New York City,,"2026-03-20",0.3000,Crypto,Unknown,423.00,United States,"2026-03-22"
Crypto.com,"Singapore, Non-U.S.",,"2026-03-19",0.1200,Crypto,Unknown,,Singapore,"2026-03-22"
FranShares,Chicago,,"2026-03-17",1.0000,Finance,Seed,6.00,United States,"2026-03-22"
Dell,Austin,11000,"2026-03-16",0.1000,Hardware,Post-IPO,,United States,"2026-04-22"
Stone,"Sao Paulo, Non-U.S.",400,"2026-03-13",0.0300,Finance,Post-IPO,521.00,Brazil,"2026-03-17"
Loopio,"Toronto, Non-U.S.",36,"2026-03-13",0.1200,Sales,Private Equity,263.00,Canada,"2026-05-10"
Atlassian,"Sydney, Non-U.S.",1600,"2026-03-11",0.1000,Other,Post-IPO,210.00,Australia,"2026-03-11"
InvestCloud,Los Angeles,150,"2026-03-10",,Finance,Private Equity,54.00,United States,"2026-03-17"
Flipkart,"Bengaluru, Non-U.S.",500,"2026-03-06",,Retail,Acquired,12900.00,India,"2026-03-07"
SSense,"Montreal, Non-U.S.",215,"2026-03-05",,Retail,Series A,,Canada,"2026-03-07"
Marketsource,Atlanta,57,"2026-03-05",0.1100,Sales,Unknown,,United States,"2026-06-09"
Supernal,Los Angeles,296,"2026-03-04",0.8000,Transportation,Unknown,,United States,"2026-03-07"
Envato,"Melbourne, Non-U.S.",200,"2026-03-04",0.3000,Marketing,Unknown,,Australia,"2026-03-07"
Amazon,Seattle,100,"2026-03-04",,Retail,Post-IPO,8100.00,United States,"2026-03-17"
At-Bay,"Tel Aviv, Non-U.S.",25,"2026-03-04",,Security,Unknown,296.00,United States,"2026-03-07"
MicroVision,Seattle,49,"2026-03-03",,Other,Post-IPO,415.00,United States,"2026-03-07"
Zap Africa,"Lagos, Non-U.S.",,"2026-02-28",0.4400,Finance,Seed,,Nigeria,"2026-03-03"
Block,SF Bay Area,4000,"2026-02-26",0.4000,Finance,Post-IPO,150.00,United States,"2026-02-26"
Ocado,"London, Non-U.S.",1000,"2026-02-26",0.0500,Food,Post-IPO,2000.00,United Kingdom,"2026-03-03"
eBay,SF Bay Area,800,"2026-02-26",0.0600,Retail,Post-IPO,1200.00,Israel,"2026-02-26"
C3.ai,SF Bay Area,280,"2026-02-25",0.2600,AI,Series F,228.00,United States,"2026-02-26"
Deliveroo,"London, Non-U.S.",187,"2026-02-25",,Food,Post-IPO,1700.00,United Kingdom,"2026-03-17"
WiseTech,"Sydney, Non-U.S.",2000,"2026-02-24",0.3000,Logistics,Post-IPO,3000.00,Australia,"2026-02-25"
TrueCar,Los Angeles,100,"2026-02-24",0.3000,Transportation,Post-IPO,340.00,United States,"2026-02-25"
Livspace,"Bengaluru, Non-U.S.",1000,"2026-02-20",0.1200,Consumer,Series F,482.00,India,"2026-02-22"
Lucid Motors,SF Bay Area,,"2026-02-20",0.1200,Transportation,Post-IPO,8300.00,United States,"2026-02-22"
Xero,"Wellington, Non-U.S.",250,"2026-02-18",,Finance,Post-IPO,681.00,New Zealand,"2026-06-10"
Cyberark,Boston,500,"2026-02-17",0.1200,Security,Acquired,1700.00,United States,"2026-02-18"
Huawei,"Tel Aviv, Non-U.S.",50,"2026-02-15",,Hardware,Unknown,,Israel,"2026-02-18"
Axonius,New York City,40,"2026-02-15",0.0400,Security,Series E,865.00,United States,"2026-02-18"
Clari,SF Bay Area,76,"2026-02-12",,Sales,Acquired,496.00,United States,"2026-02-18"
Glossier,New York City,50,"2026-02-11",0.3300,Retail,Series E,266.00,United States,"2026-02-13"
Dayforce,"Toronto, Non-U.S.",,"2026-02-11",0.0500,HR,Post-IPO,40.00,Canada,"2026-02-18"
Fi.Money,"Bengaluru, Non-U.S.",,"2026-02-10",0.4000,Finance,Series C,,India,"2026-03-17"
Workday,SF Bay Area,400,"2026-02-04",0.0200,HR,Post-IPO,230.00,United States,"2026-02-05"
Rewire,"Tel Aviv, Non-U.S.",110,"2026-02-04",,Finance,Acquired,57.00,Israel,"2026-02-18"
Zillow,Seattle,200,"2026-02-02",,Real Estate,Post-IPO,97.00,United States,"2026-02-05"
Zipcar,Boston,126,"2026-02-02",,Transportation,Acquired,107.00,United States,"2026-02-10"
Expedia,Seattle,100,"2026-02-01",,Travel,Post-IPO,3300.00,United States,"2026-02-07"
Zupee,"New Delhi, Non-U.S.",200,"2026-01-30",,Consumer,Series B,121.00,India,"2026-02-03"
Peloton,New York City,,"2026-01-30",0.1100,Fitness,Post-IPO,1900.00,United States,"2026-02-03"
Kiwi.com,"Brno, Non-U.S.",250,"2026-01-29",0.3600,Travel,Unknown,107.00,Czech Republic,"2026-02-03"
Amazon,Seattle,16000,"2026-01-28",,Retail,Post-IPO,8100.00,United States,"2026-01-28"
ASML,"Veldhoven, Non-U.S.",1700,"2026-01-28",,Hardware,Post-IPO,,Netherlands,"2026-02-03"
Pinterest,SF Bay Area,700,"2026-01-27",0.1500,Consumer,Post-IPO,1500.00,United States,"2026-01-27"
Moon Active,"Tel Aviv, Non-U.S.",110,"2026-01-27",0.0500,Consumer,Unknown,425.00,Israel,"2026-03-07"
Entropy,New York City,,"2026-01-25",1.0000,Crypto,Seed,27.00,United States,"2026-01-26"
Roof Stacks,"Istanbul, Non-U.S.",220,"2026-01-24",,Consumer,Seed,1.00,Turkey,"2026-05-25"
Autodesk,SF Bay Area,1000,"2026-01-22",0.0700,Other,Post-IPO,,United States,"2026-01-23"
Polygon,"Cayman Islands, Non-U.S.",60,"2026-01-16",,Crypto,Unknown,451.00,Cayman Islands,"2026-01-16"
Ericsson,"Stockholm, Non-U.S.",1600,"2026-01-15",,Other,Post-IPO,663.00,Sweden,"2026-01-16"
Tipalti,SF Bay Area,100,"2026-01-15",,Finance,Series F,565.00,United States,"2026-01-19"
Informatica,SF Bay Area,35,"2026-01-15",,Data,Post-IPO,,United States,"2026-06-19"
Playtika,"Tel Aviv, Non-U.S.",500,"2026-01-14",0.1500,Consumer,Post-IPO,,Israel,"2026-01-15"
Aleph Alpha,"Frankfurt, Non-U.S.",50,"2026-01-14",0.1600,AI,Series B,534.00,Germany,"2026-01-19"
Meta,SF Bay Area,1500,"2026-01-13",0.0200,Consumer,Post-IPO,26000.00,United States,"2026-01-14"
eToro,"Tel Aviv, Non-U.S.",105,"2026-01-13",0.0700,Finance,Unknown,322.00,Israel,"2026-01-14"
Alle,"Bengaluru, Non-U.S.",,"2026-01-13",1.0000,Retail,Seed,3.00,India,"2026-06-09"
MercadoLibre,"Buenos Aires, Non-U.S.",116,"2026-01-12",,Retail,Post-IPO,5100.00,Brazil,"2026-01-14"
FormFactor,SF Bay Area,220,"2026-01-09",0.1100,Manufacturing,Post-IPO,15.00,United States,"2026-01-13"
Kaseya,Miami,250,"2026-01-08",0.0500,Security,Private Equity,547.00,United States,"2026-01-13"
Hailo,"Tel Aviv, Non-U.S.",30,"2026-01-08",0.1000,Manufacturing,Series C,344.00,Israel,"2026-01-13"
Foretellix,"Tel Aviv, Non-U.S.",29,"2026-01-08",0.1800,Transportation,Series C,132.00,Israel,"2026-01-13"
Tailwind Labs,Oklahoma City,3,"2026-01-08",,Product,Unknown,,United States,"2026-01-13"
Angi,Indianapolis,350,"2026-01-07",,Consumer,Post-IPO,180.00,United States,"2026-01-13"
Multiverse,"London, Non-U.S.",55,"2026-01-05",,Education,Series D,414.00,United Kingdom,"2026-01-13"
Sapiens,"Tel Aviv, Non-U.S.",700,"2025-12-28",0.1500,Finance,Acquired,88.00,Israel,"2025-12-31"
Yellow.ai,SF Bay Area,100,"2025-12-23",0.3000,Support,Series C,102.00,United States,"2025-12-26"
Amazon,Seattle,84,"2025-12-15",,Retail,Post-IPO,8100.00,United States,"2025-12-19"
EyeEm,"Berlin, Non-U.S.",,"2025-12-11",1.0000,Other,Acquired,24.00,Germany,"2025-12-12"
Lusha,Boston,24,"2025-12-10",0.0800,Sales,Series B,245.00,United States,"2025-12-12"
Tenstorrent,"Toronto, Non-U.S.",80,"2025-12-09",0.0700,Hardware,Series D,1000.00,Canada,"2025-12-12"
Whatfix,"Bengaluru, Non-U.S.",60,"2025-12-09",0.0600,AI,Series E,265.00,India,"2026-02-07"
VSCO,SF Bay Area,24,"2025-12-09",,Consumer,Series B,90.00,United States,"2025-12-10"
GenWise,"New Delhi, Non-U.S.",,"2025-12-09",1.0000,Other,Seed,3.00,India,"2025-12-10"
Mobileye,"Jerusalem, Non-U.S.",200,"2025-12-08",0.0400,Transportation,Post-IPO,2100.00,Israel,"2025-12-08"
Payoneer,New York City,60,"2025-12-08",0.0600,Finance,Post-IPO,,United States,"2025-12-08"
Teads,New York City,180,"2025-12-04",0.1000,Marketing,Unknown,123.00,United States,"2025-12-10"
Cellebrite,"Tel Aviv, Non-U.S.",20,"2025-12-03",0.0100,Other,Post-IPO,410.00,Israel,"2025-12-08"
Aqua Security,"Tel Aviv, Non-U.S.",20,"2025-12-01",,Security,Series E,325.00,United States,"2025-12-02"
Inbound Health,Minneapolis,,"2025-12-01",1.0000,Healthcare,Series B,50.00,United States,"2025-12-02"
Junglee Games,"New Delhi, Non-U.S.",350,"2025-11-26",,Consumer,Seed,3.00,India,"2025-12-09"
HP,SF Bay Area,4000,"2025-11-25",,Hardware,Post-IPO,,United States,"2025-03-01"
ezCater,Boston,40,"2025-11-21",0.0400,Food,Series D,319.00,United States,"2025-11-23"
Monarch Tractor,SF Bay Area,102,"2025-11-19",,Other,Unknown,214.00,United States,"2025-11-23"
Pleo,"Copenhagen, Non-U.S.",100,"2025-11-19",0.1200,Finance,Series C,428.00,Denmark,"2025-11-23"
UKG,"Montevideo, Non-U.S.",300,"2025-11-18",,HR,Unknown,,Uruguay,"2025-11-23"
Culture Amp,"Melbourne, Non-U.S.",60,"2025-11-18",0.0600,HR,Series F,257.00,Australia,"2025-11-23"
Veson Nautical,Boston,,"2025-11-18",0.2000,Other,Private Equity,,United States,"2025-11-23"
Playtika,"Tel Aviv, Non-U.S.",700,"2025-11-17",0.2000,Consumer,Post-IPO,,Israel,"2025-11-23"
Pipe,SF Bay Area,200,"2025-11-16",0.5000,Finance,Series D,453.00,United States,"2025-11-17"
Flipkart,"Bengaluru, Non-U.S.",40,"2025-11-16",,Retail,Acquired,12900.00,India,"2025-11-17"
BharatAgri,"Mumbai, Non-U.S.",37,"2025-11-13",1.0000,Food,Series A,21.00,India,"2025-12-09"
Synopsys,SF Bay Area,2000,"2025-11-12",0.1000,Other,Post-IPO,,United States,"2025-11-14"
Deepwatch,Tampa Bay,80,"2025-11-12",0.3200,Security,Series C,256.00,United States,"2025-11-14"
GamesKraft,"Bengaluru, Non-U.S.",280,"2025-11-10",,Consumer,Unknown,,India,"2025-11-11"
FNZ,"London, Non-U.S.",,"2025-11-10",0.0300,Finance,Private Equity,3500.00,United Kingdom,"2026-06-16"
Sonder,SF Bay Area,,"2025-11-10",1.0000,Travel,Post-IPO,839.00,United States,"2025-11-10"
Axonius,New York City,100,"2025-11-06",0.1100,Security,Series E,865.00,United States,"2025-11-07"
MyBambu,Memphis,141,"2025-11-05",1.0000,Finance,Unknown,15.00,United States,"2025-11-07"
Hewlett Packard Enterprise,SF Bay Area,52,"2025-11-05",,Hardware,Post-IPO,1400.00,United States,"2025-11-07"
TripAdvisor,Boston,,"2025-11-05",0.2000,Travel,Post-IPO,3.00,United States,"2025-11-07"
Porter,"Bengaluru, Non-U.S.",350,"2025-11-04",0.1800,Logistics,Series F,357.00,India,"2025-11-07"
Personio,"Munich, Non-U.S.",165,"2025-10-29",0.1000,HR,Series E,724.00,Germany,"2025-10-31"
Amazon,Seattle,14000,"2025-10-27",0.0100,Retail,Post-IPO,8100.00,United States,"2025-10-28"
Chegg,SF Bay Area,388,"2025-10-27",0.4500,Education,Post-IPO,227.00,United States,"2025-10-28"
Lightricks,"Jerusalem, Non-U.S.",85,"2025-10-27",0.1500,Consumer,Series D,335.00,Israel,"2025-11-07"
Medtronic,"Jerusalem, Non-U.S.",60,"2025-10-27",,Healthcare,Post-IPO,5900.00,United States,"2025-12-08"
Hootsuite,"Vancouver, Non-U.S.",,"2025-10-27",0.2000,Marketing,Series C,300.00,Canada,"2025-10-28"
Robin AI,"London, Non-U.S.",,"2025-10-24",0.3300,Legal,Series B,68.00,United Kingdom,"2025-10-28"
Applied Material,SF Bay Area,1400,"2025-10-23",0.0400,Manufacturing,Post-IPO,2100.00,United States,"2025-10-25"
Rivian,Los Angeles,600,"2025-10-23",0.0400,Transportation,Post-IPO,10700.00,United States,"2025-10-25"
Kaseya,Miami,200,"2025-10-23",,Security,Private Equity,547.00,United States,"2026-01-13"
Altruist,SF Bay Area,50,"2025-10-23",0.1500,Finance,Series E,449.00,United States,"2025-10-25"
Meta,SF Bay Area,600,"2025-10-22",,Consumer,Post-IPO,26000.00,United States,"2025-10-22"
Ludeo,Los Angeles,25,"2025-10-20",0.5000,Consumer,Series A,42.00,United States,"2025-10-25"
Zepto,"Mumbai, Non-U.S.",300,"2025-10-18",0.0500,Retail,Series H,2600.00,India,"2025-12-02"
Broadcom,SF Bay Area,247,"2025-10-17",,Hardware,Post-IPO,,United States,"2025-11-11"
Tia,New York City,,"2025-10-17",0.2300,Healthcare,Series B,133.00,United States,"2025-10-25"
Bill.com,SF Bay Area,,"2025-10-15",0.0600,Finance,Post-IPO,280.00,United States,"2025-10-15"
Handshake,SF Bay Area,100,"2025-10-14",0.1500,Recruiting,Series F,434.00,United States,"2025-10-15"
Smartsheet,Seattle,120,"2025-10-02",,Other,Post-IPO,152.00,United States,"2025-10-06"
Google,SF Bay Area,50,"2025-10-02",,Consumer,Post-IPO,26.00,United States,"2025-10-06"
Paycom,Oklahoma City,500,"2025-10-01",,HR,Post-IPO,,United States,"2025-10-01"
Google,SF Bay Area,100,"2025-10-01",,Consumer,Post-IPO,26.00,United States,"2025-10-06"
Simpl,"Bengaluru, Non-U.S.",80,"2025-10-01",,Finance,Series B,72.00,India,"2025-10-01"
Just Eat,"Amsterdam, Non-U.S.",450,"2025-09-25",0.0500,Food,Acquired,129.00,Netherlands,"2025-09-29"
Yolo Group,"Tallinn, Non-U.S.",280,"2025-09-23",,Finance,Unknown,,Estonia,"2026-05-20"
GamesKraft,"Bengaluru, Non-U.S.",120,"2025-09-18",,Consumer,Unknown,,India,"2025-09-25"
ZipRecruiter,"Tel Aviv, Non-U.S.",80,"2025-09-16",,Recruiting,Post-IPO,769.00,United States,"2025-09-16"
Fiverr,"Tel Aviv, Non-U.S.",250,"2025-09-15",0.3000,Other,Post-IPO,111.00,Israel,"2025-09-16"
Hike,"New Delhi, Non-U.S.",,"2025-09-13",1.0000,Consumer,Unknown,261.00,India,"2025-09-15"
xAI,SF Bay Area,500,"2025-09-12",,AI,Unknown,22700.00,United States,"2025-09-15"
Zupee,"New Delhi, Non-U.S.",170,"2025-09-11",0.3000,Consumer,Series B,121.00,India,"2025-09-15"
Atlassian,"Sydney, Non-U.S.",200,"2025-09-10",,Other,Post-IPO,210.00,Australia,"2025-09-18"
Verbit,New York City,22,"2025-09-10",,Data,Series E,569.00,United States,"2025-12-08"
Microsoft,Seattle,42,"2025-09-08",,Other,Post-IPO,1.00,United States,"2025-09-08"
Rivian,Los Angeles,200,"2025-09-05",0.0100,Transportation,Post-IPO,10700.00,United States,"2025-09-08"
Head Digital Works,"Hyderabad, Non-U.S.",500,"2025-09-04",,Consumer,Private Equity,74.00,India,"2025-09-08"
Salesforce,SF Bay Area,262,"2025-09-04",,Sales,Post-IPO,65.00,United States,"2025-09-08"
Oracle,SF Bay Area,254,"2025-09-04",,Other,Post-IPO,,United States,"2025-09-08"
GupShup,SF Bay Area,100,"2025-09-04",,Other,Series F,484.00,India,"2025-09-08"
Bobble AI,"New Delhi, Non-U.S.",50,"2025-09-04",,Consumer,Unknown,59.00,India,"2025-09-08"
Oracle,Seattle,101,"2025-09-03",,Other,Post-IPO,,United States,"2025-09-08"
Salesforce,Seattle,93,"2025-09-03",,Sales,Post-IPO,65.00,United States,"2025-09-08"
Salesforce,"Dublin, Non-U.S.",30,"2025-09-03",,Sales,Post-IPO,65.00,United States,"2025-09-08"
The Gist,"Tel Aviv, Non-U.S.",,"2025-09-03",1.0000,Other,Seed,7.00,Israel,"2025-09-08"
theGist,"Tel Aviv, Non-U.S.",,"2025-09-03",1.0000,Other,Seed,7.00,Israel,"2025-12-08"
Vimeo,New York City,,"2025-09-03",0.1000,Consumer,Post-IPO,450.00,United States,"2025-09-08"
Games 24x7,"Mumbai, Non-U.S.",400,"2025-09-01",,Consumer,Unknown,75.00,India,"2025-09-02"
Mobile Premier League,"Bengaluru, Non-U.S.",300,"2025-09-01",,Consumer,Series E,375.00,India,"2025-09-02"
Krutrim,"Bengaluru, Non-U.S.",50,"2025-09-01",,AI,Unknown,304.00,India,"2025-09-02"
Salesforce,SF Bay Area,4000,"2025-08-31",,Sales,Post-IPO,65.00,United States,"2025-09-02"
Flip,SF Bay Area,,"2025-08-29",1.0000,Consumer,Series C,294.00,United States,"2025-08-30"
Rec Room,Seattle,141,"2025-08-27",,Consumer,Series F,294.00,United States,"2025-08-30"
BeepKart,"Bengaluru, Non-U.S.",150,"2025-08-23",1.0000,Retail,Series A,19.00,India,"2025-08-23"
Cisco,SF Bay Area,221,"2025-08-19",,Infrastructure,Post-IPO,2.00,United States,"2025-08-23"
Oracle,SF Bay Area,101,"2025-08-19",,Other,Post-IPO,,United States,"2025-08-23"
Kyte,SF Bay Area,,"2025-08-15",1.0000,Transportation,Unknown,548.00,United States,"2025-08-18"
Restaurant365,Los Angeles,100,"2025-08-14",0.0900,Food,Series C,127.00,United States,"2025-08-18"
Oracle,SF Bay Area,289,"2025-08-13",,Other,Post-IPO,,United States,"2025-09-08"
Oracle,SF Bay Area,188,"2025-08-13",,Other,Post-IPO,,United States,"2025-08-18"
Oracle,Seattle,161,"2025-08-13",,Other,Post-IPO,,United States,"2025-08-18"
F5,Seattle,106,"2025-08-13",0.0200,Security,Post-IPO,,United States,"2025-08-18"
Micron,Boise,300,"2025-08-12",,Hardware,Post-IPO,50.00,United States,"2025-11-11"
BenchSci,"Toronto, Non-U.S.",83,"2025-08-12",0.2300,Healthcare,Series D,164.00,Canada,"2025-08-23"
Kaltura,New York City,70,"2025-08-07",0.1000,Media,Post-IPO,166.00,United States,"2025-08-10"
Nextdoor,SF Bay Area,67,"2025-08-07",0.1200,Consumer,Post-IPO,736.00,United States,"2025-08-18"
Peloton,New York City,,"2025-08-07",0.0600,Fitness,Post-IPO,1900.00,United States,"2025-08-10"
Yotpo,New York City,200,"2025-08-05",0.3400,Marketing,Unknown,436.00,United States,"2025-08-05"
Windsurf,SF Bay Area,30,"2025-08-05",,AI,Acquired,243.00,United States,"2025-08-10"
Wondery,Los Angeles,100,"2025-08-04",,Media,Acquired,15.00,United States,"2025-08-05"
Clear,"Bengaluru, Non-U.S.",145,"2025-08-01",0.1600,Finance,Series C,140.00,India,"2025-08-05"
Atlassian,"Sydney, Non-U.S.",150,"2025-07-30",,Other,Post-IPO,210.00,Australia,"2025-07-30"
Astra,"Bengaluru, Non-U.S.",106,"2025-07-28",1.0000,Sales,Unknown,,India,"2025-08-05"
Krutrim,"Bengaluru, Non-U.S.",100,"2025-07-28",,AI,Unknown,304.00,India,"2025-07-30"
Eyeo,"Cologne, Non-U.S.",,"2025-07-28",0.4000,,Unknown,,Germany,"2025-07-30"
Ohm Mobility,Bengaluru,,"2025-07-24",1.0000,Transportation,Seed,,India,"2025-07-26"
PlaxidityX,"Tel Aviv, Non-U.S.",65,"2025-07-23",0.3600,Security,Acquired,25.00,Israel,"2025-12-08"
ConsenSys,New York City,47,"2025-07-22",0.0700,Crypto,Series D,726.00,United States,"2025-07-22"
Zeen,SF Bay Area,,"2025-07-21",1.0000,Consumer,Unknown,9.00,United States,"2025-07-22"
Rocket Companies,Detroit,,"2025-07-18",0.0200,Real Estate,Post-IPO,5200.00,United States,"2025-07-22"
TytoCare,New York City,35,"2025-07-17",0.2200,Healthcare,Series E,206.00,United States,"2025-10-06"
Amicole,New York City,,"2025-07-17",1.0000,Retail,Seed,5.00,United States,"2025-07-18"
CodeParrot,"Bengaluru, Non-U.S.",,"2025-07-17",1.0000,Product,Seed,,India,"2025-07-18"
Scale AI,SF Bay Area,200,"2025-07-16",0.1400,Data,Series E,602.00,United States,"2025-07-17"
Lenovo,Raleigh,100,"2025-07-16",0.0300,Hardware,Post-IPO,850.00,United States,"2025-07-18"
Jamf,Minneapolis,166,"2025-07-15",0.0600,Other,Post-IPO,332.00,United States,"2025-07-15"
King.com,"Stockholm, Non-U.S.",200,"2025-07-14",,Consumer,Acquired,84.00,Sweden,"2025-07-17"
Blip,"Bengaluru, Non-U.S.",,"2025-07-12",1.0000,Retail,Unknown,,India,"2025-07-15"
Intel,Sacramento,5000,"2025-07-11",,Hardware,Post-IPO,12.00,United States,"2025-07-17"
Indeed + Glassdoor,Austin,1300,"2025-07-10",,HR,Acquired,5.00,United States,"2025-07-10"
Augury,New York City,60,"2025-07-10",0.1800,Manufacturing,Series E,274.00,United States,"2025-12-08"
Eigen Labs,Seattle,29,"2025-07-08",0.2500,Crypto,Unknown,234.00,United States,"2025-07-11"
Nayax,"Tel Aviv, Non-U.S.",70,"2025-07-07",0.0600,Finance,Post-IPO,245.00,Israel,"2025-12-08"
Subtl AI,"Hyderabad, Non-U.S.",,"2025-07-03",1.0000,AI,Seed,,India,"2025-07-07"
Microsoft,Seattle,9000,"2025-07-02",0.0400,Other,Post-IPO,1.00,United States,"2025-07-02"
Retrain.ai,New York City,20,"2025-07-02",1.0000,HR,Unknown,34.00,Israel,"2025-12-08"
Okra,"Lagos, Non-U.S.",,"2025-07-02",1.0000,Finance,Series A,12.00,Nigeria,"2025-07-07"
TomTom,"Amsterdam, Non-U.S.",300,"2025-06-30",0.1000,Other,Post-IPO,430.00,Netherlands,"2025-07-07"
Rivian,Los Angeles,140,"2025-06-26",0.0100,Transportation,Post-IPO,10700.00,United States,"2025-06-27"
Bumble,Austin,240,"2025-06-25",0.3000,Consumer,Post-IPO,313.00,United States,"2025-06-25"
Klue,"Vancouver, Non-U.S.",85,"2025-06-25",0.4000,Sales,Series B,83.00,Canada,"2025-06-25"
Google,SF Bay Area,75,"2025-06-24",,Consumer,Post-IPO,26.00,United States,"2025-06-25"
Pluralsight,Salt Lake City,,"2025-06-24",0.1700,Education,Acquired,192.00,United States,"2025-06-27"
Khoros,Austin,116,"2025-06-20",,Sales,Private Equity,138.00,United States,"2025-06-20"
Sabi,"Lagos, Non-U.S.",50,"2025-06-19",0.2000,Retail,Series B,66.00,Nigeria,"2025-06-21"
Salto,"Tel Aviv, Non-U.S.",30,"2025-06-10",0.5000,Other,Series B,69.00,Israel,"2025-06-12"
ZoomInfo,"Vancouver, Non-U.S.",150,"2025-06-09",0.0400,Sales,Post-IPO,7.00,Canada,"2025-06-10"
Playtika,"Tel Aviv, Non-U.S.",90,"2025-06-05",,Consumer,Post-IPO,,Israel,"2025-06-10"
Airtime,New York City,25,"2025-06-04",0.4300,Consumer,Series B,33.00,United States,"2025-06-05"
Microsoft,Seattle,305,"2025-06-02",0.0300,Other,Post-IPO,1.00,United States,"2025-06-05"
Hims & Hers,SF Bay Area,68,"2025-05-30",0.0400,Healthcare,Post-IPO,1200.00,United States,"2025-06-05"
Business Insider,New York City,,"2025-05-29",0.2000,Media,Acquired,56.00,United States,"2025-06-01"
eBay,"Tel Aviv, Non-U.S.",200,"2025-05-28",,Retail,Post-IPO,1200.00,Israel,"2025-06-01"
Cars24,"Gurugram, Non-U.S.",120,"2025-05-27",,Transportation,Series G,1300.00,India,"2025-05-28"
nCino,Wilmington,,"2025-05-27",0.0700,Finance,Post-IPO,1100.00,United States,"2025-05-28"
Otipy,"New Delhi, Non-U.S.",300,"2025-05-23",1.0000,Food,Series B,44.00,India,"2025-05-26"
LeddarTech,"Quebec, Non-U.S.",138,"2025-05-22",0.9500,Transportation,Post-IPO,402.00,Canada,"2025-05-22"
Climeworks,"Zurich, Non-U.S.",106,"2025-05-21",0.2200,Energy,Private Equity,734.00,Switzerland,"2025-05-22"
Builder.ai,"London, Non-U.S.",,"2025-05-20",1.0000,AI,Series D,445.00,United Kingdom,"2025-05-22"
Blink Charging,Baltimore,,"2025-05-19",0.2000,Other,Post-IPO,110.00,United States,"2025-05-22"
VerSe Innovation copy,"Bengaluru, Non-U.S.",350,"2025-05-18",,Media,Series J,1700.00,India,"2025-05-22"
GroundGame Health,Tampa Bay,97,"2025-05-15",,Healthcare,Series A,17.00,United States,"2025-05-16"
Noogata,"Tel Aviv, Non-U.S.",10,"2025-05-15",1.0000,AI,Series A,28.00,Israel,"2025-05-16"
Amazon,Seattle,100,"2025-05-14",,Retail,Post-IPO,8100.00,United States,"2025-05-16"
Microsoft,Seattle,6000,"2025-05-13",0.0300,Other,Post-IPO,1.00,United States,"2025-05-13"
Chegg,SF Bay Area,248,"2025-05-12",0.2200,Education,Post-IPO,227.00,United States,"2025-05-12"
Match Group,New York City,325,"2025-05-08",0.1300,Consumer,Post-IPO,,United States,"2025-05-09"
CrowdStrike,SF Bay Area,500,"2025-05-07",0.0500,Security,Post-IPO,1200.00,United States,"2025-05-07"
Games 24x7,"Mumbai, Non-U.S.",180,"2025-05-07",,Consumer,Unknown,75.00,India,"2025-09-02"
OpenText,"Waterloo, Non-U.S.",1600,"2025-05-06",,Data,Post-IPO,1100.00,Canada,"2025-05-16"
GenWise,"New Delhi, Non-U.S.",15,"2025-05-05",0.2000,Other,Seed,3.00,India,"2025-05-05"
General Fusion,"Vancouver, Non-U.S.",,"2025-05-05",0.2500,Energy,Unknown,370.00,Canada,"2025-05-05"
Deep Instinct,"Tel Aviv, Non-U.S.",20,"2025-05-04",0.1000,Security,Unknown,322.00,Israel,"2025-05-05"
Log 9 Materials,"Bengaluru, Non-U.S.",,"2025-05-02",1.0000,Manufacturing,Series B,32.00,India,"2025-05-03"
Beam,"Bristol, Non-U.S.",200,"2025-05-01",1.0000,Other,Unknown,,United Kingdom,"2025-05-03"
NetApp,SF Bay Area,700,"2025-04-30",0.0600,Data,Post-IPO,,United States,"2025-05-03"
Electronic Arts,SF Bay Area,300,"2025-04-29",,Consumer,Post-IPO,2.00,United States,"2025-05-03"
Stem,SF Bay Area,,"2025-04-29",0.2700,Energy,Post-IPO,583.00,United States,"2025-05-03"
Expedia,Seattle,,"2025-04-28",0.0300,Travel,Post-IPO,3300.00,United States,"2025-05-03"
Tomorrow,Seattle,,"2025-04-28",1.0000,Hardware,Unknown,,United States,"2025-05-03"
Cars24,"Gurugram, Non-U.S.",200,"2025-04-26",,Transportation,Series G,1300.00,India,"2025-04-29"
Cars24,"Gurugram, Non-U.S.",200,"2025-04-26",,Transportation,Series G,1300.00,India,"2025-12-09"
SambaNova,SF Bay Area,77,"2025-04-25",0.1500,AI,Series D,1100.00,United States,"2025-05-03"
Meta,SF Bay Area,100,"2025-04-24",,Consumer,Post-IPO,26000.00,United States,"2025-04-29"
Katana,"Tallinn, Non-U.S.",75,"2025-04-24",,Other,Series B,67.00,Estonia,"2026-05-20"
Intel,Sacramento,22000,"2025-04-23",0.2000,Hardware,Post-IPO,12.00,United States,"2025-04-23"
Zopper,"Noida, Non-U.S.",100,"2025-04-17",,Finance,Series D,125.00,India,"2025-04-18"
Turo,SF Bay Area,150,"2025-04-16",0.1700,Transportation,Series E,467.00,United States,"2025-04-16"
AppLovin,SF Bay Area,97,"2025-04-16",,Marketing,Post-IPO,1600.00,United States,"2025-04-19"
Smashing,SF Bay Area,7,"2025-04-16",1.0000,Consumer,Seed,3.00,United States,"2025-04-18"
GupShup,SF Bay Area,200,"2025-04-15",,Other,Series F,484.00,India,"2025-04-16"
Forto,"Berlin, Non-U.S.",200,"2025-04-12",,Logistics,Series D,593.00,Germany,"2025-04-16"
Marin Software,SF Bay Area,,"2025-04-10",1.0000,Marketing,Post-IPO,99.00,United States,"2025-04-16"
Wing Cloud,"Tel Aviv, Non-U.S.",,"2025-04-09",1.0000,Infrastructure,Seed,,Israel,"2025-04-16"
Coho AI,"Tel Aviv, Non-U.S.",,"2025-04-06",1.0000,Sales,Seed,8.00,Israel,"2025-04-16"
Five9,SF Bay Area,123,"2025-04-03",0.0400,Support,Post-IPO,862.00,United States,"2025-04-16"
Automattic,SF Bay Area,281,"2025-04-02",0.1600,Other,Series E,986.00,United States,"2025-04-02"
Canva,"Sydney, Non-U.S.",10,"2025-04-02",,Consumer,Unknown,2500.00,Australia,"2025-04-02"
WhyHive,"Melbourne, Non-U.S.",,"2025-04-02",1.0000,Data,Seed,,Australia,"2025-04-06"
Zomato,"Gurugram, Non-U.S.",600,"2025-04-01",,Food,Series J,914.00,India,"2025-12-09"
Northvolt,"Stockholm, Non-U.S.",2800,"2025-03-31",0.6200,Energy,Unknown,13800.00,Sweden,"2025-04-01"
Palantir,Denver,120,"2025-03-27",,Data,Post-IPO,3000.00,United States,"2025-04-01"
Block,SF Bay Area,931,"2025-03-25",0.0800,Finance,Post-IPO,150.00,United States,"2025-03-26"
Niantic,SF Bay Area,68,"2025-03-25",,Other,Series D,770.00,United States,"2025-03-27"
Prefect,Washington D.C.,20,"2025-03-25",,Data,Series B,47.00,United States,"2025-03-27"
Brightcove,Boston,198,"2025-03-19",0.3300,Marketing,Acquired,145.00,United States,"2025-03-21"
Acxiom,Little Rock,130,"2025-03-19",0.0300,Marketing,Post-IPO,,United States,"2025-03-21"
HelloFresh,SF Bay Area,273,"2025-03-17",,Food,Post-IPO,367.00,United States,"2025-03-18"
Otorio,"Tel Aviv, Non-U.S.",45,"2025-03-17",0.5600,Security,Acquired,,Israel,"2025-03-18"
ActiveFence,New York City,22,"2025-03-13",0.0700,Security,Series B,100.00,United States,"2025-03-14"
D-ID,"Tel Aviv, Non-U.S.",22,"2025-03-10",0.2500,AI,Series B,48.00,Israel,"2025-03-12"
Arrival,"London, Non-U.S.",,"2025-03-10",1.0000,Transportation,Post-IPO,629.00,United Kingdom,"2025-03-12"
Wayfair ,Boston,340,"2025-03-07",,Retail,Post-IPO,1700.00,Germany,"2025-03-07"
Welltech,"Limassol, Non-U.S.",80,"2025-03-07",0.1000,Fitness,Unknown,,Cyprus,"2026-05-07"
Hewlett Packard Enterprise,SF Bay Area,2500,"2025-03-06",0.0500,Hardware,Post-IPO,1400.00,United States,"2025-03-07"
TikTok,"Dublin, Non-U.S.",300,"2025-03-06",,Consumer,Acquired,,Ireland,"2025-03-07"
LiveRamp,SF Bay Area,65,"2025-03-05",0.0500,Marketing,Post-IPO,16.00,United States,"2025-03-07"
Ola Electric,"Bengaluru, Non-U.S.",1000,"2025-03-03",,Transportation,Post-IPO,1700.00,India,"2025-03-05"
Rec Room,Seattle,,"2025-03-03",0.1600,Consumer,Series F,294.00,United States,"2025-03-05"
ANS Commerce,"Gurugram, Non-U.S.",,"2025-03-02",1.0000,Retail,Acquired,2.00,India,"2025-03-03"
HP,SF Bay Area,4000,"2025-02-28",0.1000,Hardware,Post-IPO,,United States,"2025-11-27"
Grubhub,SF Bay Area,500,"2025-02-28",0.2300,Food,Acquired,284.00,United States,"2025-03-01"
Autodesk,SF Bay Area,1350,"2025-02-27",0.0900,Other,Post-IPO,,United States,"2025-02-28"
Digimarc,Portland,90,"2025-02-27",0.4000,Other,Post-IPO,105.00,United States,"2025-03-05"
Flywire,Boston,125,"2025-02-26",,Finance,Series E,263.00,United States,"2025-03-01"
eBay,"Tel Aviv, Non-U.S.",20,"2025-02-26",,Retail,Post-IPO,1200.00,Israel,"2025-02-28"
Commercetools,"Munich, Non-U.S.",,"2025-02-26",0.1000,Retail,Series C,119.00,Germany,"2025-02-28"
Dayforce,"Toronto, Non-U.S.",,"2025-02-26",0.0500,HR,Post-IPO,40.00,Canada,"2025-02-28"
Skybox Security,SF Bay Area,300,"2025-02-24",1.0000,Security,Private Equity,335.00,United States,"2025-02-26"
HerMD,Cincinnati,,"2025-02-24",1.0000,Healthcare,Series A,28.00,United States,"2025-02-26"
Ibotta,Denver,70,"2025-02-22",0.0800,Retail,Post-IPO,93.00,United States,"2025-02-24"
Zendesk,SF Bay Area,51,"2025-02-21",,Support,Acquired,85.00,United States,"2025-02-21"
Electriq Global,"Tel Aviv, Non-U.S.",,"2025-02-21",1.0000,Energy,Unknown,8.00,Israel,"2025-02-26"
SeatGeek,New York City,150,"2025-02-20",0.1500,Consumer,Series E,400.00,United States,"2025-02-21"
Vendease,"Lagos, Non-U.S.",120,"2025-02-19",0.4400,Food,Series A,43.00,Nigeria,"2025-02-21"
Logically,"Manchester, Non-U.S.",40,"2025-02-17",0.2000,AI,Series A,37.00,United Kingdom,"2025-02-18"
Blue Origin,Seattle,1000,"2025-02-13",0.1000,Aerospace,Unknown,167.00,United States,"2025-02-15"
Metro Africa Xpress,"Lagos, Non-U.S.",150,"2025-02-13",,Logistics,Unknown,64.00,Nigeria,"2025-03-28"
Sophos,"Oxford, Non-U.S.",,"2025-02-13",0.0600,Security,Acquired,125.00,United Kingdom,"2025-02-13"
Redfin,Seattle,450,"2025-02-12",,Real Estate,Post-IPO,320.00,United States,"2025-02-18"
Zepz,"London, Non-U.S.",200,"2025-02-12",0.2000,Finance,Series E,700.00,United Kingdom,"2025-02-12"
Meta,SF Bay Area,3600,"2025-02-10",0.0500,Consumer,Post-IPO,26000.00,United States,"2025-01-16"
Wise,Tampa Bay,300,"2025-02-10",,Finance,Post-IPO,300.00,United States,"2025-02-26"
Justworks,New York City,200,"2025-02-10",,HR,Unknown,160.00,United States,"2025-02-11"
MessageBird,"Amsterdam, Non-U.S.",120,"2025-02-10",0.3300,Other,Series C,1100.00,Netherlands,"2025-02-11"
Sprinklr,New York City,500,"2025-02-06",0.1500,Support,Post-IPO,429.00,United States,"2025-02-08"
NanoLock,"Tel Aviv, Non-U.S.",,"2025-02-06",1.0000,Security,Series B,18.00,Israel,"2025-02-26"
Refurbed,"Vienna, Non-U.S.",,"2025-02-06",0.2000,Retail,Series C,191.00,Austria,"2026-05-15"
Workday,SF Bay Area,1750,"2025-02-05",0.0800,HR,Post-IPO,230.00,United States,"2025-02-05"
Gemini,New York City,200,"2025-02-05",,Crypto,Unknown,423.00,United States,"2026-02-06"
Outbrain,New York City,200,"2025-02-05",,Marketing,Post-IPO,394.00,United States,"2025-02-05"
Sonos,Santa Barbara,200,"2025-02-05",0.1200,Consumer,Post-IPO,455.20,United States,"2025-02-05"
SRTX,"Montreal, Non-U.S.",140,"2025-02-05",,Manufacturing,Unknown,151.00,Canada,"2025-02-05"
Tabnine,"Tel Aviv, Non-U.S.",15,"2025-02-05",0.1800,AI,Series B,57.00,Israel,"2025-02-06"
Hugging Face,New York City,10,"2025-02-05",0.0400,AI,Series D,395.00,United States,"2025-02-06"
Cruise,SF Bay Area,1000,"2025-02-04",0.5000,Transportation,Acquired,15000.00,United States,"2025-02-04"
Okta,SF Bay Area,180,"2025-02-04",0.0300,Security,Post-IPO,1200.00,United States,"2025-02-04"
AppsFlyer,SF Bay Area,100,"2025-02-04",0.0700,Data,Unknown,293.00,United States,"2025-02-04"
Asana,SF Bay Area,100,"2025-02-04",,Other,Post-IPO,453.00,United States,"2025-02-05"
TripAdvisor,Boston,75,"2025-02-04",,Travel,Post-IPO,3.00,United States,"2025-02-05"
Intel,Sacramento,58,"2025-02-04",,Hardware,Post-IPO,12.00,United States,"2025-02-21"
Innoviz,"Tel Aviv, Non-U.S.",40,"2025-02-04",0.0900,Transportation,Post-IPO,547.00,Israel,"2025-12-08"
Salesforce,SF Bay Area,1000,"2025-02-03",0.0100,Sales,Post-IPO,65.00,United States,"2025-02-04"
Sure,New York City,70,"2025-02-03",,Finance,Series C,123.00,United States,"2025-02-05"
Cushion,SF Bay Area,,"2025-01-30",1.0000,Finance,Series A,20.00,United States,"2025-02-02"
Placer.ai,SF Bay Area,150,"2025-01-29",0.1800,Data,Unknown,267.00,United States,"2025-01-30"
Digital River,Minneapolis,122,"2025-01-28",,Retail,Private Equity,50.00,United States,"2025-02-02"
Aurora Labs,"Tel Aviv, Non-U.S.",45,"2025-01-27",0.6000,Transportation,Series C,97.00,Israel,"2025-12-08"
Stripe,SF Bay Area,300,"2025-01-21",0.0300,Finance,Series I,8700.00,United States,"2025-01-21"
Unbabel,"Lisbon, Non-U.S.",66,"2025-01-20",0.2500,Support,Series C,91.00,Portugal,"2025-01-29"
Chrono24,"Karlsruhe, Non-U.S.",110,"2025-01-16",0.2400,Retail,Series C,205.00,Germany,"2025-01-17"
Pocket FM,"Bengaluru, Non-U.S.",75,"2025-01-16",,Media,Series D,212.00,India,"2025-01-21"
Aurora Solar,SF Bay Area,58,"2025-01-16",,Energy,Series D,523.00,United States,"2025-01-17"
HeyJobs,"Berlin, Non-U.S.",90,"2025-01-15",,Recruiting,Series B,62.00,Germany,"2025-02-02"
AppLovin,SF Bay Area,89,"2025-01-15",,Marketing,Post-IPO,1600.00,United States,"2025-04-19"
ShareChat,"Bengaluru, Non-U.S.",27,"2025-01-15",0.0500,Marketing,Series D,222.00,India,"2025-01-16"
Textio,Seattle,15,"2025-01-15",,Recruiting,Unknown,42.00,United States,"2025-01-17"
Advisor Credit Exchange,Philadelphia,,"2025-01-14",1.0000,Finance,Unknown,31.00,United States,"2025-01-15"
Alza,New York City,,"2025-01-13",1.0000,Finance,Seed,7.00,United States,"2025-01-15"
Boozt,"Malmo, Non-U.S.",,"2025-01-13",0.1000,Retail,Post-IPO,56.00,Sweden,"2025-02-02"
Wayfair,"Berlin, Non-U.S.",730,"2025-01-10",0.0300,Retail,Post-IPO,1700.00,Germany,"2025-01-12"
Pandion,Seattle,63,"2025-01-10",1.0000,Logistics,Series B,76.00,United States,"2025-01-12"
Icon,Austin,114,"2025-01-09",,Construction,Series B,451.00,United States,"2025-01-12"
Redfin,Seattle,46,"2025-01-09",,Real Estate,Post-IPO,320.00,United States,"2025-01-15"
Altruist,SF Bay Area,37,"2025-01-07",0.1000,Finance,Series E,449.00,United States,"2025-01-08"
SolarEdge,"Tel Aviv, Non-U.S.",400,"2025-01-06",,Energy,Post-IPO,155.00,Israel,"2025-01-08"
Level,New York City,,"2025-01-02",1.0000,Finance,Series B,27.00,United States,"2025-01-04"
GupShup,SF Bay Area,300,"2024-12-31",,Other,Series F,484.00,India,"2025-04-16"
Brave Care,Portland,,"2024-12-31",1.0000,Healthcare,Series B,43.00,United States,"2025-01-04"
Epicery,"Paris, Non-U.S.",,"2024-12-31",1.0000,Food,Acquired,7.00,France,"2025-01-04"
Bench,"Vancouver, Non-U.S.",450,"2024-12-27",1.0000,Finance,Series C,109.00,Canada,"2024-12-28"
Lilium,"Munich, Non-U.S.",1000,"2024-12-23",1.0000,Aerospace,Post-IPO,1400.00,Germany,"2024-12-28"
BionicHIVE,"Sderot, Non-U.S.",,"2024-12-22",1.0000,Hardware,Unknown,,Israel,"2024-12-28"
Thrive,"Mumbai, Non-U.S.",,"2024-12-14",1.0000,Food,Series A,,India,"2024-12-18"
Cint,"Stockholm, Non-U.S.",,"2024-12-12",0.1200,Data,Post-IPO,17.00,Sweden,"2025-02-08"
Foundry,Rochester,74,"2024-12-11",0.2700,Crypto,Subsidiary,,United States,"2024-12-13"
Calendly,Atlanta,70,"2024-12-11",0.1300,Other,Series B,351.00,United States,"2024-12-13"
Canoo,Los Angeles,20,"2024-12-11",,Transportation,Post-IPO,300.00,United States,"2024-12-13"
OfferUp,Seattle,,"2024-12-11",0.2200,Retail,Unknown,381.00,United States,"2024-12-13"
Bluevine,"Tel Aviv, Non-U.S.",100,"2024-12-10",0.1800,Finance,Unknown,769.00,Israel,"2024-12-11"
EasyKnock,New York City,,"2024-12-09",1.0000,Real Estate,Series D,440.00,United States,"2024-12-11"
Carousell,"Singapore, Non-U.S.",76,"2024-12-06",0.0700,Retail,Unknown,375.00,Singapore,"2024-12-07"
Mixtroz,Birmingham,,"2024-12-06",1.0000,Other,Seed,2.00,United States,"2024-12-11"
Circle,Boston,50,"2024-12-05",0.0600,Crypto,Private Equity,1100.00,United States,"2024-12-07"
Stash,New York City,88,"2024-12-04",0.4000,Finance,Unknown,480.00,United States,"2024-12-07"
Booking Holdings,Norwalk,60,"2024-12-04",,Travel,Post-IPO,2800.00,United States,"2024-12-07"
Skai,"Tel Aviv, Non-U.S.",80,"2024-12-03",0.1400,Marketing,Series E,60.00,Israel,"2024-12-11"
Lightspeed Commerce,"Montreal, Non-U.S.",200,"2024-12-02",,Retail,Post-IPO,1200.00,Canada,"2024-12-03"
Kobo360,"Lagos, Non-U.S.",30,"2024-11-30",,Logistics,Series B,85.00,Nigeria,"2025-01-21"
Klub,"Bengaluru, Non-U.S.",60,"2024-11-29",,Finance,Unknown,35.00,India,"2024-12-01"
SolarEdge,"Tel Aviv, Non-U.S.",500,"2024-11-27",0.1200,Energy,Post-IPO,155.00,Israel,"2025-01-08"
AlphaSense,New York City,150,"2024-11-27",0.0800,Other,Series F,1400.00,United States,"2024-11-28"
Ola Electric,"Bengaluru, Non-U.S.",500,"2024-11-22",,Transportation,Post-IPO,1700.00,India,"2024-11-24"
Adjust,"Berlin, Non-U.S.",304,"2024-11-22",,Marketing,Acquired,256.00,Germany,"2024-11-24"
LinkedIn,SF Bay Area,202,"2024-11-21",0.0100,Recruiting,Acquired,154.00,United States,"2024-11-24"
Headspace,Los Angeles,,"2024-11-20",0.1300,Healthcare,Unknown,216.00,United States,"2024-11-28"
TrueLayer,"London, Non-U.S.",71,"2024-11-15",0.2500,Finance,Series E,321.00,United Kingdom,"2024-11-21"
Better Collective,"Copenhagen, Non-U.S.",300,"2024-11-14",,Other,Unknown,,Denmark,"2025-02-18"
Kuku FM,"Mumbai, Non-U.S.",80,"2024-11-14",,Media,Series C,71.00,India,"2024-11-15"
AMD,SF Bay Area,1000,"2024-11-13",0.0400,Hardware,Post-IPO,,United States,"2024-11-13"
AppLovin,SF Bay Area,120,"2024-11-13",,Marketing,Post-IPO,1600.00,United States,"2024-11-16"
Chegg,SF Bay Area,319,"2024-11-12",0.2100,Education,Post-IPO,227.00,United States,"2024-11-13"
Forward,SF Bay Area,200,"2024-11-12",1.0000,Healthcare,Series E,325.00,United States,"2024-11-13"
Lyra Health,SF Bay Area,77,"2024-11-12",0.0200,Healthcare,Series F,910.00,United States,"2024-11-21"
Stoa,"Bengaluru, Non-U.S.",,"2024-11-12",1.0000,Education,Seed,,India,"2024-11-14"
Enphase Energy,SF Bay Area,500,"2024-11-11",0.1700,Energy,Post-IPO,116.00,United States,"2024-11-12"
"23andMe",SF Bay Area,200,"2024-11-11",0.4000,Healthcare,Post-IPO,1100.00,United States,"2024-11-12"
Sword Health,New York City,13,"2024-11-11",,Healthcare,Unknown,450.00,United States,"2024-11-12"
Monarch Tractor,SF Bay Area,35,"2024-11-08",0.1000,Other,Unknown,214.00,United States,"2024-11-09"
Exosonic,Los Angeles,,"2024-11-08",1.0000,Aerospace,Seed,4.00,United States,"2024-11-09"
Freshworks,SF Bay Area,660,"2024-11-07",0.1300,Support,Post-IPO,484.00,United States,"2024-11-07"
Just Eat,"Amsterdam, Non-U.S.",300,"2024-11-07",0.0200,Food,Acquired,129.00,Netherlands,"2024-11-08"
Opendoor,SF Bay Area,300,"2024-11-07",0.1700,Real Estate,Post-IPO,1900.00,United States,"2024-11-08"
Akamai,Boston,250,"2024-11-07",0.0200,Security,Post-IPO,35.00,United States,"2024-11-08"
ShareFile,Raleigh,199,"2024-11-07",,Other,Acquired,,United States,"2024-11-08"
Personio,"Munich, Non-U.S.",115,"2024-11-07",0.0600,HR,Series E,724.00,Germany,"2024-11-07"
iRobot,Boston,105,"2024-11-06",0.1600,Consumer,Post-IPO,30.00,United States,"2024-11-07"
Outreach,Seattle,67,"2024-11-06",0.0900,Sales,Series G,489.00,United States,"2024-11-07"
Mozilla Foundation,SF Bay Area,,"2024-11-05",0.3000,Consumer,Subsidiary,2.30,United States,"2024-11-06"
Incredibuild,"Tel Aviv, Non-U.S.",18,"2024-11-04",0.1100,Product,Acquired,35.00,Israel,"2024-11-06"
Atera,"Tel Aviv, Non-U.S.",20,"2024-11-03",0.0600,Other,Series B,102.00,Israel,"2024-11-04"
Maven Clinic,New York City,60,"2024-11-01",0.1000,Healthcare,Series F,417.00,United States,"2024-11-02"
Bowery Farming,New York City,,"2024-11-01",1.0000,Food,Unknown,626.00,United States,"2024-11-02"
Dropbox,SF Bay Area,527,"2024-10-30",0.2000,Other,Post-IPO,1700.00,United States,"2024-10-30"
Kraken,SF Bay Area,400,"2024-10-30",0.1500,Crypto,Unknown,134.00,United States,"2024-10-31"
Miro,SF Bay Area,275,"2024-10-30",0.1800,Other,Series C,476.00,United States,"2024-10-30"
ConsenSys,New York City,163,"2024-10-29",0.2000,Crypto,Series D,726.00,United States,"2024-10-30"
F5,Seattle,100,"2024-10-29",0.0200,Security,Post-IPO,,United States,"2024-10-30"
Docker,SF Bay Area,,"2024-10-29",0.1000,Infrastructure,Series C,436.00,United States,"2024-10-30"
dYdX,SF Bay Area,,"2024-10-29",0.3500,Crypto,Series C,87.00,United States,"2024-10-30"
Coursera,SF Bay Area,150,"2024-10-25",0.1000,Education,Post-IPO,458.00,United States,"2024-10-31"
Kyte,SF Bay Area,,"2024-10-25",0.4000,Transportation,Unknown,548.00,United States,"2024-10-26"
Catena Media,"Sliema, Non-U.S.",29,"2024-10-23",,Marketing,Unknown,,Malta,"2024-11-04"
Upwork,SF Bay Area,,"2024-10-23",0.2100,Other,Post-IPO,168.00,United States,"2024-10-24"
Venminder,Louisville,100,"2024-10-21",,Security,Acquired,49.00,United States,"2024-10-23"
Jellysmack,New York City,22,"2024-10-21",,Media,Series C,22.00,France,"2024-10-23"
CapWay,Atlanta,,"2024-10-17",1.0000,Finance,Unknown,,United States,"2024-10-18"
Gigamon,SF Bay Area,69,"2024-10-15",,Data,Acquired,23.00,United States,"2024-10-16"
AppLovin,SF Bay Area,58,"2024-10-15",,Marketing,Post-IPO,1600.00,United States,"2025-04-19"
Fable,New York City,,"2024-10-15",1.0000,Product,Series A,19.00,United States,"2024-10-18"
Bytedance,"Jakarta, Non-U.S.",500,"2024-10-11",,Consumer,Unknown,9400.00,Indonesia,"2024-10-11"
Nikola,Phoenix,130,"2024-10-11",0.1500,Transportation,Post-IPO,3300.00,United States,"2024-10-17"
Toplyne,"Bengaluru, Non-U.S.",,"2024-10-11",1.0000,Sales,Series A,17.00,India,"2024-10-11"
CareerBuilder + Monster,Chicago,200,"2024-10-10",0.1500,Recruiting,Acquired,,United States,"2024-10-11"
GoWild,Louisville,,"2024-10-10",1.0000,Retail,Seed,8.00,United States,"2024-10-11"
Grabango,SF Bay Area,,"2024-10-09",1.0000,Food,Unknown,94.00,United States,"2024-10-11"
BeepKart,"Bengaluru, Non-U.S.",130,"2024-10-08",0.4000,Retail,Series A,19.00,India,"2024-10-09"
Zapp,"London, Non-U.S.",,"2024-10-08",0.9000,Food,Series B,300.00,United Kingdom,"2024-10-09"
Eaze,SF Bay Area,500,"2024-10-07",1.0000,Consumer,Series D,202.00,United States,"2024-10-07"
PubMatic,SF Bay Area,12,"2024-10-07",0.0100,Marketing,Post-IPO,63.00,United States,"2024-10-07"
Zapata Computing,Boston,,"2024-10-07",1.0000,Other,Post-IPO,82.00,United States,"2024-10-15"
AppLovin,SF Bay Area,65,"2024-10-03",,Marketing,Post-IPO,1600.00,United States,"2025-04-19"
Tome,SF Bay Area,12,"2024-10-02",0.3100,Sales,Series B,75.00,United States,"2024-10-02"
Alma,New York City,,"2024-10-02",0.0900,Healthcare,Series D,220.00,United States,"2024-10-03"
Flexport,SF Bay Area,,"2024-10-02",0.0200,Logistics,Series E,2400.00,United States,"2024-10-04"
ABBYY,Nicosia,200,"2024-10-01",,Data,Unknown,6.00,Cyprus,"2024-10-03"
FreshBooks,"Toronto, Non-U.S.",140,"2024-10-01",,Finance,Unknown,331.00,Canada,"2024-10-02"
Vendease,"Lagos, Non-U.S.",68,"2024-09-30",0.2000,Food,Series A,43.00,Nigeria,"2025-02-21"
Marin Software,SF Bay Area,27,"2024-09-30",0.2600,Marketing,Post-IPO,99.00,United States,"2025-04-16"
Shein,"Singapore, Non-U.S.",17,"2024-09-30",,Retail,Private Equity,4100.00,Singapore,"2024-10-01"
DoubleCloud,"Dubai, Non-U.S.",,"2024-09-30",1.0000,Infrastructure,Unknown,,UAE,"2024-10-02"
Greenikk,"Trivandrum, Non-U.S.",,"2024-09-30",1.0000,Food,Seed,1.00,India,"2024-10-01"
Drata,San Diego,40,"2024-09-26",0.0900,Security,Series C,328.00,United States,"2024-09-26"
Moov,Cedar Falls,50,"2024-09-25",,Finance,Series B,77.00,United States,"2024-09-26"
FreightWaves,Chattanooga,16,"2024-09-24",,Logistics,Private Equity,92.00,United States,"2024-09-26"
Northvolt,"Stockholm, Non-U.S.",1600,"2024-09-23",0.2000,Energy,Unknown,13800.00,Sweden,"2024-09-26"
Olo,New York City,,"2024-09-23",0.0900,Food,Post-IPO,184.00,United States,"2024-09-24"
Healthy.io,"Tel Aviv, Non-U.S.",40,"2024-09-22",0.3000,Healthcare,Series D,185.00,Israel,"2024-09-24"
Reverb,Chicago,40,"2024-09-20",,Retail,Acquired,47.00,United States,"2024-09-26"
Luminar,Orlando,,"2024-09-20",0.1500,Transportation,Post-IPO,780.00,United States,"2024-09-24"
Notable Labs,SF Bay Area,,"2024-09-20",0.6500,Healthcare,Series B,,United States,"2024-09-21"
CarTrawler,"Dublin, Non-U.S.",40,"2024-09-19",0.1000,Transportation,Acquired,,Ireland,"2024-09-21"
ApplyBoard,"Waterloo, Non-U.S.",,"2024-09-19",0.0400,Education,Series D,483.00,Canada,"2024-09-21"
Spendesk,"Paris, Non-U.S.",151,"2024-09-18",,Finance,Series C,,France,"2024-10-01"
Aakash,"New Delhi, Non-U.S.",80,"2024-09-18",,Education,Acquired,,India,"2024-09-21"
Runtastic,"Linz, Non-U.S.",170,"2024-09-16",,Fitness,Acquired,,Austria,"2024-09-17"
Microsoft,Seattle,650,"2024-09-12",,Other,Post-IPO,1.00,United States,"2024-09-12"
Amperity,Seattle,,"2024-09-12",0.1300,Marketing,Series D,187.00,United States,"2024-09-13"
Udemy,SF Bay Area,280,"2024-09-11",,Education,Post-IPO,311.00,United States,"2024-09-18"
Mobileye,"Jerusalem, Non-U.S.",100,"2024-09-09",,Transportation,Post-IPO,2100.00,Israel,"2024-09-24"
InsurStaq.ai,"New Delhi, Non-U.S.",,"2024-09-09",1.0000,AI,Seed,,India,"2024-09-10"
Nori,Seattle,,"2024-09-09",1.0000,Energy,Unknown,19.00,United States,"2024-09-10"
WeTransfer,"Amsterdam, Non-U.S.",260,"2024-09-08",0.7500,Other,Acquired,64.00,Netherlands,"2024-09-09"
Center,Seattle,8,"2024-09-07",0.0400,Finance,Series C,102.00,United States,"2024-10-01"
Goop,Los Angeles,39,"2024-09-06",0.1800,Retail,Unknown,75.00,United States,"2024-09-06"
Motif Foodworks,Boston,,"2024-09-06",1.0000,Food,Unknown,343.00,United States,"2024-09-09"
ChargePoint,SF Bay Area,250,"2024-09-04",0.1500,Manufacturing,Unknown,1400.00,United States,"2024-09-06"
Fly.io,Chicago,40,"2024-09-04",,Infrastructure,Series C,110.00,United States,"2024-09-11"
Lyft,SF Bay Area,30,"2024-09-04",0.0100,Transportation,Post-IPO,4900.00,United States,"2024-09-04"
Matter Labs,"Berlin, Non-U.S.",,"2024-09-03",0.1600,Crypto,Unknown,380.00,Germany,"2024-09-06"
Dozee,"Bengaluru, Non-U.S.",40,"2024-09-02",,Healthcare,Series A,26.00,India,"2024-09-04"
Dunzo,"Bengaluru, Non-U.S.",150,"2024-08-31",0.7500,Food,Unknown,458.00,India,"2024-09-01"
Character.ai,SF Bay Area,6,"2024-08-29",0.0500,AI,Series A,150.00,United States,"2024-09-01"
Brave,SF Bay Area,27,"2024-08-28",0.1400,Consumer,Series B,42.00,United States,"2024-08-28"
Apple,SF Bay Area,100,"2024-08-27",,Hardware,Post-IPO,1200.00,United States,"2024-08-28"
IBM,"Beijing, Non-U.S.",1000,"2024-08-26",,Hardware,Post-IPO,,China,"2024-08-28"
Tome Biosciences,Boston,131,"2024-08-26",1.0000,Healthcare,Series A,213.00,United States,"2024-08-28"
Velo3D,SF Bay Area,42,"2024-08-26",,Manufacturing,Post-IPO,305.00,United States,"2024-09-02"
Kenko Health,"Mumbai, Non-U.S.",,"2024-08-23",1.0000,Healthcare,Series A,14.00,India,"2024-08-28"
Received,New York City,,"2024-08-23",1.0000,Finance,Unknown,,United States,"2024-08-28"
Redfin,Seattle,82,"2024-08-22",0.0200,Real Estate,Post-IPO,320.00,United States,"2024-08-28"
Kaiyo,New York City,,"2024-08-21",1.0000,Retail,Series B,43.00,United States,"2024-08-22"
Skip the Dishes,"Winnipeg, Non-U.S.",800,"2024-08-20",,Food,Acquired,8.00,Canada,"2024-08-21"
Five9,SF Bay Area,190,"2024-08-20",0.0700,Support,Post-IPO,862.00,United States,"2024-08-21"
ReshaMandi,"Bengaluru, Non-U.S.",,"2024-08-20",1.0000,Food,Unknown,54.00,India,"2024-08-22"
GoPro,SF Bay Area,139,"2024-08-19",0.1500,Consumer,Post-IPO,288.00,United States,"2024-08-21"
Paper,"Montreal, Non-U.S.",81,"2024-08-16",0.4500,Education,Series D,389.00,Canada,"2024-08-28"
Retention.com,Austin,15,"2024-08-16",,Marketing,Unknown,,United States,"2024-08-20"
Regrow Ag,Durham,,"2024-08-16",0.1900,Food,Series B,64.00,United States,"2024-08-20"
AppLovin,SF Bay Area,61,"2024-08-15",,Marketing,Post-IPO,1600.00,United States,"2024-09-02"
Inuitive,"Ra'anana, Non-U.S.",16,"2024-08-15",0.2000,Manufacturing,Unknown,23.00,Israel,"2024-08-16"
Mister Spex,"Berlin, Non-U.S.",,"2024-08-15",0.1000,Retail,Post-IPO,158.00,Germany,"2024-08-15"
Sampler,"Toronto, Non-U.S.",,"2024-08-15",1.0000,Retail,Series B,10.00,Canada,"2024-08-28"
Sonos,Santa Barbara,100,"2024-08-14",0.0600,Consumer,Post-IPO,455.20,United States,"2024-08-14"
Grail,SF Bay Area,350,"2024-08-13",,Healthcare,Post-IPO,,United States,"2024-08-20"
DayTwo,SF Bay Area,,"2024-08-13",1.0000,Healthcare,Series B,90.00,United States,"2024-08-14"
Quizac,"Lagos, Non-U.S.",,"2024-08-13",1.0000,Education,Acquired,,Nigeria,"2024-09-04"
Tally,SF Bay Area,,"2024-08-12",1.0000,Finance,Series C,172.00,United States,"2024-08-13"
Cisco,SF Bay Area,5600,"2024-08-09",0.0700,Infrastructure,Post-IPO,2.00,United States,"2024-08-09"
Branch.io,SF Bay Area,100,"2024-08-09",,Marketing,Series F,667.00,United States,"2024-08-09"
iCIMS,Holmdel,69,"2024-08-09",,Recruiting,Acquired,93.00,United States,"2024-08-14"
Submittable,Missoula,40,"2024-08-08",,Other,Unknown,115.00,United States,"2024-10-17"
Fastly,SF Bay Area,,"2024-08-08",0.1100,Infrastructure,Post-IPO,219.00,United States,"2024-08-09"
Eventbrite,SF Bay Area,100,"2024-08-07",0.1100,Consumer,Post-IPO,557.00,United States,"2024-08-08"
LegalZoom,Los Angeles,,"2024-08-07",0.1500,Legal,Post-IPO,952.00,United States,"2024-08-08"
Axios Media,Washington D.C.,50,"2024-08-06",0.1000,Media,Acquired,57.00,United States,"2024-08-06"
Mobius Motors,"Nairobi, Non-U.S.",,"2024-08-06",1.0000,Transportation,Unknown,6.00,Kenya,"2024-08-06"
Teradata,San Diego,,"2024-08-06",0.1300,Data,Post-IPO,,United States,"2024-08-07"
Infineon,"Munich, Non-U.S.",1400,"2024-08-05",,Manufacturing,Post-IPO,1500.00,Germany,"2024-08-05"
Jam City,Los Angeles,85,"2024-08-05",0.1000,Consumer,Unknown,652.00,United States,"2024-08-05"
ShareChat,"Bengaluru, Non-U.S.",30,"2024-08-03",0.0500,Marketing,Series D,222.00,India,"2024-08-05"
Intel,SF Bay Area,15000,"2024-08-01",0.1500,Hardware,Post-IPO,12.00,United States,"2024-08-01"
Avaya,Durham,180,"2024-08-01",0.0300,Other,Post-IPO,700.00,United States,"2024-11-08"
Bungie,Seattle,220,"2024-07-31",0.1700,Consumer,Acquired,100.00,United States,"2024-08-01"
Delivery Hero,"Berlin, Non-U.S.",200,"2024-07-31",,Food,Post-IPO,9900.00,Germany,"2024-08-06"
Match Group,New York City,,"2024-07-31",0.0600,Consumer,Post-IPO,,United States,"2024-08-01"
NerdWallet,SF Bay Area,,"2024-07-30",0.1500,Finance,Post-IPO,105.00,United States,"2024-07-31"
Moxion Power,SF Bay Area,248,"2024-07-29",1.0000,Energy,Unknown,124.00,United States,"2024-07-30"
Pocket FM,"Bengaluru, Non-U.S.",200,"2024-07-27",,Media,Series D,212.00,India,"2024-07-29"
WayCool,"Chennai, Non-U.S.",200,"2024-07-26",,Food,Unknown,363.00,India,"2024-07-26"
Webflow,SF Bay Area,,"2024-07-25",0.0800,Marketing,Series C,335.00,United States,"2024-07-25"
Humble Games,SF Bay Area,36,"2024-07-23",1.0000,Media,Acquired,4.00,United States,"2024-07-29"
Cohere,"Toronto, Non-U.S.",20,"2024-07-23",0.0500,AI,Series D,935.00,Canada,"2024-07-24"
Bluelearn,"Bengaluru, Non-U.S.",,"2024-07-22",1.0000,Education,Seed,4.00,India,"2024-07-22"
Magic Leap,Miami,75,"2024-07-19",,Consumer,Series E,4100.00,United States,"2024-07-19"
Mercari U.S.,SF Bay Area,,"2024-07-19",0.5000,Retail,Subsidiary,,United States,"2024-07-20"
Aqua Security,Boston,50,"2024-07-17",0.1000,Security,Series E,325.00,United States,"2024-07-18"
EverC,"Tel Aviv, Non-U.S.",16,"2024-07-17",0.1000,Security,Unknown,61.00,Israel,"2024-07-18"
ON,SF Bay Area,60,"2024-07-16",1.0000,Retail,Unknown,81.00,United States,"2024-07-17"
SolarEdge,"Tel Aviv, Non-U.S.",400,"2024-07-15",,Energy,Post-IPO,155.00,Israel,"2024-07-16"
Salesforce,SF Bay Area,300,"2024-07-15",,Sales,Post-IPO,65.00,United States,"2024-07-15"
Spotify,"Stockholm, Non-U.S.",40,"2024-07-15",,Media,Post-IPO,2100.00,Sweden,"2024-07-16"
SadaPay,"Islamabad, Non-U.S.",,"2024-07-12",0.3000,Finance,Acquired,20.00,Pakistan,"2024-07-16"
Intuit,SF Bay Area,1800,"2024-07-10",0.1000,Finance,Post-IPO,18.00,United States,"2024-07-10"
Redbox,Chicago,1000,"2024-07-10",1.0000,Media,Acquired,51.00,United States,"2024-07-22"
CyberProof,Los Angeles,,"2024-07-10",0.0700,Security,Subsidiary,,United States,"2024-07-11"
UIPath,New York City,420,"2024-07-09",0.1000,Other,Post-IPO,2000.00,United States,"2024-07-10"
UKG,Boston,2200,"2024-07-03",0.1400,HR,Unknown,,United States,"2024-07-03"
OpenText,"Waterloo, Non-U.S.",1200,"2024-07-03",0.0200,Data,Post-IPO,1100.00,Canada,"2024-07-03"
Unacademy,"Bengaluru, Non-U.S.",250,"2024-07-02",,Education,Series H,838.00,India,"2024-07-03"
Koo,"Bengaluru, Non-U.S.",,"2024-07-02",1.0000,Consumer,Unknown,51.00,India,"2024-07-04"
Lightricks,"Jerusalem, Non-U.S.",70,"2024-07-01",0.1200,Consumer,Series D,335.00,Israel,"2024-07-03"
Upside Foods,SF Bay Area,26,"2024-07-01",,Food,Unknown,598.00,United States,"2024-07-03"
Sightful,"Tel Aviv, Non-U.S.",20,"2024-07-01",0.3300,Hardware,Unknown,61.00,Israel,"2024-07-03"
Ninja Van,"Singapore, Non-U.S.",,"2024-07-01",0.0500,Transportation,Series E,974.00,Singapore,"2024-07-03"
Priceline,Norwalk,103,"2024-06-28",0.0700,Travel,Acquired,77.00,United States,"2024-07-03"
RealPage,Dallas,260,"2024-06-27",0.0400,Real Estate,Acquired,105.00,United States,"2024-07-03"
Planet,SF Bay Area,180,"2024-06-26",0.1700,Aerospace,Post-IPO,574.00,United States,"2024-06-29"
Moxion Power,SF Bay Area,101,"2024-06-26",,Energy,Unknown,124.00,United States,"2024-06-29"
Perion,"Tel Aviv, Non-U.S.",35,"2024-06-25",0.0500,Marketing,Post-IPO,76.00,Israel,"2024-06-26"
Flutterwave,"Lagos, Non-U.S.",30,"2024-06-24",0.0300,Finance,Unknown,509.00,Nigeria,"2024-06-26"
Ginkgo Bioworks,Boston,400,"2024-06-20",0.3500,Healthcare,Post-IPO,1600.00,United States,"2024-06-23"
ReshaMandi,"Bengaluru, Non-U.S.",,"2024-06-20",0.8000,Food,Unknown,54.00,India,"2024-06-23"
Emma Sleep,"Frankfurt, Non-U.S.",200,"2024-06-19",0.1800,Retail,Acquired,,Germany,"2024-06-23"
Moovit,"Tel Aviv, Non-U.S.",20,"2024-06-19",0.1000,Transportation,Acquired,131.00,Israel,"2024-06-23"
Wex,Portland,375,"2024-06-18",0.0500,Finance,Post-IPO,400.00,United States,"2024-06-23"
PayPal,SF Bay Area,85,"2024-06-18",,Finance,Post-IPO,216.00,United States,"2024-06-23"
Rapyd,"Tel Aviv, Non-U.S.",30,"2024-06-18",,Finance,Unknown,770.00,Israel,"2024-06-19"
C2FO,Kansas City,16,"2024-06-18",,Finance,Series H,537.00,United States,"2024-06-19"
Fisker,Los Angeles,,"2024-06-18",1.0000,Transportation,Post-IPO,1700.00,United States,"2024-06-19"
Chegg,SF Bay Area,441,"2024-06-17",0.2300,Education,Post-IPO,227.00,United States,"2024-06-19"
Stackpath,Dallas,,"2024-06-17",1.0000,Infrastructure,Series B,396.00,United States,"2024-06-23"
Unit,New York City,,"2024-06-17",0.1500,Finance,Series C,170.00,United States,"2024-06-19"
LOOP,Austin,23,"2024-06-16",0.7700,Finance,Series A,34.00,United States,"2024-06-19"
Care/of,New York City,143,"2024-06-15",1.0000,Healthcare,Acquired,83.00,United States,"2024-06-19"
Running Tide,Portland,,"2024-06-15",1.0000,Energy,Series B,54.00,United States,"2024-06-19"
Satellogic,"Montevideo, Non-U.S.",70,"2024-06-14",0.3000,Aerospace,Post-IPO,424.00,Uruguay,"2024-06-19"
Cypress.io,Atlanta,11,"2024-06-14",,Product,Series B,54.00,United States,"2024-06-19"
Bytedance,"Jakarta, Non-U.S.",450,"2024-06-12",,Consumer,Unknown,9400.00,Indonesia,"2024-06-12"
Paxos,New York City,65,"2024-06-12",0.2000,Crypto,Unknown,543.00,United States,"2024-06-15"
SCiFi Foods,SF Bay Area,,"2024-06-12",1.0000,Food,Series A,39.00,United States,"2024-06-14"
VRChat,SF Bay Area,,"2024-06-12",0.3000,Consumer,Series D,95.00,United States,"2024-06-13"
Ladenzeile,"Berlin, Non-U.S.",,"2024-06-11",1.0000,Retail,Subsidiary,,Germany,"2024-06-11"
Paytm,"Noida, Non-U.S.",3500,"2024-06-10",,Finance,Subsidiary,,India,"2024-06-10"
Kissflow,"Chennai, Non-U.S.",45,"2024-06-10",0.1100,Other,Unknown,1.00,India,"2024-06-10"
Copia,"Nairobi, Non-U.S.",1060,"2024-06-06",,Retail,Series C,103.00,Kenya,"2024-06-10"
Revel,New York City,1000,"2024-06-06",,Transportation,Unknown,214.00,United States,"2024-06-10"
Simpl,"Bengaluru, Non-U.S.",30,"2024-06-06",,Finance,Series B,72.00,India,"2024-06-10"
Oda,"Oslo, Non-U.S.",150,"2024-06-05",,Food,Unknown,691.00,Norway,"2024-06-05"
Pagaya,"Tel Aviv, Non-U.S.",100,"2024-06-05",0.2000,Finance,Post-IPO,2000.00,Israel,"2024-06-05"
Aleph Farms,"Tel Aviv, Non-U.S.",30,"2024-06-05",0.3000,Food,Unknown,119.00,Israel,"2024-06-05"
MoonPay,Dover,30,"2024-06-05",0.1000,Crypto,Unknown,651.00,United States,"2024-06-05"
Yext,New York City,,"2024-06-05",0.1200,Marketing,Post-IPO,117.00,United States,"2024-06-05"
Microsoft,Seattle,1000,"2024-06-03",,Other,Post-IPO,1.00,United States,"2024-06-03"
OrCam,"Jerusalem, Non-U.S.",100,"2024-06-03",0.5000,Healthcare,Unknown,86.00,Israel,"2024-06-04"
Google,SF Bay Area,100,"2024-05-31",,Consumer,Post-IPO,26.00,United States,"2024-06-01"
Tropic,New York City,40,"2024-05-31",,Finance,Series B,67.00,United States,"2024-06-01"
Gro Intelligence,New York City,,"2024-05-31",0.1000,Food,Series B,118.00,United States,"2024-06-03"
FlightStats,Portland,73,"2024-05-30",,Travel,Acquired,3.00,United States,"2024-05-31"
ICANN,Los Angeles,33,"2024-05-30",0.0700,Infrastructure,Unknown,,United States,"2024-06-05"
Walnut,New York City,15,"2024-05-29",0.2000,Sales,Series B,56.00,United States,"2024-05-31"
Glovo,"Madrid, Non-U.S.",22,"2024-05-25",,Food,Acquired,1200.00,Spain,"2024-07-25"
Lucid Motors,SF Bay Area,400,"2024-05-24",0.0600,Transportation,Post-IPO,8300.00,United States,"2024-05-24"
Satellogic,"Montevideo, Non-U.S.",34,"2024-05-24",0.1300,Aerospace,Post-IPO,424.00,Uruguay,"2024-06-19"
Foursquare,New York City,105,"2024-05-23",0.2500,Marketing,Series G,390.00,United States,"2024-05-24"
Guild,Denver,300,"2024-05-22",0.2500,Education,Series F,643.00,United States,"2024-05-23"
Cue Health,San Diego,180,"2024-05-22",1.0000,Healthcare,Post-IPO,899.00,United States,"2024-05-23"
Silo,SF Bay Area,,"2024-05-22",0.3000,Food,Series C,272.00,United States,"2024-05-23"
TikTok,Los Angeles,1000,"2024-05-21",,Consumer,Acquired,,United States,"2024-06-14"
Joonko,New York City,,"2024-05-19",1.0000,HR,Series B,38.00,United States,"2024-05-23"
Toshiba,"Tokyo, Non-U.S.",4000,"2024-05-16",,Manufacturing,Unknown,,Japan,"2024-05-24"
Wefox,"Berlin, Non-U.S.",60,"2024-05-16",,Finance,Series D,1300.00,Germany,"2024-05-17"
Replit,SF Bay Area,30,"2024-05-16",0.2000,Product,Unknown,222.00,United States,"2024-05-16"
Gopuff,Philadelphia,,"2024-05-16",0.0600,Food,Series H,3400.00,United States,"2024-05-16"
Karhoo,"London, Non-U.S.",,"2024-05-16",1.0000,Transportation,Acquired,39.00,United Kingdom,"2024-06-03"
SeekOut,Seattle,,"2024-05-16",0.3000,Recruiting,Series C,,United States,"2024-05-20"
Atmosphere,Austin,100,"2024-05-15",,Other,Series D,214.00,United States,"2024-05-17"
Singularity 6,Los Angeles,36,"2024-05-15",,Other,Series B,49.00,United States,"2024-05-17"
Mainvest,Boston,,"2024-05-14",1.0000,Finance,Unknown,3.00,United States,"2024-05-17"
Indeed,Austin,1000,"2024-05-13",0.0800,HR,Acquired,5.00,United States,"2024-05-13"
Motional,Pittsburgh,550,"2024-05-10",0.4000,Transportation,Unknown,,United States,"2024-05-08"
Rivian,Los Angeles,120,"2024-05-10",,Transportation,Post-IPO,10700.00,United States,"2024-05-11"
Google,SF Bay Area,57,"2024-05-10",,Consumer,Post-IPO,26.00,United States,"2024-05-11"
Vacasa,Portland,800,"2024-05-09",0.1300,Travel,Post-IPO,834.00,United States,"2024-05-10"
Sight Diagnostics,"Tel Aviv, Non-U.S.",40,"2024-05-09",0.3000,Healthcare,Series D,124.00,Israel,"2024-06-05"
PrepLadder,"New Delhi, Non-U.S.",145,"2024-05-08",0.2500,Education,Acquired,,India,"2024-05-09"
Simpl,"Bengaluru, Non-U.S.",100,"2024-05-08",0.1500,Finance,Series B,72.00,India,"2024-05-08"
Arkane Studios,Austin,96,"2024-05-08",1.0000,Consumer,Unknown,,United States,"2024-05-10"
Brilliant,SF Bay Area,,"2024-05-08",1.0000,Hardware,Series B,64.00,United States,"2024-05-09"
Kinaxis,"Ottawa, Non-U.S.",,"2024-05-08",0.0600,Other,Post-IPO,79.00,Canada,"2024-05-23"
Enovix,SF Bay Area,170,"2024-05-06",0.3300,Energy,Post-IPO,516.00,United States,"2024-05-07"
Cue Health,San Diego,230,"2024-05-03",0.4900,Healthcare,Post-IPO,899.00,United States,"2024-05-04"
Rivian,Los Angeles,150,"2024-05-03",0.0100,Transportation,Post-IPO,10700.00,United States,"2024-05-11"
Luminar,Orlando,140,"2024-05-03",0.2000,Transportation,Post-IPO,780.00,United States,"2024-05-04"
Sprinklr,New York City,116,"2024-05-03",0.0300,Support,Post-IPO,429.00,United States,"2024-05-03"
Bakkt,Atlanta,28,"2024-05-03",,Crypto,Post-IPO,932.00,United States,"2024-05-04"
Peloton,New York City,400,"2024-05-02",0.1500,Fitness,Post-IPO,1900.00,United States,"2024-05-02"
Cabify,"Madrid, Non-U.S.",29,"2024-05-02",,Transportation,Unknown,601.00,Spain,"2024-05-09"
Google,SF Bay Area,200,"2024-05-01",,Consumer,Post-IPO,26.00,United States,"2024-05-02"
Assurance,Seattle,112,"2024-05-01",1.0000,Finance,Acquired,,United States,"2024-05-02"
Sproutt,Hartford,,"2024-05-01",1.0000,Finance,Series B,38.00,United States,"2024-05-02"
Tesla,Austin,500,"2024-04-30",,Transportation,Post-IPO,20200.00,United States,"2024-05-01"
RiseUp,"Tel Aviv, Non-U.S.",50,"2024-04-30",0.5000,Finance,Series B,30.00,Israel,"2024-06-05"
Akili Interactive,Boston,,"2024-04-30",0.4600,Healthcare,Post-IPO,271.00,United States,"2024-05-02"
Getir,"London, Non-U.S.",3300,"2024-04-29",,Food,Series E,1800.00,United Kingdom,"2024-04-29"
Ola,"Bengaluru, Non-U.S.",180,"2024-04-29",0.1000,Transportation,Series J,5000.00,India,"2024-04-30"
Ninja Van,"Singapore, Non-U.S.",21,"2024-04-29",0.1000,Transportation,Series E,974.00,Singapore,"2024-07-03"
ComplYant,Los Angeles,,"2024-04-29",1.0000,Finance,Seed,6.00,United States,"2024-04-30"
HealthifyMe,"Bengaluru, Non-U.S.",150,"2024-04-27",0.2700,Healthcare,Series D,130.00,India,"2024-04-29"
True Anomaly,Denver,30,"2024-04-25",0.2500,Aerospace,Series B,158.00,United States,"2024-04-26"
Freenome,SF Bay Area,100,"2024-04-23",0.2000,Healthcare,Series E,1400.00,United States,"2024-04-24"
Heureka Group,"Prague, Non-U.S.",100,"2024-04-23",0.1600,Retail,Acquired,,Czech Republic,"2024-04-24"
OutSystems,Boston,150,"2024-04-19",0.0800,Product,Series G,802.00,United States,"2024-05-03"
The Good Glamm Group,"New Delhi, Non-U.S.",150,"2024-04-18",0.1500,Retail,Unknown,180.00,India,"2024-04-18"
Showpad,"Ghent, Non-U.S.",50,"2024-04-18",0.1000,Marketing,Series D,159.00,Belgium,"2024-04-24"
Stability AI,"London, Non-U.S.",20,"2024-04-18",,AI,Unknown,174.00,United Kingdom,"2024-04-18"
Pax8,Denver,,"2024-04-18",0.0500,Infrastructure,Unknown,400.00,United States,"2024-04-20"
Rivian,Detroit,,"2024-04-17",0.0100,Transportation,Post-IPO,10700.00,United States,"2024-04-18"
Take-Two,New York City,579,"2024-04-16",0.0500,Consumer,Post-IPO,4100.00,United States,"2024-04-16"
Tome,SF Bay Area,12,"2024-04-16",0.2500,AI,Series B,75.00,United States,"2024-04-16"
Tesla,Austin,14000,"2024-04-15",0.1000,Transportation,Post-IPO,20200.00,United States,"2024-04-15"
Criteo,"Paris, Non-U.S.",140,"2024-04-12",0.0400,Marketing,Post-IPO,61.00,France,"2024-04-12"
Glovo,"Barcelona, Non-U.S.",25,"2024-04-12",,Food,Acquired,1200.00,Spain,"2024-04-12"
TikTok,"Dublin, Non-U.S.",250,"2024-04-11",,Consumer,Acquired,,Ireland,"2024-04-12"
Fabric,New York City,30,"2024-04-11",0.1500,Logistics,Series C,336.00,United States,"2024-04-12"
Hinge Health,SF Bay Area,,"2024-04-11",0.1000,Healthcare,Series E,826.00,United States,"2024-04-12"
Zoe,"London, Non-U.S.",,"2024-04-11",0.2000,Healthcare,Series B,89.00,United Kingdom,"2024-04-12"
Cornershop,"Santiago, Non-U.S.",200,"2024-04-10",,Food,Acquired,32.00,Chile,"2024-04-12"
Scaler,"Bengaluru, Non-U.S.",150,"2024-04-10",,Education,Series B,55.00,India,"2024-04-10"
Checkr,SF Bay Area,382,"2024-04-09",0.3200,HR,Series D,679.00,United States,"2024-04-09"
Intel,SF Bay Area,62,"2024-04-09",,Hardware,Post-IPO,12.00,United States,"2024-04-12"
Trendsales,"Copenhagen, Non-U.S.",79,"2024-04-08",1.0000,Retail,Acquired,,Denmark,"2024-04-10"
Singularity 6,Los Angeles,49,"2024-04-08",0.3500,Other,Series B,49.00,United States,"2024-04-10"
Fission,"Vancouver, Non-U.S.",,"2024-04-07",1.0000,Other,Unknown,,Canada,"2024-04-08"
Bolt.Earth,"Bengaluru, Non-U.S.",70,"2024-04-06",0.4000,Energy,Series B,24.00,India,"2024-04-08"
Apple,SF Bay Area,614,"2024-04-04",,Hardware,Post-IPO,1200.00,United States,"2024-04-05"
Lightspeed Commerce,"Montreal, Non-U.S.",280,"2024-04-03",,Retail,Post-IPO,1200.00,Canada,"2024-04-03"
Ghost Autonomy,SF Bay Area,100,"2024-04-03",1.0000,Transportation,Series E,247.00,United States,"2024-04-04"
Vivian Health,SF Bay Area,13,"2024-04-03",,Healthcare,Acquired,60.00,United States,"2024-04-10"
Yummly,SF Bay Area,,"2024-04-03",1.0000,Food,Acquired,24.00,United States,"2024-04-03"
Byju's,"Bengaluru, Non-U.S.",500,"2024-04-02",0.0300,Education,Private Equity,5500.00,India,"2024-04-02"
Thepeer,"Lagos, Non-U.S.",,"2024-04-02",1.0000,Finance,Seed,2.00,Nigeria,"2024-04-02"
Osso VR,SF Bay Area,67,"2024-04-01",,Healthcare,Series C,109.00,United States,"2024-04-02"
Identiq,"Tel Aviv, Non-U.S.",20,"2024-04-01",0.4400,Security,Series A,52.00,Israel,"2024-04-02"
Ranger Insurance,New York City,,"2024-04-01",1.0000,Finance,Seed,5.00,United States,"2024-04-02"
Rezi,New York City,,"2024-04-01",1.0000,Real Estate,Series B,230.00,United States,"2024-04-02"
ChowNow,Los Angeles,60,"2024-03-28",0.2000,Food,Series C,64.00,United States,"2024-03-28"
Synctera,SF Bay Area,17,"2024-03-26",0.1500,Finance,Series A,79.00,United States,"2024-03-26"
GoPro,SF Bay Area,,"2024-03-26",0.0400,Consumer,Post-IPO,288.00,United States,"2024-04-08"
Dell,Austin,6000,"2024-03-25",0.0500,Hardware,Post-IPO,,United States,"2024-03-27"
ShopBack,"Singapore, Non-U.S.",195,"2024-03-19",0.2400,Retail,Series F,355.00,Singapore,"2024-03-20"
Orbotech,"Yavne, Non-U.S.",100,"2024-03-19",,Manufacturing,Acquired,,Israel,"2024-03-20"
Airmeet,"Bengaluru, Non-U.S.",,"2024-03-19",0.2000,Marketing,Series B,50.00,India,"2024-03-20"
Singular Genomics,San Diego,,"2024-03-19",0.2000,Healthcare,Post-IPO,176.00,United States,"2024-04-12"
Longi,"Xi'an, Non-U.S.",,"2024-03-18",0.0500,Energy,Unknown,,China,"2024-03-20"
Flock Freight,San Diego,54,"2024-03-16",,Logistics,Series D,399.00,United States,"2024-03-17"
Chipper Cash,SF Bay Area,20,"2024-03-15",,Finance,Series C,302.00,United States,"2024-03-17"
Blueboard,SF Bay Area,,"2024-03-15",1.0000,HR,Series A,16.00,United States,"2024-03-17"
Ancestry,Lehi,81,"2024-03-14",0.0600,Consumer,Post-IPO,33.00,United States,"2024-04-18"
Textio,Seattle,14,"2024-03-14",0.1600,Recruiting,Unknown,42.00,United States,"2024-03-15"
Stash,New York City,80,"2024-03-13",0.2500,Finance,Unknown,480.00,United States,"2024-03-13"
Phantom Auto,SF Bay Area,100,"2024-03-12",1.0000,Transportation,Unknown,86.00,United States,"2024-03-12"
Deadspin,New York City,11,"2024-03-11",1.0000,Media,Acquired,,United States,"2024-03-11"
Niche,Pittsburgh,24,"2024-03-08",0.0700,Education,Series C,44.00,United States,"2024-03-11"
Inscribe,SF Bay Area,,"2024-03-08",0.4000,Finance,Series B,39.00,United States,"2024-03-09"
Turnitin,SF Bay Area,15,"2024-03-07",0.0200,Education,Acquired,,United States,"2024-03-07"
Sorare,New York City,22,"2024-03-06",0.1300,Crypto,Series B,739.00,United States,"2024-03-06"
MessageBird,"Amsterdam, Non-U.S.",90,"2024-03-05",0.2000,Other,Series C,1100.00,Netherlands,"2024-03-08"
Edgio,Phoenix,80,"2024-03-04",0.1000,Infrastructure,Post-IPO,462.00,United States,"2024-03-07"
Melio,New York City,40,"2024-03-04",0.0700,Finance,Series D,504.00,United States,"2024-03-05"
Our Next Energy,Detroit,40,"2024-03-04",0.1300,Transportation,Series B,390.00,United States,"2024-03-05"
Project Ronin,SF Bay Area,150,"2024-03-01",1.0000,Healthcare,Unknown,,United States,"2024-03-05"
Pristyn Care,"Gurugram, Non-U.S.",120,"2024-03-01",0.0700,Healthcare,Series E,177.00,India,"2024-03-01"
Gro Intelligence,New York City,90,"2024-03-01",0.6000,Food,Series B,118.00,United States,"2024-03-03"
Fisker,Los Angeles,,"2024-02-29",0.1500,Transportation,Post-IPO,1700.00,United States,"2024-02-29"
Kevin,"Vilnius, Non-U.S.",,"2024-02-29",0.1400,Finance,Series A,79.00,Lithuania,"2024-03-05"
Electronic Arts,SF Bay Area,670,"2024-02-28",0.0500,Consumer,Post-IPO,2.00,United States,"2024-02-29"
Vacasa,Portland,320,"2024-02-28",0.0500,Travel,Post-IPO,834.00,United States,"2024-02-29"
OrCam,"Jerusalem, Non-U.S.",50,"2024-02-28",0.1900,Healthcare,Unknown,86.00,Israel,"2024-06-04"
Treasury Prime,SF Bay Area,40,"2024-02-28",0.4000,Finance,Series C,71.00,United States,"2024-02-29"
Motional,Boston,,"2024-02-28",0.0500,Transportation,Unknown,,United States,"2024-02-28"
Sony Interactive,SF Bay Area,900,"2024-02-27",0.0800,Consumer,Subsidiary,,United States,"2024-02-27"
Bumble,Austin,350,"2024-02-27",0.3000,Consumer,Post-IPO,313.00,United States,"2024-02-27"
PropertyGuru,"Singapore, Non-U.S.",79,"2024-02-27",,Real Estate,Post-IPO,676.00,Singapore,"2024-02-27"
Expedia,Seattle,1500,"2024-02-26",0.0800,Travel,Post-IPO,3300.00,United States,"2024-02-27"
WayCool,"Chennai, Non-U.S.",70,"2024-02-26",,Food,Unknown,363.00,India,"2024-02-27"
Redesign Health,New York City,77,"2024-02-23",,Healthcare,Series C,315.00,United States,"2024-02-24"
Carbon Health,SF Bay Area,56,"2024-02-23",,Healthcare,Series D,522.00,United States,"2024-02-24"
Affirm,Pittsburgh,60,"2024-02-21",,Finance,Post-IPO,1500.00,United States,"2024-02-22"
Finder,"Sydney, Non-U.S.",60,"2024-02-21",0.1700,Retail,Unknown,30.00,Australia,"2024-02-22"
BuzzFeed,New York City,,"2024-02-21",0.1600,Media,Post-IPO,696.00,United States,"2024-02-23"
Rivian,Detroit,,"2024-02-21",0.1000,Transportation,Post-IPO,10700.00,United States,"2024-02-22"
Aptiv,"Krakow, Non-U.S.",250,"2024-02-20",,Transportation,Post-IPO,8.00,Poland,"2024-02-21"
Tails.com,"London, Non-U.S.",55,"2024-02-20",0.2500,Retail,Series A,5.00,United Kingdom,"2024-02-21"
KnownOrigin,"Manchester, Non-U.S.",,"2024-02-20",0.3000,Crypto,Acquired,3.00,United Kingdom,"2024-02-21"
Meati,Boulder,,"2024-02-20",0.3000,Food,Series C,274.00,United States,"2024-02-21"
Farfetch,"London, Non-U.S.",2000,"2024-02-16",0.2500,Retail,Acquired,1700.00,United Kingdom,"2024-02-16"
Voi,"Stockholm, Non-U.S.",120,"2024-02-16",0.1200,Transportation,Series D,515.00,Sweden,"2024-02-20"
Toast,Boston,550,"2024-02-15",0.1000,Food,Post-IPO,962.00,United States,"2024-02-15"
Sonder,SF Bay Area,106,"2024-02-15",0.1700,Travel,Post-IPO,839.00,United States,"2024-02-21"
LinkSquares,Boston,90,"2024-02-15",,Legal,Series C,161.00,United States,"2025-01-05"
Storytel,"Stockholm, Non-U.S.",80,"2024-02-15",0.1300,Consumer,Post-IPO,312.00,Sweden,"2024-02-16"
Gro Intelligence,New York City,20,"2024-02-15",0.1000,Food,Series B,118.00,United States,"2024-02-16"
CodeSee,SF Bay Area,,"2024-02-15",1.0000,Data,Seed,10.00,United States,"2024-02-15"
May Mobility,Ann Arbor,,"2024-02-15",0.1300,Transportation,Series D,303.00,United States,"2024-02-15"
Cisco,SF Bay Area,4250,"2024-02-14",0.0500,Infrastructure,Post-IPO,2.00,United States,"2024-02-14"
Wint Wealth,"Nashik, Non-U.S.",19,"2024-02-14",0.2000,Finance,Series A,16.00,India,"2024-02-15"
Away,New York City,,"2024-02-14",0.2500,Retail,Series D,181.00,United States,"2024-02-14"
Instacart,SF Bay Area,250,"2024-02-13",0.0700,Food,Post-IPO,2900.00,United States,"2024-02-13"
Redesign Health,New York City,77,"2024-02-13",,Healthcare,Unknown,315.00,United States,"2024-02-14"
Mozilla,SF Bay Area,60,"2024-02-13",0.0500,Consumer,Unknown,2.30,United States,"2024-02-13"
Impinj,Seattle,50,"2024-02-13",0.1000,Other,Post-IPO,137.00,United States,"2024-03-14"
Riskified,New York City,40,"2024-02-13",0.0600,Retail,Post-IPO,229.00,United States,"2024-02-14"
Everybuddy,"Tel Aviv, Non-U.S.",,"2024-02-13",1.0000,Consumer,Series A,15.00,Israel,"2024-02-15"
Wisense,"Tel Aviv, Non-U.S.",,"2024-02-13",1.0000,Transportation,Unknown,37.00,Israel,"2024-02-14"
SiriusXM,New York City,160,"2024-02-12",0.0300,Media,Post-IPO,525.00,United States,"2024-03-17"
Licious,"Bengaluru, Non-U.S.",80,"2024-02-09",0.0300,Food,Series F,490.00,India,"2024-02-09"
BlissClub,"Bengaluru, Non-U.S.",21,"2024-02-09",0.1800,Retail,Series A,20.00,India,"2024-02-10"
Pure Storage,SF Bay Area,275,"2024-02-08",,Data,Post-IPO,529.00,United States,"2024-02-08"
Otovo,"Oslo, Non-U.S.",65,"2024-02-08",0.1500,Energy,Post-IPO,247.00,Norway,"2024-02-20"
Getaround,SF Bay Area,,"2024-02-08",0.3000,Transportation,Post-IPO,948.00,United States,"2024-02-08"
Journera,Chicago,,"2024-02-08",1.0000,Travel,Series B,31.00,United States,"2024-02-10"
Grammarly,SF Bay Area,230,"2024-02-07",,Consumer,Unknown,400.00,United States,"2024-02-07"
Fireblocks,New York City,20,"2024-02-07",0.0300,Crypto,Series E,1000.00,United States,"2024-02-07"
Tenable,Baltimore,,"2024-02-07",0.0500,Security,Post-IPO,565.00,United States,"2024-02-08"
Workfellow,"Espoo, Non-U.S.",,"2024-02-07",1.0000,HR,Seed,3.00,Finland,"2024-02-07"
DocuSign,SF Bay Area,440,"2024-02-06",0.0600,Sales,Post-IPO,536.00,United States,"2024-02-06"
Amazon,Seattle,400,"2024-02-06",,Retail,Post-IPO,108.00,United States,"2024-02-07"
Snap,Los Angeles,500,"2024-02-05",0.1000,Consumer,Post-IPO,4900.00,United States,"2024-02-05"
Drizly,Boston,168,"2024-02-05",1.0000,Retail,Acquired,119.00,United States,"2024-02-06"
BillGO,Fort Collins,80,"2024-02-05",,Finance,Series B,119.00,United States,"2024-02-06"
Impact.com,Los Angeles,40,"2024-02-05",0.0300,Sales,Private Equity,361.00,United States,"2024-02-06"
Astrate Medical,Philadelphia,,"2024-02-05",1.0000,Healthcare,Series A,13.00,United States,"2024-02-06"
Muvin,"Bengaluru, Non-U.S.",,"2024-02-05",1.0000,Finance,Seed,4.00,India,"2024-02-06"
Cue Health,San Diego,245,"2024-02-02",0.3000,Healthcare,Post-IPO,899.00,United States,"2024-02-05"
Top Hat,"Toronto, Non-U.S.",35,"2024-02-02",0.0700,Education,Series E,234.00,Canada,"2024-02-02"
Cake Bikes,"Stockholm, Non-U.S.",,"2024-02-02",1.0000,Transportation,Unknown,74.00,Sweden,"2024-02-03"
Small Robot Company,"Salisbury, Non-U.S.",,"2024-02-02",1.0000,Food,Unknown,10.00,United Kingdom,"2024-02-03"
Twig,"London, Non-U.S.",,"2024-02-02",1.0000,Finance,Unknown,41.00,United Kingdom,"2024-02-03"
Okta,SF Bay Area,400,"2024-02-01",0.0700,Security,Post-IPO,1200.00,United States,"2024-02-01"
Zoom,SF Bay Area,150,"2024-02-01",0.0200,Other,Post-IPO,276.00,United States,"2024-02-01"
Illumina,San Diego,111,"2024-02-01",,Healthcare,Post-IPO,28.00,United States,"2024-02-03"
Polygon,"Cayman Islands, Non-U.S.",60,"2024-02-01",0.1900,Crypto,Unknown,451.00,Cayman Islands,"2024-02-01"
Proofpoint,SF Bay Area,280,"2024-01-31",0.0600,Security,Acquired,885.00,United States,"2024-01-31"
Trove Recommerce,SF Bay Area,130,"2024-01-31",,Retail,Series E,152.00,United States,"2024-02-02"
CircleCI,SF Bay Area,100,"2024-01-31",,Product,Series F,315.00,United States,"2024-02-01"
Thinx,New York City,95,"2024-01-31",,Retail,Acquired,26.00,United States,"2024-01-31"
Innoviz,"Tel Aviv, Non-U.S.",60,"2024-01-31",0.1300,Transportation,Post-IPO,547.00,Israel,"2024-02-01"
The Messenger,Miami,,"2024-01-31",1.0000,Media,Unknown,,United States,"2024-02-01"
Zuora,SF Bay Area,,"2024-01-31",0.0800,Finance,Post-IPO,647.00,United States,"2024-02-02"
PayPal,SF Bay Area,2500,"2024-01-30",0.0900,Finance,Post-IPO,216.00,United States,"2024-01-30"
Block,SF Bay Area,1000,"2024-01-30",0.1000,Finance,Post-IPO,150.00,United States,"2024-01-30"
Kiwi.com,"Brno, Non-U.S.",216,"2024-01-30",0.1800,Travel,Unknown,107.00,Czech Republic,"2024-01-30"
Aurora Solar,SF Bay Area,111,"2024-01-30",0.2000,Energy,Series D,523.00,United States,"2024-01-30"
Wattpad,"Toronto, Non-U.S.",20,"2024-01-30",0.1000,Media,Acquired,117.00,Canada,"2024-01-31"
TechCrunch,SF Bay Area,7,"2024-01-30",,Media,Acquired,,United States,"2024-01-31"
Procore,Santa Barbara,,"2024-01-30",0.0400,Construction,Post-IPO,654.00,United States,"2024-02-29"
iRobot,Boston,350,"2024-01-29",0.3100,Consumer,Post-IPO,30.00,United States,"2024-01-29"
DispatchHealth,Denver,88,"2024-01-29",,Healthcare,Series E,733.00,United States,"2024-01-30"
Loopio,"Toronto, Non-U.S.",,"2024-01-29",0.0600,Sales,Private Equity,263.00,Canada,"2024-01-30"
Salesforce,SF Bay Area,700,"2024-01-26",0.0100,Sales,Post-IPO,65.00,United States,"2024-01-26"
Flexport,SF Bay Area,,"2024-01-26",0.2000,Logistics,Series E,2400.00,United States,"2024-01-26"
Microsoft,Seattle,1900,"2024-01-25",,Other,Post-IPO,1.00,United States,"2024-01-25"
Swiggy,"Bengaluru, Non-U.S.",400,"2024-01-25",0.0700,Food,Unknown,3600.00,India,"2024-01-25"
Veho,Boulder,65,"2024-01-25",0.1900,Logistics,Series B,299.00,United States,"2024-01-26"
Amperity,Seattle,20,"2024-01-25",,Marketing,Series D,187.00,United States,"2024-01-27"
MVPindex,Austin,12,"2024-01-25",0.3000,Marketing,Series B,27.00,United States,"2024-02-16"
Business Insider,New York City,,"2024-01-25",0.0800,Media,Acquired,56.00,United States,"2024-01-26"
Cova,"Lagos, Non-U.S.",,"2024-01-25",1.0000,Finance,Unknown,,Nigeria,"2024-01-26"
Jamf,Minneapolis,,"2024-01-25",0.0600,Other,Post-IPO,332.00,United States,"2024-01-25"
Cult.fit,"Bengaluru, Non-U.S.",100,"2024-01-24",,Fitness,Series F,635.00,India,"2024-04-12"
Personio,"Munich, Non-U.S.",100,"2024-01-24",,HR,Series E,724.00,Germany,"2024-01-25"
Storytel,"Stockholm, Non-U.S.",80,"2024-01-24",0.1300,Media,Post-IPO,275.00,Sweden,"2024-01-24"
Aurora,Pittsburgh,,"2024-01-24",0.0300,Transportation,Post-IPO,3700.00,United States,"2024-01-25"
Desktop Metal,Boston,,"2024-01-24",0.2000,Other,Post-IPO,811.00,United States,"2024-01-25"
SAP,"Walldorf, Non-U.S.",8000,"2024-01-23",0.0700,Other,Post-IPO,1300.00,Germany,"2024-01-24"
eBay,SF Bay Area,1000,"2024-01-23",0.0900,Retail,Post-IPO,1200.00,United States,"2024-01-24"
Vroom,New York City,800,"2024-01-23",0.9000,Transportation,Post-IPO,1300.00,United States,"2024-01-23"
Brex,SF Bay Area,282,"2024-01-23",0.2000,Finance,Series D,1500.00,United States,"2024-01-23"
Cure.fit,"Bengaluru, Non-U.S.",120,"2024-01-23",,Fitness,Series F,625.00,India,"2024-01-23"
GoStudent,"Vienna, Non-U.S.",100,"2024-01-23",,Education,Series D,686.00,Austria,"2024-01-24"
Jellysmack,"Paris, Non-U.S.",30,"2024-01-23",,Media,Series C,22.00,France,"2024-10-23"
GoTo,Boston,29,"2024-01-23",,Other,Acquired,2.00,United States,"2024-01-26"
Seedr,"London, Non-U.S.",15,"2024-01-23",,Finance,Acquired,28.00,United Kingdom,"2024-01-23"
Riot Games,Los Angeles,530,"2024-01-22",0.1100,Consumer,Acquired,21.00,United States,"2024-01-22"
Xendit,"Jakarta, Non-U.S.",200,"2024-01-22",,Finance,Series D,534.00,Indonesia,"2024-02-02"
TikTok,Los Angeles,60,"2024-01-22",,Consumer,Acquired,,United States,"2024-01-23"
SolarEdge,"Tel Aviv, Non-U.S.",900,"2024-01-21",0.1600,Energy,Post-IPO,155.00,Israel,"2024-01-22"
Wayfair,Boston,1650,"2024-01-19",0.1300,Retail,Post-IPO,1700.00,United States,"2024-01-19"
Amazon,Seattle,30,"2024-01-18",,Retail,Post-IPO,108.00,United States,"2024-01-19"
YouTube,SF Bay Area,100,"2024-01-17",,Media,Acquired,11.00,United States,"2024-01-17"
Sirplus,"Berlin, Non-U.S.",60,"2024-01-17",,Food,Seed,,Germany,"2024-01-18"
SonderMind,Denver,49,"2024-01-16",0.1700,Healthcare,Series C,183.00,United States,"2024-01-18"
First Mode,Seattle,48,"2024-01-16",0.2000,Transportation,Acquired,9.00,United States,"2024-01-18"
ALI Technologies,"Tokyo, Non-U.S.",,"2024-01-16",1.0000,Transportation,Unknown,,Japan,"2024-01-20"
Thursday,"London, Non-U.S.",,"2024-01-16",0.7000,Consumer,Seed,3.00,United Kingdom,"2024-01-16"
Veeam,Columbus,300,"2024-01-12",,Data,Acquired,500.00,United States,"2024-01-13"
GrabCAD,"Tallinn, Non-U.S.",13,"2024-01-12",,Other,Acquired,28.00,Estonia,"2024-01-12"
Artifact,SF Bay Area,,"2024-01-12",1.0000,Media,Unknown,,United States,"2024-01-13"
Dastgyr,"Karachi, Non-U.S.",,"2024-01-12",0.8000,Retail,Series A,41.00,Pakistan,"2024-01-18"
New Work SE,"Hamburg, Non-U.S.",400,"2024-01-11",,Consumer,Post-IPO,,Germany,"2024-01-12"
Playtika,"Tel Aviv, Non-U.S.",300,"2024-01-11",0.1000,Consumer,Post-IPO,,Israel,"2024-01-12"
Discord,SF Bay Area,170,"2024-01-11",0.1700,Consumer,Series H,995.00,United States,"2024-01-11"
Inmobi,"Bengaluru, Non-U.S.",125,"2024-01-11",0.0500,Marketing,Unknown,320.00,India,"2024-01-12"
Audible,New York City,100,"2024-01-11",0.0500,Media,Acquired,14.00,United States,"2024-01-12"
"7Shifts","Saskatoon, Non-U.S.",68,"2024-01-11",0.1900,Food,Series C,131.00,Canada,"2024-01-18"
Sisense,New York City,60,"2024-01-11",0.1300,Data,Series F,274.00,United States,"2024-01-12"
Cloudflare,SF Bay Area,40,"2024-01-11",,Security,Post-IPO,332.00,United States,"2024-02-02"
Dextrous Robotics,Memphis,,"2024-01-11",1.0000,Logistics,Unknown,,United States,"2024-01-12"
Citrix,Miami,1000,"2024-01-10",0.1200,Infrastructure,Acquired,20.00,United States,"2024-01-11"
Google,SF Bay Area,1000,"2024-01-10",,Consumer,Post-IPO,26.00,United States,"2024-01-11"
IAC,New York City,330,"2024-01-10",,Consumer,Post-IPO,,United States,"2024-01-13"
FreshDirect,New York City,100,"2024-01-10",0.0300,Food,Acquired,280.00,United States,"2024-01-30"
Beam Benefits,Columbus,74,"2024-01-10",,Healthcare,Series E,168.00,United States,"2024-01-10"
Instagram,SF Bay Area,60,"2024-01-10",,Consumer,Acquired,57.00,United States,"2024-01-12"
ChargePoint,SF Bay Area,,"2024-01-10",0.1200,Manufacturing,Unknown,1400.00,United States,"2024-01-12"
SoFi,SF Bay Area,,"2024-01-10",0.0400,Finance,Post-IPO,3000.00,United States,"2024-01-12"
Twitch,SF Bay Area,500,"2024-01-09",0.3500,Consumer,Acquired,35.00,United States,"2024-01-09"
Branch,Columbus,85,"2024-01-09",,Finance,Series C,229.00,United States,"2024-01-10"
Nevro,SF Bay Area,63,"2024-01-09",0.0500,Healthcare,Post-IPO,556.00,United States,"2024-01-10"
FullStory,Atlanta,50,"2024-01-09",0.1000,Marketing,Unknown,197.00,United States,"2024-01-24"
Uber Freight,SF Bay Area,40,"2024-01-09",,Logistics,Subsidiary,2700.00,United States,"2024-01-11"
Rent the Runway,New York City,37,"2024-01-09",0.1000,Retail,Post-IPO,526.00,United States,"2024-01-09"
Treasure Financial,SF Bay Area,14,"2024-01-09",0.6000,Finance,Series A,14.00,United States,"2024-01-30"
Humane,SF Bay Area,10,"2024-01-09",0.0400,Hardware,Series C,230.00,United States,"2024-01-10"
Trend Micro,"Tokyo, Non-U.S.",,"2024-01-09",0.0200,Security,Unknown,,Japan,"2024-01-10"
Unity,SF Bay Area,1800,"2024-01-08",0.2500,Other,Post-IPO,1300.00,United States,"2024-01-08"
Flipkart,"Bengaluru, Non-U.S.",1100,"2024-01-08",0.0500,Retail,Acquired,12900.00,India,"2024-01-13"
NuScale Power,Corvallis,154,"2024-01-08",0.2800,Energy,Post-IPO,470.00,United States,"2024-01-07"
Flexe,Seattle,99,"2024-01-08",0.3800,Logistics,Series D,263.00,United States,"2024-01-08"
Pitch,"Berlin, Non-U.S.",80,"2024-01-08",0.6700,Other,Series B,138.00,Germany,"2024-01-08"
BenchSci,"Toronto, Non-U.S.",70,"2024-01-08",0.1700,Healthcare,Series D,164.00,Canada,"2024-01-08"
Here,Miami,,"2024-01-08",1.0000,Real Estate,Seed,5.00,United States,"2024-01-09"
Ledger Investing,New York City,,"2024-01-08",0.2500,Finance,Series B,91.00,United States,"2024-01-15"
MeridianLink,Los Angeles,,"2024-01-08",0.0900,Finance,Post-IPO,485.00,United States,"2024-01-13"
NanoString Technologies,Seattle,50,"2024-01-06",0.0900,Healthcare,Post-IPO,826.00,United States,"2024-01-09"
Cue Health,San Diego,94,"2024-01-05",0.1300,Healthcare,Post-IPO,899.00,United States,"2024-01-07"
Trigo,"Tel Aviv, Non-U.S.",30,"2024-01-04",0.1500,Retail,Series C,199.00,Israel,"2024-01-05"
InVision,New York City,,"2024-01-04",1.0000,Product,Series F,356.00,United States,"2024-01-05"
VideoAmp,Los Angeles,,"2024-01-04",0.2000,Marketing,Series F,456.00,United States,"2024-01-05"
Xerox,Norwalk,3000,"2024-01-03",0.1500,Hardware,Post-IPO,27200.00,United States,"2024-02-29"
Lazada Group ,"Singapore, Non-U.S.",100,"2024-01-03",0.3000,Retail,Acquired,7200.00,Singapore,"2024-01-05"
Orca Security,"Tel Aviv, Non-U.S.",60,"2024-01-03",0.1500,Security,Series C,632.00,Israel,"2024-01-03"
Frontdesk,Milwaukee,200,"2024-01-02",1.0000,Travel,Unknown,26.00,United States,"2024-01-03"
The Messenger,New York City,24,"2024-01-02",,Media,Unknown,,United States,"2024-01-03"
Ocado,"London, Non-U.S.",1000,"2023-12-31",,Food,Post-IPO,2000.00,United Kingdom,"2024-07-26"
Bolt.Earth,"Bengaluru, Non-U.S.",,"2023-12-29",0.2000,Energy,Series B,24.00,India,"2024-01-02"
Strake,Boulder,,"2023-12-28",1.0000,Infrastructure,Unknown,,United States,"2024-01-02"
Paytm,"Noida, Non-U.S.",1000,"2023-12-25",,Finance,Unknown,,India,"2023-12-26"
Intel,Sacramento,311,"2023-12-21",,Hardware,Post-IPO,12.00,United States,"2023-12-19"
Hyperloop One,Los Angeles,,"2023-12-21",1.0000,Transportation,Unknown,368.00,United States,"2023-12-22"
ShareChat,"Bengaluru, Non-U.S.",200,"2023-12-20",0.1500,Consumer,Series H,1700.00,India,"2023-12-20"
InSightec,"Haifa, Non-U.S.",100,"2023-12-19",0.2000,Healthcare,Unknown,733.00,Israel,"2023-12-20"
Kaspien,Seattle,,"2023-12-19",1.0000,Retail,Post-IPO,52.00,United States,"2023-12-22"
Enphase Energy,SF Bay Area,350,"2023-12-18",0.1000,Energy,Post-IPO,116.00,United States,"2023-12-19"
Udaan,"Bengaluru, Non-U.S.",100,"2023-12-18",0.1000,Retail,Unknown,1500.00,India,"2023-12-19"
Checkout.com,"London, Non-U.S.",80,"2023-12-18",,Finance,Series D,1800.00,United Kingdom,"2023-12-19"
Arm Holdings,"Shanghai, Non-U.S.",70,"2023-12-18",,Hardware,Post-IPO,,China,"2023-12-19"
eBay,"Tel Aviv, Non-U.S.",20,"2023-12-17",,Retail,Post-IPO,1200.00,Israel,"2023-12-18"
Glowforge,Seattle,30,"2023-12-15",,Manufacturing,Series E,133.00,United States,"2024-02-28"
Cruise,SF Bay Area,900,"2023-12-14",0.2400,Transportation,Acquired,15000.00,United States,"2023-12-14"
Solarisbank,"Berlin, Non-U.S.",20,"2023-12-14",,Finance,Unknown,385.00,Germany,"2023-12-19"
Bolt,SF Bay Area,,"2023-12-14",0.2900,Finance,Series E,1300.00,United States,"2023-12-14"
Curalie,"Berlin, Non-U.S.",,"2023-12-14",1.0000,Healthcare,Unknown,,Germany,"2024-01-02"
Stellar Pizza,Los Angeles,,"2023-12-14",0.5000,Food,Series A,25.00,United States,"2023-12-14"
Invitae,SF Bay Area,235,"2023-12-13",0.1500,Healthcare,Post-IPO,2500.00,United States,"2023-12-15"
Etsy,New York City,225,"2023-12-13",0.1100,Retail,Post-IPO,97.00,United States,"2023-12-13"
Analog Devices,SF Bay Area,111,"2023-12-13",,Manufacturing,Post-IPO,,United States,"2023-12-22"
ForgeRock,SF Bay Area,109,"2023-12-13",,Other,Acquired,234.00,United States,"2023-12-22"
Flex,SF Bay Area,31,"2023-12-13",,Manufacturing,Unknown,,United States,"2023-12-22"
FourKites,Chicago,,"2023-12-13",0.1500,Logistics,Unknown,241.00,United States,"2024-01-08"
Sojern,SF Bay Area,,"2023-12-13",0.2000,Marketing,Unknown,172.00,United States,"2023-12-13"
TomTom,"Lodz, Non-U.S.",45,"2023-12-12",,Transportation,Post-IPO,,Poland,"2023-12-19"
Chipper Cash,SF Bay Area,15,"2023-12-11",0.3300,Finance,Series C,302.00,United States,"2023-12-11"
SmileDirectClub,Nashville,,"2023-12-09",1.0000,Healthcare,Post-IPO,694.00,United States,"2023-12-10"
Sunfolding,SF Bay Area,,"2023-12-09",1.0000,Energy,Series B,32.00,United States,"2023-12-10"
Zulily,Seattle,839,"2023-12-08",1.0000,Retail,Acquired,194.00,United States,"2023-12-08"
D2iQ,SF Bay Area,,"2023-12-08",1.0000,Infrastructure,Series D,247.00,United States,"2023-12-10"
Simplilearn,"Bengaluru, Non-U.S.",200,"2023-12-07",,Education,Acquired,76.00,India,"2023-12-08"
Rivian,Detroit,20,"2023-12-07",,Transportation,Post-IPO,10700.00,United States,"2023-12-22"
Navan,SF Bay Area,145,"2023-12-06",,Travel,Unknown,2200.00,United States,"2024-01-03"
Tidal,New York City,40,"2023-12-06",0.1000,Consumer,Acquired,,United States,"2023-12-07"
FNZ,"London, Non-U.S.",240,"2023-12-05",,Finance,Private Equity,3500.00,United Kingdom,"2026-06-16"
ZestMoney,"Bengaluru, Non-U.S.",150,"2023-12-05",1.0000,Finance,Series C,120.00,India,"2023-12-06"
Navan,SF Bay Area,145,"2023-12-05",0.0500,Finance,Unknown,2200.00,United States,"2023-12-06"
Incredibuild,"Tel Aviv, Non-U.S.",40,"2023-12-05",0.2000,Product,Series B,35.00,Israel,"2023-12-07"
Bill.com,SF Bay Area,,"2023-12-05",0.1500,Finance,Post-IPO,280.00,United States,"2023-12-05"
Course Hero,SF Bay Area,,"2023-12-05",0.2500,Education,Series C,477.00,United States,"2023-12-08"
Pivo,"Abuja, Non-U.S.",,"2023-12-05",1.0000,Finance,Seed,3.00,Nigeria,"2023-12-07"
Spotify,"Stockholm, Non-U.S.",1500,"2023-12-04",0.1700,Media,Post-IPO,2100.00,Sweden,"2023-12-04"
TuSimple,San Diego,150,"2023-12-04",,Transportation,Post-IPO,648.00,United States,"2023-12-05"
Meow Wolf,Santa Fe,8,"2023-12-04",,Media,Unknown,185.00,United States,"2023-12-07"
DwellWell,Los Angeles,,"2023-12-04",1.0000,Real Estate,Seed,6.00,United States,"2023-12-05"
Twilio,SF Bay Area,,"2023-12-04",0.0500,Other,Post-IPO,614.00,United States,"2023-12-04"
Filmic,Seattle,,"2023-12-01",1.0000,Other,Acquired,,United States,"2023-12-03"
Loco,"Mumbai, Non-U.S.",40,"2023-11-30",0.3600,Consumer,Acquired,52.00,India,"2023-12-02"
Zepz,"London, Non-U.S.",30,"2023-11-30",0.0200,Finance,Series E,700.00,United Kingdom,"2023-12-02"
Domo,Salt Lake City,,"2023-11-30",0.0700,Data,Post-IPO,689.00,United States,"2023-12-02"
Vox Media,Washington D.C.,,"2023-11-30",0.0400,Media,Series F,307.00,United States,"2023-11-30"
Unity,SF Bay Area,265,"2023-11-28",0.0400,Other,Post-IPO,1300.00,United States,"2023-11-29"
Dataminr,New York City,150,"2023-11-28",0.2000,AI,Series F,1100.00,United States,"2023-11-28"
Multiverse,"London, Non-U.S.",,"2023-11-28",0.0500,Education,Series D,414.00,United Kingdom,"2023-11-29"
Tier Mobility,"Berlin, Non-U.S.",,"2023-11-28",0.2200,Transportation,Series D,646.00,Germany,"2023-11-29"
VMware,SF Bay Area,2837,"2023-11-27",,Infrastructure,Acquired,393.00,United States,"2023-11-29"
Bytedance,"Shanghai, Non-U.S.",1000,"2023-11-27",,Consumer,Unknown,9400.00,China,"2023-11-27"
Our Next Energy,Detroit,128,"2023-11-27",0.2500,Transportation,Series B,390.00,United States,"2023-11-28"
Veev,SF Bay Area,,"2023-11-26",1.0000,Construction,Series D,597.00,United States,"2023-11-27"
Anar,"Mumbai, Non-U.S.",,"2023-11-25",1.0000,Marketing,Seed,6.00,India,"2023-11-27"
Alerzo,"Ibadan, Non-U.S.",100,"2023-11-21",,Retail,Series B,16.00,Nigeria,"2023-11-22"
McMakler,"Berlin, Non-U.S.",60,"2023-11-21",,Real Estate,Unknown,214.00,Germany,"2023-11-21"
Tulip Retail,"Toronto, Non-U.S.",25,"2023-11-21",,Retail,Series C,79.00,Canada,"2023-11-23"
Jodo,"Bengaluru, Non-U.S.",100,"2023-11-20",,Finance,Series A,19.00,India,"2023-11-20"
Presto,SF Bay Area,,"2023-11-20",0.1700,Food,Post-IPO,167.00,United States,"2024-01-13"
Physics Wallah,"Noida, Non-U.S.",120,"2023-11-19",0.0100,Education,Series A,100.00,India,"2023-11-20"
NextGen Healthcare,St. Louis,84,"2023-11-17",,Healthcare,Acquired,,United States,"2023-11-18"
Buildertrend,Omaha,,"2023-11-17",0.1600,Construction,Unknown,,United States,"2023-11-18"
Jane,Lehi,,"2023-11-17",1.0000,Retail,Series A,40.00,United States,"2023-11-22"
Sierra Space,Boulder,115,"2023-11-16",,Aerospace,Series B,1700.00,United States,"2023-11-17"
Paystack,"Lagos, Non-U.S.",33,"2023-11-16",,Finance,Acquired,10.00,Nigeria,"2023-11-17"
Beamery,"London, Non-U.S.",,"2023-11-16",0.2500,HR,Series D,223.00,United Kingdom,"2023-11-16"
FreshBooks,"Toronto, Non-U.S.",,"2023-11-15",0.0600,Finance,Unknown,331.00,Canada,"2023-11-16"
Singular Genomics,San Diego,,"2023-11-15",0.1000,Healthcare,Post-IPO,176.00,United States,"2023-11-22"
Uleet,Columbus,,"2023-11-15",1.0000,Healthcare,Unknown,,United States,"2023-11-16"
Chewy,Miami,200,"2023-11-14",,Retail,Post-IPO,451.00,United States,"2023-11-15"
Sarcos,Pittsburgh,150,"2023-11-14",,Aerospace,Post-IPO,316.00,United States,"2024-01-02"
Cake Group,"Singapore, Non-U.S.",50,"2023-11-14",0.3000,Crypto,Unknown,,Singapore,"2023-11-15"
Amazon,Seattle,180,"2023-11-13",,Retail,Post-IPO,108.00,United States,"2023-11-13"
TripAdvisor,Boston,125,"2023-11-12",0.0400,Travel,Post-IPO,3.00,United States,"2023-12-22"
OSlash,"Bengaluru, Non-U.S.",,"2023-11-09",1.0000,Other,Seed,7.00,India,"2023-11-10"
Snap,Los Angeles,20,"2023-11-08",,Consumer,Post-IPO,4900.00,United States,"2023-11-09"
BigCommerce,Austin,,"2023-11-08",0.0700,Retail,Post-IPO,224.00,United States,"2023-11-10"
Oportun,SF Bay Area,185,"2023-11-07",0.0700,Finance,Post-IPO,766.00,United States,"2024-03-09"
Zillow,Seattle,23,"2023-11-07",,Real Estate,Post-IPO,97.00,United States,"2023-11-08"
Nextdoor,SF Bay Area,,"2023-11-07",0.2500,Consumer,Post-IPO,736.00,United States,"2023-11-07"
Zeus Living,SF Bay Area,,"2023-11-07",1.0000,Real Estate,Series C,151.00,United States,"2023-11-07"
Ava Labs,New York City,,"2023-11-06",0.1200,Crypto,Unknown,640.00,United States,"2023-11-07"
F5,Seattle,120,"2023-11-03",0.0200,Security,Post-IPO,,United States,"2023-11-06"
NIO,"Shanghai, Non-U.S.",,"2023-11-03",0.1000,Transportation,Post-IPO,7200.00,China,"2023-11-06"
OpenSea,New York City,,"2023-11-03",0.5000,Crypto,Series C,427.00,United States,"2023-11-03"
Viasat,San Diego,800,"2023-11-02",0.1000,Other,Post-IPO,366.00,United States,"2023-11-02"
Beyond Meat,Los Angeles,65,"2023-11-02",0.0800,Food,Post-IPO,122.00,United States,"2023-11-07"
Sportradar,"St. Gallen, Non-U.S.",,"2023-11-02",0.1000,Data,Post-IPO,84.00,Switzerland,"2024-01-24"
Informatica,SF Bay Area,545,"2023-11-01",0.1000,Data,Post-IPO,,United States,"2023-11-02"
Splunk,SF Bay Area,500,"2023-11-01",0.0700,Data,Post-IPO,2400.00,United States,"2023-11-01"
Faire,SF Bay Area,250,"2023-11-01",0.2000,Retail,Series G,1700.00,United States,"2023-11-02"
Sana Benefits,Austin,73,"2023-11-01",0.5000,HR,Series B,106.00,United States,"2023-11-02"
Olive,Columbus,,"2023-10-31",1.0000,Healthcare,Series H,856.00,United States,"2023-11-02"
StepStone,"Berlin, Non-U.S.",215,"2023-10-30",0.0500,Recruiting,Acquired,,Germany,"2023-10-31"
Hubilo,SF Bay Area,50,"2023-10-30",,Other,Series B,153.00,United States,"2023-11-02"
Hippo Insurance,SF Bay Area,120,"2023-10-26",0.2000,Finance,Post-IPO,1300.00,United States,"2023-10-27"
Graphy,"Bengaluru, Non-U.S.",50,"2023-10-26",0.2000,Education,Subsidiary,,India,"2023-10-26"
Salsify,Boston,110,"2023-10-25",,Retail,Unknown,453.00,United States,"2023-10-25"
F-Secure ,"Helsinki, Non-U.S.",70,"2023-10-25",,Security,Post-IPO,,Finland,"2023-10-26"
Virgio,"Bengaluru, Non-U.S.",20,"2023-10-25",0.3300,Retail,Series A,,India,"2023-10-09"
Exabeam,SF Bay Area,,"2023-10-25",0.2000,Security,Series F,391.00,United States,"2023-10-26"
Slync,Dallas,,"2023-10-25",1.0000,Logistics,Series B,76.00,United States,"2023-10-26"
SiFive,SF Bay Area,130,"2023-10-24",0.2000,Hardware,Series F,365.00,United States,"2023-10-25"
Pebble,SF Bay Area,,"2023-10-24",1.0000,Consumer,Seed,1.00,United States,"2023-10-25"
Shipt,Birmingham,,"2023-10-24",0.0300,Retail,Acquired,65.00,United States,"2023-10-25"
Parity Technologies,"London, Non-U.S.",100,"2023-10-23",0.3000,Crypto,Unknown,,United Kingdom,"2023-10-12"
Roblox China,"Shenzen, Non-U.S.",15,"2023-10-23",,Consumer,Subsidiary,,China,"2023-10-25"
Nomad Health,New York City,119,"2023-10-20",0.1700,Healthcare,Unknown,218.00,United States,"2023-02-10"
Tropic,New York City,26,"2023-10-20",,Finance,Series B,67.00,United States,"2023-10-20"
Nomad Health,New York City,,"2023-10-20",0.2500,Healthcare,Unknown,218.00,United States,"2023-10-20"
Convoy,Seattle,500,"2023-10-19",1.0000,Logistics,Series E,1100.00,United States,"2023-10-19"
Bullhorn,Boston,140,"2023-10-19",0.0900,Sales,Acquired,32.00,United States,"2023-10-20"
LegalZoom,Austin,100,"2023-10-19",,Legal,Post-IPO,951.00,United States,"2023-10-20"
StellarAlgo,"Calgary, Non-U.S.",21,"2023-10-19",0.2800,Data,Series A,16.00,Canada,"2023-10-20"
ManoMano,"Paris, Non-U.S.",230,"2023-10-18",0.2500,Retail,Series F,705.00,France,"2023-10-18"
Google,SF Bay Area,40,"2023-10-18",,Consumer,Post-IPO,26.00,United States,"2023-10-19"
WeTransfer,"Amsterdam, Non-U.S.",35,"2023-10-18",0.1000,Other,Series A,64.00,Netherlands,"2023-10-26"
Plume,Denver,24,"2023-10-18",,Healthcare,Series B,38.00,United States,"2023-10-19"
Belora Paris,"Gurugram, Non-U.S.",,"2023-10-18",1.0000,Retail,Seed,,India,"2023-12-04"
Made Renovation,SF Bay Area,,"2023-10-18",1.0000,Construction,Seed,9.00,United States,"2023-10-19"
Volta Trucks,"Stockholm, Non-U.S.",,"2023-10-18",1.0000,Transportation,Series C,391.00,Sweden,"2023-10-23"
Expedia,Seattle,100,"2023-10-17",,Travel,Post-IPO,3300.00,United States,"2023-10-17"
LinkedIn,SF Bay Area,660,"2023-10-16",0.0300,Recruiting,Acquired,154.00,United States,"2023-10-16"
CityMall,"Gurugram, Non-U.S.",90,"2023-10-16",,Retail,Series C,112.00,India,"2023-10-17"
C2FO,Kansas City,80,"2023-10-16",0.0300,Finance,Series H,537.00,United States,"2023-10-20"
Kayak / OpenTable,Stamford,80,"2023-10-16",,Travel,Acquired,229.00,United States,"2023-10-17"
Bandcamp,SF Bay Area,58,"2023-10-16",0.5000,Other,Acquired,,United States,"2023-10-17"
Stack Overflow,New York City,,"2023-10-16",0.2800,Recruiting,Acquired,153.00,United States,"2023-10-16"
Adda247,"Gurugram, Non-U.S.",300,"2023-10-14",,Education,Series B,61.00,India,"2023-10-15"
Flexport,SF Bay Area,,"2023-10-13",0.2000,Logistics,Series E,2400.00,United States,"2023-10-12"
Qualcomm,San Diego,1258,"2023-10-12",0.0200,Hardware,Post-IPO,,United States,"2023-10-13"
Lending Club,SF Bay Area,172,"2023-10-12",0.1400,Finance,Post-IPO,392.00,United States,"2023-10-13"
MariaDB,SF Bay Area,84,"2023-10-12",0.2800,Data,Post-IPO,272.00,United States,"2023-10-12"
Deepgram,SF Bay Area,20,"2023-10-11",0.2000,AI,Series B,86.00,United States,"2023-10-12"
Neon,"Sao Paulo, Non-U.S.",180,"2023-10-10",,Finance,Series D,727.00,Brazil,"2024-02-16"
Stitch Fix,Dallas,558,"2023-10-09",,Retail,Post-IPO,79.00,United States,"2023-10-15"
Carbon Health,SF Bay Area,114,"2023-10-09",0.0500,Healthcare,Series D,522.00,United States,"2023-10-25"
Blue Origin,Seattle,40,"2023-10-09",,Aerospace,Unknown,167.00,United States,"2023-10-09"
Braid,SF Bay Area,,"2023-10-09",1.0000,Finance,Unknown,,United States,"2023-10-10"
Product Hunt,,,"2023-10-09",0.6000,Consumer,Acquired,,United States,"2023-10-15"
VTrips,Jacksonville,75,"2023-10-07",0.0900,Travel,Private Equity,,United States,"2023-12-22"
Juniper Networks,SF Bay Area,440,"2023-10-06",0.0400,Hardware,Post-IPO,39.00,United States,"2024-01-09"
InvestCloud,Los Angeles,80,"2023-10-06",0.0500,Finance,Private Equity,54.00,United States,"2023-10-06"
Brave,SF Bay Area,,"2023-10-06",0.0900,Consumer,Series B,42.00,United States,"2023-10-07"
Dash,New York City,,"2023-10-06",1.0000,Finance,Unknown,86.00,United States,"2023-10-08"
Shift,SF Bay Area,,"2023-10-06",1.0000,Transportation,Post-IPO,504.00,United States,"2023-10-08"
Enovix,SF Bay Area,185,"2023-10-05",,Energy,Post-IPO,516.00,United States,"2023-10-06"
Bizongo,"Mumbai, Non-U.S.",50,"2023-10-05",,Retail,Series E,315.00,India,"2023-10-06"
SchoolMint,SF Bay Area,29,"2023-10-05",0.1400,Education,Acquired,8.00,United States,"2023-10-06"
SeekOut,Seattle,16,"2023-10-05",0.0700,Recruiting,Series C,,United States,"2023-10-06"
Arrival,"London, Non-U.S.",,"2023-10-05",0.2500,Transportation,Post-IPO,629.00,United Kingdom,"2023-10-11"
Ledger,"Paris, Non-U.S.",,"2023-10-05",0.1200,Crypto,Series C,577.00,France,"2023-10-06"
Qualtrics,Salt Lake City,780,"2023-10-04",0.1400,Other,Acquired,400.00,United States,"2023-10-04"
Hopper,"Montreal, Non-U.S.",250,"2023-10-04",0.3000,Travel,Unknown,730.00,Canada,"2023-10-04"
Chainalysis,New York City,150,"2023-10-02",0.1500,Crypto,Series F,536.00,United States,"2023-10-04"
Synapse,SF Bay Area,86,"2023-10-02",0.4000,Finance,Series B,50.00,United States,"2023-10-06"
Chia Network,SF Bay Area,26,"2023-10-02",0.3700,Crypto,Series D,70.00,United States,"2023-10-04"
IronNet,Washington D.C.,,"2023-10-02",1.0000,Security,Post-IPO,428.00,United States,"2023-10-04"
Cowbell,SF Bay Area,28,"2023-09-29",0.1200,Finance,Series B,123.00,United States,"2023-10-02"
N26,"Berlin, Non-U.S.",14,"2023-09-29",,Finance,Series E,1700.00,Germany,"2023-09-29"
Andgo,"Saskatoon, Non-U.S.",9,"2023-09-29",,HR,Series A,5.00,Canada,"2023-09-29"
Epic Games,Raleigh,870,"2023-09-28",0.1600,Consumer,Unknown,6400.00,United States,"2023-09-28"
Lululemon Studio,New York City,120,"2023-09-28",,Fitness,Acquired,75.00,United States,"2023-09-29"
Fit Analytics,"Berlin, Non-U.S.",,"2023-09-28",1.0000,Retail,Acquired,,,"2023-09-29"
Snap,Los Angeles,170,"2023-09-27",,Consumer,Post-IPO,4900.00,United States,"2023-09-28"
Fi.Money,"Bengaluru, Non-U.S.",30,"2023-09-27",0.1000,Finance,Series C,137.00,India,"2023-09-28"
Dunzo,"Bengaluru, Non-U.S.",150,"2023-09-26",0.3000,Food,Unknown,458.00,India,"2023-09-27"
Flexe,Seattle,131,"2023-09-26",0.3300,Logistics,Series D,263.00,United States,"2023-09-27"
Lucid Software,Salt Lake City,75,"2023-09-25",0.0700,Other,Series E,170.00,United States,"2023-09-25"
Eat Just,SF Bay Area,40,"2023-09-22",,Food,Unknown,465.00,United States,"2023-10-02"
Appsmith,SF Bay Area,35,"2023-09-22",0.2500,Software Development,Series B,51.00,United States,"2023-09-24"
Roblox,New York City,30,"2023-09-22",,Consumer,Post-IPO,857.00,United States,"2023-09-22"
Recast,"Edinburgh, Non-U.S.",,"2023-09-22",1.0000,Media,Series A,14.00,United Kingdom,"2023-09-24"
DealShare,"Bengaluru, Non-U.S.",130,"2023-09-21",,Retail,Series E,390.00,India,"2023-09-24"
Merative,"Dublin, Non-U.S.",100,"2023-09-21",,Healthcare,Acquired,,Ireland,"2023-09-24"
Akudo,"Bengaluru, Non-U.S.",,"2023-09-20",1.0000,Finance,Seed,4.00,India,"2023-12-04"
Outreach,Seattle,,"2023-09-20",0.1200,Sales,Series G,489.00,United States,"2023-09-22"
Nowadays,SF Bay Area,,"2023-09-18",1.0000,Food,Seed,10.00,United States,"2023-10-02"
Cisco,SF Bay Area,350,"2023-09-17",,Infrastructure,Post-IPO,2.00,United States,"2023-09-20"
Hooray Foods,SF Bay Area,,"2023-09-17",1.0000,Food,Seed,7.00,United States,"2023-09-21"
Sage Therapeutics copy,Boston,290,"2023-09-15",,Healthcare,Post-IPO,438.00,United States,"2023-09-21"
"7shifts","Saskatoon, Non-U.S.",30,"2023-09-15",0.0700,Food,Series C,131.00,Canada,"2023-09-21"
Velocity,"Bengaluru, Non-U.S.",,"2023-09-15",0.1400,Finance,Series A,30.00,India,"2023-09-20"
Airtable,SF Bay Area,237,"2023-09-14",0.2700,Product,Series F,1400.00,United States,"2023-09-14"
Project44,Chicago,116,"2023-09-14",,Logistics,Unknown,817.00,United States,"2023-09-20"
VideoAmp,Los Angeles,40,"2023-09-14",0.1000,Marketing,Series F,456.00,United States,"2023-09-20"
R3,New York City,,"2023-09-14",0.2000,Crypto,Series A,112.00,United States,"2023-09-14"
Google,SF Bay Area,75,"2023-09-13",,Consumer,Post-IPO,26.00,United States,"2023-09-13"
Akili Labs,Boston,,"2023-09-13",0.4000,Healthcare,Post-IPO,301.00,United States,"2023-09-14"
Evolve,Denver,175,"2023-09-12",0.2000,Travel,Series F,224.00,United States,"2023-09-14"
Binance.US,SF Bay Area,100,"2023-09-12",0.3300,Crypto,Subsidiary,,United States,"2023-09-13"
Paper,"Montreal, Non-U.S.",87,"2023-09-12",0.0300,Education,Series D,389.00,Canada,"2023-09-14"
Homeday,"Berlin, Non-U.S.",40,"2023-09-12",0.2000,Real Estate,Unknown,71.00,Germany,"2023-09-13"
At-Bay,SF Bay Area,27,"2023-09-12",0.0900,Security,Unknown,296.00,United States,"2023-09-06"
Eurora,"Tallinn, Non-U.S.",111,"2023-09-11",,Other,Series A,42.00,Estonia,"2023-09-11"
Chargebee,SF Bay Area,100,"2023-09-11",0.1000,Finance,Series H,468.00,United States,"2023-09-11"
Divvy Homes,SF Bay Area,94,"2023-09-11",,Real Estate,Series B,180.00,United States,"2023-09-09"
Grabango,SF Bay Area,34,"2023-09-11",0.4000,Food,Unknown,94.00,United States,"2023-09-13"
ChargePoint,SF Bay Area,,"2023-09-08",0.1000,Manufacturing,Unknown,1400.00,United States,"2023-09-08"
Drift,Boston,100,"2023-09-07",0.2500,Marketing,Acquired,107.00,United States,"2023-09-09"
Roku,SF Bay Area,360,"2023-09-06",0.1000,Media,Post-IPO,208.00,United States,"2023-09-06"
ForeScout,"Tel Aviv, Non-U.S.",40,"2023-09-06",,Security,Acquired,125.00,Israel,"2023-09-09"
iSpecimen,Boston,,"2023-09-06",0.2000,Healthcare,Post-IPO,31.00,United States,"2023-09-09"
MaxMilhas,"Belo Horizonte, Non-U.S.",82,"2023-09-05",0.1800,Travel,Unknown,,Brazil,"2023-09-06"
Absci,Portland,30,"2023-09-05",0.1500,Healthcare,Post-IPO,238.00,United States,"2023-09-07"
Hodinkee,New York City,24,"2023-09-05",0.2000,Retail,Seed,40.00,United States,"2023-09-06"
mPharma,"Accra, Non-U.S.",150,"2023-09-04",,Healthcare,Series D,90.00,Ghana,"2023-09-07"
Xolo,"Tallinn, Non-U.S.",24,"2023-09-04",,Finance,Series A,11.00,Estonia,"2023-09-04"
Nexar,New York City,17,"2023-09-04",0.1400,Transportation,Series D,149.00,United States,"2023-09-04"
Khatabook,"Bengaluru, Non-U.S.",42,"2023-09-01",,Finance,Series C,187.00,India,"2023-09-04"
Clearcover,Chicago,,"2023-09-01",0.2800,Finance,Series D,304.00,United States,"2023-09-01"
Gated,SF Bay Area,,"2023-09-01",1.0000,Other,Seed,3.00,United States,"2023-09-04"
Lunchtime,"Brno, Non-U.S.",,"2023-09-01",1.0000,Food,Acquired,,Czech Republic,"2023-09-04"
Pegasystems,Boston,240,"2023-08-31",0.0400,HR,Post-IPO,,United States,"2023-09-01"
Biofourmis,Boston,120,"2023-08-31",,Healthcare,Series D,464.00,United States,"2023-09-01"
Malwarebytes,SF Bay Area,100,"2023-08-31",,Security,Series B,80.00,United States,"2023-08-31"
Productboard,SF Bay Area,,"2023-08-31",0.1000,Product,Series D,,United States,"2024-01-27"
SkyKick,Seattle,140,"2023-08-30",,Other,Unknown,198.00,United States,"2023-08-30"
Omuni,"Bengaluru, Non-U.S.",60,"2023-08-30",0.3500,Retail,Acquired,10.00,India,"2023-08-30"
Kenko Health,"Mumbai, Non-U.S.",50,"2023-08-30",0.2000,Healthcare,Series A,14.00,India,"2023-09-01"
Huma,"London, Non-U.S.",45,"2023-08-30",0.1000,Healthcare,Unknown,217.00,United Kingdom,"2023-08-30"
Zeplin,SF Bay Area,37,"2023-08-30",0.3500,Product,Seed,1.00,United States,"2023-08-30"
Kenko Health,"Mumbai, Non-U.S.",50,"2023-08-29",0.2000,Healthcare,Unknown,14.00,India,"2023-08-29"
Zebra Technologies,Chicago,700,"2023-08-28",0.0700,Manufacturing,Post-IPO,2000.00,United States,"2023-08-28"
CoinSwitch,"Bengaluru, Non-U.S.",44,"2023-08-28",,Crypto,Series C,301.00,India,"2023-08-28"
Clockwork,Dallas,,"2023-08-28",1.0000,Crypto,Seed,4.00,United States,"2023-08-28"
HackerRank,SF Bay Area,53,"2023-08-27",,Recruiting,Series D,103.00,United States,"2023-08-28"
Cuemath,"Bengaluru, Non-U.S.",100,"2023-08-26",,Education,Unknown,121.00,India,"2023-08-27"
Captiv8,SF Bay Area,8,"2023-08-24",0.0300,Marketing,Unknown,4.00,United States,"2023-08-25"
Chingari,"Bengaluru, Non-U.S.",,"2023-08-24",0.5000,Media,Unknown,88.00,India,"2023-08-24"
Atlas,Chicago,150,"2023-08-23",0.3000,HR,Series B,220.00,United States,"2023-08-24"
Veriff,"Tallinn, Non-U.S.",101,"2023-08-23",0.2100,Security,Series C,192.00,Estonia,"2023-08-23"
BlackLine,Los Angeles,95,"2023-08-23",0.0500,Finance,Post-IPO,220.00,United States,"2023-08-24"
Rivos,SF Bay Area,24,"2023-08-23",0.0600,Hardware,Unknown,,United States,"2023-11-10"
Cellulant,"Nairobi, Non-U.S.",,"2023-08-23",0.2000,Finance,Series C,54.00,Kenya,"2023-08-24"
Getir,"London, Non-U.S.",2500,"2023-08-22",0.1100,Food,Series E,1800.00,United Kingdom,"2023-08-22"
CoinDCX,"Mumbai, Non-U.S.",,"2023-08-22",0.1200,Crypto,Series D,247.00,India,"2023-08-23"
Hypefast,"Jakarta, Non-U.S.",,"2023-08-22",0.3000,Retail,Series A,33.00,Indonesia,"2023-08-25"
Twiga,"Nairobi, Non-U.S.",283,"2023-08-20",0.3300,Food,Series C,157.00,Kenya,"2023-08-22"
Spartan Poker,"Kolkata, Non-U.S.",125,"2023-08-19",0.4000,Consumer,Unknown,,India,"2023-08-19"
Times Internet ,"Gurugram, Non-U.S.",100,"2023-08-18",0.0500,Media,Subsidiary,,India,"2023-08-19"
Detectify,"Stockholm, Non-U.S.",30,"2023-08-18",,Security,Unknown,42.00,Sweden,"2023-10-23"
Zylo,Indianapolis,,"2023-08-18",0.1000,Other,Series C,72.00,United States,"2023-08-19"
Illumina,San Diego,151,"2023-08-17",,Healthcare,Post-IPO,28.00,United States,"2023-08-19"
AppFolio,Santa Barbara,149,"2023-08-17",0.0900,Real Estate,Post-IPO,30.00,United States,"2023-08-18"
Intel,SF Bay Area,140,"2023-08-17",,Hardware,Post-IPO,12.00,United States,"2023-08-19"
StreamElements,"Tel Aviv, Non-U.S.",60,"2023-08-17",0.3500,Media,Series B,111.00,Israel,"2023-08-18"
FlexCar,Boston,20,"2023-08-16",,Transportation,Unknown,297.00,United States,"2023-08-18"
SecureWorks,Atlanta,300,"2023-08-14",0.1500,Security,Post-IPO,83.00,United States,"2023-08-14"
Easee,"Sandnes, Non-U.S.",200,"2023-08-14",0.5700,Energy,Unknown,,Norway,"2023-08-19"
Shutterfly,Minneapolis,246,"2023-08-10",,Manufacturing,Post-IPO,50.00,United States,"2023-08-11"
SHINE Technologies,Milwaukee,59,"2023-08-10",,Other,Series C,672.00,United States,"2023-08-11"
Hike,"New Delhi, Non-U.S.",55,"2023-08-10",,Consumer,Unknown,261.00,India,"2023-08-11"
Blend,SF Bay Area,150,"2023-08-09",0.1900,Finance,Post-IPO,665.00,United States,"2023-08-11"
Niantic,Los Angeles,100,"2023-08-09",,Other,Series D,770.00,United States,"2023-08-11"
Babylon Health,"London, Non-U.S.",94,"2023-08-09",,Healthcare,Post-IPO,1200.00,United Kingdom,"2023-08-11"
Dealtale,"Tel Aviv, Non-U.S.",70,"2023-08-09",1.0000,Sales,Acquired,2.00,Israel,"2023-08-11"
Quizy,"Gurugram, Non-U.S.",,"2023-08-09",1.0000,Consumer,Seed,,India,"2023-08-09"
StyleSeat,SF Bay Area,,"2023-08-09",0.1700,Consumer,Series C,40.00,United States,"2023-10-02"
Thoughtworks,Chicago,579,"2023-08-08",0.0500,Other,Post-IPO,748.00,United States,"2023-10-17"
Rapid7,Boston,470,"2023-08-08",0.1800,Security,Post-IPO,89.00,United States,"2023-08-08"
MPL,"Bengaluru, Non-U.S.",350,"2023-08-08",,Consumer,Unknown,375.00,India,"2023-08-08"
Doximity,SF Bay Area,100,"2023-08-08",0.1000,Healthcare,Post-IPO,82.00,United States,"2023-08-09"
"23andMe",SF Bay Area,71,"2023-08-08",0.1100,Healthcare,Post-IPO,1100.00,United States,"2023-08-08"
Caliva,SF Bay Area,54,"2023-08-08",,Retail,Series B,75.00,United States,"2023-08-09"
Sendy,"Nairobi, Non-U.S.",,"2023-08-08",1.0000,Logistics,Series B,26.00,Kenya,"2023-08-08"
Verse,"Barcelona, Non-U.S.",,"2023-08-07",1.0000,Finance,Acquired,38.00,Spain,"2023-08-29"
Qomplx,Washington D.C.,60,"2023-08-04",,AI,Series A,107.00,United States,"2023-08-05"
CodeClan,"Edinburgh, Non-U.S.",57,"2023-08-04",1.0000,Education,Seed,,United Kingdom,"2023-08-08"
Top Hat,"Toronto, Non-U.S.",42,"2023-08-04",0.0700,Education,Series E,234.00,Canada,"2023-08-05"
Astra,SF Bay Area,,"2023-08-04",0.2500,Aerospace,Post-IPO,300.00,United States,"2023-08-05"
Big Cabal Media,"Lagos, Non-U.S.",,"2023-08-04",0.1900,Media,Seed,3.00,Nigeria,"2023-08-05"
Discord,SF Bay Area,37,"2023-08-03",0.0400,Consumer,Series H,995.00,United States,"2023-08-04"
Bardee,"Melbourne, Non-U.S.",30,"2023-08-03",,Food,Seed,5.00,Australia,"2023-08-03"
Ayoconnect,"Jakarta, Non-U.S.",,"2023-08-03",0.1000,Finance,Series B,43.00,Indonesia,"2023-08-05"
Spinny,"Gurugram, Non-U.S.",300,"2023-08-02",0.0500,Transportation,Series E,513.00,India,"2023-08-04"
Tekion,"Bengaluru, Non-U.S.",300,"2023-08-02",0.1000,Other,Series D,435.00,India,"2023-08-03"
BetterUp,SF Bay Area,100,"2023-08-02",0.1600,HR,Series E,567.00,United States,"2023-08-04"
Augury,New York City,70,"2023-08-02",0.1800,Manufacturing,Series E,274.00,United States,"2023-08-03"
Gem,SF Bay Area,70,"2023-08-02",,Recruiting,Series C,148.00,United States,"2023-08-03"
Gupy,"Sao Paulo, Non-U.S.",58,"2023-08-02",0.0800,HR,Series B,105.00,Brazil,"2023-08-03"
Salesforce,"Dublin, Non-U.S.",50,"2023-08-02",,Sales,Post-IPO,65.00,Ireland,"2023-08-04"
FamPay,"Bengaluru, Non-U.S.",18,"2023-08-02",,Finance,Series A,42.00,India,"2023-08-03"
Actyv.ai,"Bengaluru, Non-U.S.",,"2023-08-02",0.6000,Finance,Seed,12.00,India,"2023-08-03"
ConnectedH,"Gurugram, Non-U.S.",,"2023-08-02",1.0000,Healthcare,Seed,2.00,India,"2023-08-03"
HackerOne,SF Bay Area,,"2023-08-02",0.1200,Security,Series E,159.00,United States,"2023-08-02"
Silofit,"Montreal, Non-U.S.",,"2023-08-02",1.0000,Fitness,Series A,19.00,Canada,"2023-08-05"
Vesttoo,"Tel Aviv, Non-U.S.",150,"2023-08-01",0.7500,Finance,Series C,110.00,Israel,"2023-08-03"
Planet,SF Bay Area,117,"2023-08-01",0.1000,Aerospace,Post-IPO,574.00,United States,"2023-08-01"
Paper,"Montreal, Non-U.S.",106,"2023-08-01",0.0400,Education,Series D,389.00,Canada,"2023-08-01"
Archipelago,SF Bay Area,40,"2023-08-01",0.3000,Real Estate,Series B,57.00,United States,"2023-08-01"
Increff,"Bengaluru, Non-U.S.",,"2023-08-01",0.2000,Retail,Series B,17.00,India,"2023-08-02"
inDrive,SF Bay Area,,"2023-08-01",0.1000,Transportation,Unknown,387.00,United States,"2023-08-01"
Outreach ,Seattle,,"2023-08-01",0.0500,Sales,Series G,489.00,United States,"2023-08-01"
Qoala,"Jakarta, Non-U.S.",80,"2023-07-31",,Finance,Series B,89.00,Indonesia,"2023-08-05"
Fable,"Toronto, Non-U.S.",13,"2023-07-31",0.0900,Other,Series A,12.00,Canada,"2023-08-05"
Nexar,New York City,12,"2023-07-31",,Transportation,Series D,149.00,United States,"2023-09-04"
Kape Technologies,"London, Non-U.S.",200,"2023-07-30",0.3000,Security,Post-IPO,188.00,United Kingdom,"2023-07-30"
Eroad,"Auckland, Non-U.S.",200,"2023-07-28",0.3100,Transportation,Unknown,46.00,New Zealand,"2023-08-01"
Kape,"London, Non-U.S.",180,"2023-07-28",,Security,Post-IPO,188.00,United Kingdom,"2023-08-05"
Milkbasket,"Gurugram, Non-U.S.",400,"2023-07-27",0.6700,Food,Acquired,39.00,India,"2023-07-29"
Wish,SF Bay Area,255,"2023-07-27",0.3400,Retail,Post-IPO,1600.00,United States,"2023-08-01"
Point,SF Bay Area,61,"2023-07-27",0.2800,Real Estate,Series C,149.00,United States,"2023-09-07"
Akseleran,"Jakarta, Non-U.S.",60,"2023-07-27",,Finance,Series A,9.00,Indonesia,"2023-07-29"
Verbit,New York City,60,"2023-07-27",0.0600,Data,Series E,569.00,United States,"2023-07-27"
Datree,SF Bay Area,,"2023-07-27",1.0000,Other,Seed,11.00,United States,"2023-07-30"
Copia,"Nairobi, Non-U.S.",350,"2023-07-26",0.2500,Retail,Series C,103.00,Kenya,"2023-07-26"
Figure,SF Bay Area,90,"2023-07-26",0.2000,Crypto,Unknown,1500.00,United States,"2023-07-29"
Calendly,Atlanta,60,"2023-07-26",0.1000,Other,Series B,351.00,United States,"2023-07-27"
Myntra,"Bengaluru, Non-U.S.",50,"2023-07-26",,Retail,Acquired,516.00,India,"2023-07-26"
Kleos Space,"Luxembourg, Raleigh",,"2023-07-26",1.0000,Aerospace,Post-IPO,17.00,Luxembourg,"2023-07-27"
Deep Instict,New York City,46,"2023-07-25",0.1500,Security,Unknown,322.00,United States,"2023-07-26"
AppHarvest,Lexington,,"2023-07-24",1.0000,Food,Post-IPO,692.00,United States,"2023-07-27"
PathAI,Boston,87,"2023-07-21",,Healthcare,Series C,255.00,United States,"2023-07-11"
Bundle Africa,"Lagos, Non-U.S.",,"2023-07-21",1.0000,Crypto,Seed,1.00,Nigeria,"2023-07-22"
Viaplay,"Stockholm, Non-U.S.",450,"2023-07-20",0.2500,Media,Unknown,,Sweden,"2023-07-11"
Stoa,Phoenix,80,"2023-07-20",0.8000,Real Estate,Unknown,,United States,"2023-07-22"
AgentSync,Denver,67,"2023-07-19",0.2400,Finance,Series B,111.00,United States,"2023-07-26"
Inspirato,Denver,50,"2023-07-19",0.0600,Travel,Post-IPO,179.00,United States,"2023-07-20"
Tilia,SF Bay Area,28,"2023-07-19",0.3200,Finance,Unknown,32.00,United States,"2023-08-14"
Blue Apron,New York City,,"2023-07-19",0.2000,Food,Post-IPO,422.00,United States,"2023-08-09"
Microsoft,Seattle,1000,"2023-07-18",,Other,Post-IPO,1.00,United States,"2023-07-10"
Cameo,Chicago,80,"2023-07-18",,Consumer,Unknown,165.00,United States,"2023-07-18"
Sarcos,Salt Lake City,75,"2023-07-17",0.2500,Aerospace,Post-IPO,316.00,United States,"2023-07-19"
Ezoic,San Diego,,"2023-07-17",0.2800,Infrastructure,Series A,39.00,United States,"2023-07-19"
Binance,Cayman Islands,1000,"2023-07-14",,Crypto,Unknown,,Cayman Islands,"2023-07-14"
PayScale,Seattle,14,"2023-07-14",0.0200,HR,Acquired,33.00,United States,"2023-07-15"
Navi Technologies,"Bengaluru, Non-U.S.",200,"2023-07-13",,Finance,Unknown,659.00,India,"2023-07-13"
Skill Lync,"Chennai, Non-U.S.",200,"2023-07-13",,Education,Series A,17.00,India,"2023-07-13"
Amazon,Seattle,80,"2023-07-13",,Retail,Post-IPO,108.00,United States,"2023-07-14"
AudioCodes,"Tel Aviv, Non-U.S.",80,"2023-07-13",0.0600,Other,Post-IPO,91.00,Israel,"2023-07-17"
Tempo Automation,SF Bay Area,62,"2023-07-13",,Other,Post-IPO,154.00,United States,"2023-07-17"
Uber Freight,SF Bay Area,40,"2023-07-13",,Logistics,Subsidiary,2700.00,United States,"2023-07-14"
Deepwatch,Tampa Bay,30,"2023-07-13",0.0700,Security,Series C,256.00,United States,"2023-07-14"
Centr,"Sydney, Non-U.S.",22,"2023-07-13",,Fitness,Unknown,,Australia,"2023-07-13"
Factorial,"Barcelona, Non-U.S.",20,"2023-07-13",,HR,Series C,220.00,Spain,"2023-07-17"
Peloton,New York City,11,"2023-07-13",,Fitness,Post-IPO,1900.00,United States,"2023-07-17"
Bark,New York City,,"2023-07-13",0.0800,Retail,Post-IPO,282.00,United States,"2023-07-26"
Khoros,Austin,,"2023-07-13",0.0500,Sales,Private Equity,138.00,United States,"2023-07-19"
Stitch Fix,Philadelphia,400,"2023-07-12",,Retail,Post-IPO,79.00,United States,"2023-07-14"
Dapper Labs,Vancouver,51,"2023-07-12",,Crypto,Unknown,,Canada,"2023-07-13"
DeepVerge,"Dublin, Non-U.S.",50,"2023-07-12",1.0000,Healthcare,Post-IPO,20.00,Ireland,"2023-07-13"
Freightos,Miami,50,"2023-07-12",0.1300,Logistics,Post-IPO,118.00,United States,"2023-07-13"
Duck Creek Technologies,Boston,,"2023-07-12",0.0900,Finance,Acquired,357.00,United States,"2023-08-11"
WayCool,"Chennai, Non-U.S.",300,"2023-07-11",0.1200,Food,Unknown,363.00,India,"2023-07-13"
Matterport,SF Bay Area,170,"2023-07-11",0.3000,Data,Post-IPO,409.00,United States,"2023-07-11"
Everquote,Evansville,100,"2023-07-11",,Finance,Post-IPO,53.00,United States,"2023-07-13"
Sisense,New York City,100,"2023-07-11",0.1500,Data,Series F,274.00,United States,"2023-07-11"
Butterfly Network copy,Boston,,"2023-07-11",0.2500,Healthcare,Post-IPO,530.00,United States,"2023-07-17"
Shift,SF Bay Area,,"2023-07-11",0.3400,Transportation,Post-IPO,504.00,United States,"2023-07-13"
Rad Power Bikes,Seattle,40,"2023-07-10",,Transportation,Series D,329.00,United States,"2024-08-01"
FrontRow,"Bengaluru, Non-U.S.",,"2023-07-10",1.0000,Education,Series A,17.00,India,"2023-07-11"
Latch,New York City,,"2023-07-10",0.5900,Security,Post-IPO,342.00,United States,"2023-07-11"
Motive,SF Bay Area,,"2023-07-10",0.0500,Transportation,Series F,567.00,United States,"2023-07-13"
Medsaf,"Lagos, Non-U.S.",30,"2023-07-07",1.0000,Healthcare,Unknown,,Nigeria,"2023-07-15"
Amdocs,St. Louis,2000,"2023-07-06",0.0600,Support,Post-IPO,,United States,"2023-01-06"
FNZ,"London, Non-U.S.",1000,"2023-07-06",0.1500,Finance,Private Equity,1400.00,United Kingdom,"2023-07-07"
FNZ,"London, Non-U.S.",1000,"2023-07-06",0.1500,Finance,Private Equity,3500.00,United Kingdom,"2026-06-16"
Perfect Day,SF Bay Area,134,"2023-07-06",0.1500,Food,Series D,711.00,United States,"2023-07-13"
Solidigm,Sacramento,98,"2023-07-06",,Hardware,Unknown,,United States,"2023-07-13"
TytoCare,New York City,20,"2023-07-06",0.1000,Healthcare,Series D,156.00,United States,"2023-07-07"
Athennian,"Calgary, Non-U.S.",30,"2023-07-05",,Legal,Series B,47.00,Canada,"2023-08-17"
Vista Group,"Auckland, Non-U.S.",,"2023-07-05",0.0600,Data,Post-IPO,,New Zealand,"2023-07-06"
Highsnobiety,"Berlin, Non-U.S.",24,"2023-07-03",0.1000,Media,Acquired,8.00,Germany,"2023-07-05"
Zip,"Sydney, Non-U.S.",300,"2023-07-02",0.2000,Finance,Post-IPO,896.00,Australia,"2023-07-05"
Buzzer,New York City,,"2023-06-30",1.0000,Consumer,Series A,24.00,United States,"2023-07-01"
Lunya,Los Angeles,,"2023-06-30",1.0000,Retail,Unknown,,United States,"2023-07-01"
MediaMath,New York City,,"2023-06-30",1.0000,Marketing,Private Equity,607.00,United States,"2023-07-01"
Petal,New York City,,"2023-06-30",0.2000,Finance,Series D,704.00,United States,"2023-12-04"
Niantic,SF Bay Area,230,"2023-06-29",,Other,Series D,770.00,United States,"2023-06-29"
Headspace,Los Angeles,181,"2023-06-29",0.1500,Healthcare,Unknown,216.00,United States,"2023-06-30"
Artsy,New York City,35,"2023-06-29",0.1500,Retail,Series D,100.00,United States,"2023-06-30"
Candy Digital,New York City,30,"2023-06-29",,Crypto,Series A,138.00,United States,"2023-06-30"
Xiaomi India,"Bengaluru, Non-U.S.",30,"2023-06-29",,Other,Subsidiary,,India,"2023-06-30"
Torii,"Ra'anana, Non-U.S.",28,"2023-06-29",0.3000,Other,Series B,65.00,Israel,"2023-07-01"
Insider Intelligence,New York City,20,"2023-06-29",,Media,Subsidiary,,United States,"2023-06-30"
Merama,"Mexico City, Non-U.S.",,"2023-06-29",0.1000,Retail,Series B,445.00,Mexico,"2023-07-01"
Qyuki,"Bengaluru, Non-U.S.",,"2023-06-29",0.3000,Other,Seed,19.00,India,"2023-07-05"
Vowel,New York City,,"2023-06-29",1.0000,Other,Series A,18.00,United States,"2023-06-30"
ClickUp,San Diego,90,"2023-06-28",0.1000,Other,Series C,537.00,United States,"2023-07-04"
Ludia,"Montreal, Non-U.S.",55,"2023-06-28",,Consumer,Acquired,1.00,,"2023-06-30"
Karat,Seattle,47,"2023-06-28",,HR,Unknown,169.00,United States,"2023-06-30"
Plex,SF Bay Area,37,"2023-06-28",0.2000,Media,Unknown,81.00,United States,"2023-06-28"
Starburst,Boston,,"2023-06-28",0.1500,Data,Series D,414.00,United States,"2023-07-13"
Zapier,SF Bay Area,,"2023-06-28",0.1000,Other,Seed,1.00,United States,"2023-06-28"
Selina,"London, Non-U.S.",350,"2023-06-27",,Travel,Post-IPO,612.00,United Kingdom,"2023-07-07"
New Relic,SF Bay Area,255,"2023-06-27",0.1000,Infrastructure,Post-IPO,214.00,United States,"2023-06-27"
Tibber,"FÃ¸rde, Non-U.S.",50,"2023-06-27",,Energy,Series C,181.00,Norway,"2023-06-27"
Eyowo,"Lagos, Non-U.S.",,"2023-06-27",1.0000,Finance,Unknown,,Nigeria,"2023-06-26"
Honor,SF Bay Area,,"2023-06-27",0.1500,Healthcare,Unknown,625.00,United States,"2024-01-31"
Loopio,"Toronto, Non-U.S.",,"2023-06-27",0.0900,Sales,Private Equity,263.00,Canada,"2023-06-28"
Lordstown Motors,Detroit,,"2023-06-27",1.0000,Transportation,Post-IPO,1100.00,United States,"2023-06-30"
Payoneer,New York City,200,"2023-06-26",0.1000,Finance,Post-IPO,,United States,"2023-06-27"
Robinhood,SF Bay Area,150,"2023-06-26",0.0700,Finance,Post-IPO,5600.00,United States,"2023-06-26"
Convoy,Seattle,30,"2023-06-26",0.0500,Logistics,Series E,1100.00,United States,"2023-06-27"
Joonko,New York City,,"2023-06-25",1.0000,Recruiting,Series B,38.00,United States,"2023-06-27"
IRL,SF Bay Area,,"2023-06-23",1.0000,Consumer,Series C,197.00,United States,"2023-06-25"
Retool,SF Bay Area,,"2023-06-22",0.0900,Other,Series C,141.00,United States,"2023-06-22"
Anaplan,SF Bay Area,300,"2023-06-21",,Other,Acquired,300.00,United States,"2023-06-24"
Uber,SF Bay Area,200,"2023-06-21",,Transportation,Post-IPO,25200.00,United States,"2023-06-22"
Tackle.io,Boise,75,"2023-06-21",,Infrastructure,Series C,148.00,United States,"2023-06-23"
Ritual,"Toronto, Non-U.S.",38,"2023-06-21",0.4000,Food,Series C,134.00,Canada,"2023-06-24"
Mutiny,SF Bay Area,,"2023-06-21",0.3000,Marketing,Series B,69.00,United States,"2023-07-14"
Grab,"Singapore, Non-U.S.",1000,"2023-06-20",0.1100,Transportation,Post-IPO,16500.00,Singapore,"2023-06-20"
OLX Group,"Amsterdam, Non-U.S.",800,"2023-06-20",,Marketing,Acquired,,Netherlands,"2023-06-20"
AvantStay,Los Angeles,37,"2023-06-20",,Travel,Private Equity,686.00,United States,"2023-12-22"
Karakuki,"London, Non-U.S.",,"2023-06-20",1.0000,Food,Unknown,13.00,United Kingdom,"2023-06-22"
Chingari,"Bengaluru, Non-U.S.",48,"2023-06-19",0.2000,Media,Unknown,88.00,India,"2023-06-20"
Panther,Tampa Bay,,"2023-06-19",1.0000,HR,Seed,2.00,United States,"2023-06-20"
Fuzzy,SF Bay Area,,"2023-06-18",1.0000,Healthcare,Series C,80.00,United States,"2023-06-18"
Mojocare,"Bengaluru, Non-U.S.",170,"2023-06-17",0.8000,Healthcare,Series A,24.00,India,"2023-06-17"
Nikola,Phoenix,270,"2023-06-16",,Transportation,Post-IPO,3300.00,United States,"2023-06-17"
Qualcomm,SF Bay Area,84,"2023-06-16",,Hardware,Post-IPO,,United States,"2023-07-19"
Pilot,SF Bay Area,45,"2023-06-16",0.1300,Finance,Unknown,116.00,United States,"2023-07-01"
Karshare,"London, Non-U.S.",,"2023-06-16",1.0000,Transportation,Seed,4.00,United Kingdom,"2023-06-17"
CareRev,Los Angeles,100,"2023-06-15",0.3300,Healthcare,Series A,51.00,United States,"2023-06-16"
TADA,"Seoul, Non-U.S.",45,"2023-06-15",0.6000,Transportation,Subsidiary,,South Korea,"2023-06-17"
FrontRow,"Bengaluru, Non-U.S.",,"2023-06-15",0.9000,Education,Series A,17.00,India,"2023-06-16"
Bitwise,SF Bay Area,900,"2023-06-14",1.0000,Crypto,Series B,84.00,United States,"2023-06-16"
Sonos,New York City,130,"2023-06-14",0.0700,Consumer,Post-IPO,455.20,United States,"2023-06-14"
TrueCar,Los Angeles,102,"2023-06-14",0.2400,Transportation,Post-IPO,340.00,United States,"2023-06-15"
Olo,New York City,81,"2023-06-14",0.1100,Food,Post-IPO,184.00,United States,"2023-06-14"
Mamaearth,"Gurugram, Non-U.S.",80,"2023-06-14",,Retail,Unknown,111.00,India,"2023-06-14"
Synapse,SF Bay Area,,"2023-06-14",0.1800,Finance,Series B,50.00,United States,"2023-06-15"
Western Digital,SF Bay Area,211,"2023-06-13",,Hardware,Post-IPO,900.00,United States,"2023-10-20"
JupiterOne,Raleigh,8,"2023-06-13",,Security,Series C,119.00,United States,"2023-06-14"
Grubhub,SF Bay Area,400,"2023-06-12",0.1500,Food,Acquired,284.00,United States,"2023-06-12"
GoCardless,"London, Non-U.S.",150,"2023-06-12",0.1700,Finance,Series G,529.00,United Kingdom,"2023-06-12"
Pendo,Raleigh,100,"2023-06-12",0.1200,Product,Series F,469.00,United States,"2023-06-12"
Chegg,SF Bay Area,80,"2023-06-12",0.0400,Education,Post-IPO,227.00,United States,"2023-06-14"
dot.LA,Los Angeles,,"2023-06-12",1.0000,Media,Seed,4.00,United States,"2023-06-14"
TaxBit,SF Bay Area,80,"2023-06-11",0.4000,Crypto,Unknown,253.00,United States,"2023-06-12"
Tiki,"Singapore, Non-U.S.",,"2023-06-11",1.0000,Consumer,Unknown,,Singapore,"2023-06-14"
Trybe,"Sao Paulo, Non-U.S.",128,"2023-06-09",0.3500,Education,Series B,40.00,Brazil,"2023-06-12"
"23andMe",SF Bay Area,75,"2023-06-09",0.0900,Healthcare,Post-IPO,1100.00,United States,"2023-06-09"
Expel,Washington D.C.,60,"2023-06-09",0.1000,Security,Series E,288.00,United States,"2023-06-09"
Branch,Columbus,186,"2023-06-08",,Finance,Series C,229.00,United States,"2023-06-09"
Cityblock Health,New York City,155,"2023-06-08",0.1200,Healthcare,Series D,891.00,United States,"2023-06-08"
Highspot,Seattle,140,"2023-06-08",0.1500,Sales,Series F,644.00,United States,"2023-06-09"
Opora,SF Bay Area,,"2023-06-08",1.0000,Security,Seed,7.00,United States,"2023-06-09"
Byju's,"Bengaluru, Non-U.S.",1000,"2023-06-07",,Education,Private Equity,5500.00,India,"2023-06-09"
Nubank,"Sao Paulo, Non-U.S.",296,"2023-06-07",,Finance,Post-IPO,4100.00,Brazil,"2023-06-08"
Sumo Logic,SF Bay Area,79,"2023-06-07",,Data,Acquired,340.00,United States,"2023-06-10"
Flatiron Health,New York City,39,"2023-06-07",,Healthcare,Acquired,324.00,United States,"2023-06-24"
HashiCorp,SF Bay Area,,"2023-06-07",0.0800,Infrastructure,Post-IPO,349.00,United States,"2023-06-07"
Coherent,SF Bay Area,196,"2023-06-06",,Manufacturing,Post-IPO,,United States,"2023-06-08"
Edgio,Phoenix,134,"2023-06-06",0.1200,Infrastructure,Post-IPO,462.00,United States,"2023-06-09"
Reddit,SF Bay Area,90,"2023-06-06",0.0500,Consumer,Series F,1300.00,United States,"2023-06-06"
Linktree,"Melbourne, Non-U.S.",60,"2023-06-06",0.2700,Consumer,Unknown,165.00,Australia,"2023-06-06"
Dragos,Baltimore,50,"2023-06-06",0.0900,Security,Series D,364.00,United States,"2023-06-06"
Unity,SF Bay Area,50,"2023-06-06",,Other,Post-IPO,1300.00,United States,"2023-06-08"
Mara,"Nairobi, Non-U.S.",6,"2023-06-06",,Crypto,Seed,23.00,Kenya,"2023-06-08"
Bunnii,New York City,,"2023-06-06",1.0000,Healthcare,Unknown,,United States,"2023-06-06"
Spotify,"Stockholm, Non-U.S.",200,"2023-06-05",0.0200,Media,Post-IPO,2100.00,Sweden,"2023-06-05"
Meati Foods,Denver,,"2023-06-03",0.0500,Food,Series C,274.00,United States,"2023-06-05"
ZoomInfo,"Vancouver, Non-U.S.",120,"2023-06-02",0.0300,Sales,Post-IPO,7.00,Canada,"2023-06-02"
Staffbase,"Chemnitz, Non-U.S.",90,"2023-06-02",,Other,Series E,307.00,Germany,"2023-06-04"
Zume,SF Bay Area,,"2023-06-02",1.0000,Food,Unknown,423.00,United States,"2023-06-04"
Haven Technologies,New York City,280,"2023-06-01",0.7000,Finance,Subsidiary,,United States,"2023-06-02"
Mural,SF Bay Area,170,"2023-06-01",,Product,Series C,192.00,United States,"2023-06-06"
Glamyo Health,"New Delhi, Non-U.S.",160,"2023-06-01",,Healthcare,Series B,9.00,India,"2023-06-02"
Outbrain,New York City,90,"2023-06-01",0.1000,Marketing,Post-IPO,394.00,United States,"2023-06-02"
CoachHub,"Berlin, Non-U.S.",,"2023-06-01",0.1000,HR,Series C,332.00,Germany,"2023-06-04"
SentinelOne,SF Bay Area,,"2023-06-01",0.0500,Security,Post-IPO,696.00,United States,"2023-06-02"
SmartAsset,New York City,,"2023-06-01",0.1900,Finance,Series D,161.00,United States,"2023-06-02"
Zendesk,SF Bay Area,320,"2023-05-31",0.0800,Support,Acquired,85.00,United States,"2023-06-01"
ZipRecruiter,Los Angeles,270,"2023-05-31",0.2000,Recruiting,Post-IPO,769.00,United States,"2023-05-31"
Vendr,Boston,100,"2023-05-31",0.2500,Other,Series B,216.00,United States,"2023-05-31"
McMakler,"Berlin, Non-U.S.",60,"2023-05-31",,Real Estate,Unknown,214.00,Germany,"2023-06-02"
Mux,SF Bay Area,40,"2023-05-31",0.3000,Infrastructure,Series D,173.00,United States,"2023-06-02"
Away,New York City,22,"2023-05-31",0.0800,Retail,Series D,181.00,United States,"2023-08-15"
Taxfix,"Berlin, Non-U.S.",120,"2023-05-30",0.2000,Finance,Series D,330.00,Germany,"2023-05-31"
Mensa Brands,"Bengaluru, Non-U.S.",30,"2023-05-30",,Retail,Unknown,254.00,India,"2023-05-31"
Evolve,Denver,164,"2023-05-29",0.1400,Travel,Series F,224.00,United States,"2023-09-14"
Project44,Chicago,130,"2023-05-26",0.1000,Logistics,Unknown,817.00,United States,"2023-05-27"
DHI Group,New York City,53,"2023-05-26",0.1000,Recruiting,Post-IPO,,United States,"2023-06-06"
BenevolentAI,"London, Non-U.S.",180,"2023-05-25",,Healthcare,Private Equity,292.00,United Kingdom,"2023-05-26"
Airmeet,"Bengaluru, Non-U.S.",75,"2023-05-25",0.3000,Marketing,Series B,50.00,India,"2023-05-26"
Circus Kitchens,"Hamburg, Non-U.S.",35,"2023-05-25",,Food,Seed,12.00,Germany,"2023-05-26"
Jellysmack,"Paris, Non-U.S.",13,"2023-05-25",,Media,Series C,22.00,France,"2024-01-20"
Kabam,SF Bay Area,,"2023-05-25",0.1200,Consumer,Acquired,244.00,United States,"2023-05-26"
Guild,Denver,172,"2023-05-24",0.1200,Education,Series F,643.00,United States,"2023-05-26"
WillowTree,Charlottesville,120,"2023-05-24",0.1100,Marketing,Acquired,,United States,"2023-05-24"
Flink,"Berlin, Non-U.S.",100,"2023-05-24",0.1600,Food,Series B,1000.00,Germany,"2023-05-24"
Western Digital,"Kfar Saba, Non-U.S.",60,"2023-05-24",0.0700,Hardware,Post-IPO,900.00,Israel,"2023-06-02"
Alibaba Cloud,"Hangzhou, Non-U.S.",,"2023-05-24",0.0700,Data,Subsidiary,,China,"2023-05-24"
Brainly,"Krakow, Non-U.S.",,"2023-05-24",0.3000,Education,Series D,148.00,Poland,"2023-05-24"
Reliance JioMart,"Mumbai, Non-U.S.",1000,"2023-05-23",,Food,Subsidiary,,India,"2023-05-23"
Qualcomm,"Haifa, Non-U.S.",30,"2023-05-23",,Hardware,Post-IPO,,Israel,"2023-06-02"
SoundCloud,"Berlin, Non-U.S.",,"2023-05-23",0.0800,Consumer,Unknown,542.00,Germany,"2023-05-24"
AppFolio,Santa Barbara,62,"2023-05-22",,Real Estate,Post-IPO,30.00,United States,"2023-05-24"
Daylight,Los Angeles,,"2023-05-22",1.0000,Finance,Series A,20.00,United States,"2023-10-26"
FemTech Health,Houston,,"2023-05-22",1.0000,Healthcare,Unknown,,United States,"2023-05-22"
Moss,"Berlin, Non-U.S.",30,"2023-05-19",,Finance,Series B,150.00,Germany,"2023-05-24"
Pie Insurance,Washington D.C.,63,"2023-05-18",0.1400,Finance,Series D,621.00,United States,"2023-05-18"
dbt Labs,Philadelphia,,"2023-05-18",0.1500,Data,Series D,414.00,United States,"2023-05-18"
L1ght,"Tel Aviv, Non-U.S.",,"2023-05-18",1.0000,Other,Seed,15.00,Israel,"2023-05-19"
TuSimple,San Diego,,"2023-05-18",0.3000,Transportation,Post-IPO,648.00,United States,"2023-05-18"
Stash,New York City,40,"2023-05-17",0.1000,Finance,Unknown,480.00,United States,"2023-05-19"
Formstack,Indianapolis,,"2023-05-17",0.4000,Other,Private Equity,425.00,United States,"2023-05-17"
Cerner,Kansas City,3000,"2023-05-16",0.1100,Healthcare,Acquired,,United States,"2023-05-17"
Zepz,"London, Non-U.S.",420,"2023-05-16",0.2600,Finance,Series E,700.00,United Kingdom,"2023-05-16"
Lemonade,New York City,45,"2023-05-16",0.0300,Finance,Post-IPO,481.00,United States,"2023-05-16"
Quanto,"Sao Paulo, Non-U.S.",,"2023-05-16",0.8500,Finance,Series A,20.00,Brazil,"2023-05-18"
Cana,SF Bay Area,,"2023-05-13",1.0000,Food,Unknown,30.00,United States,"2023-05-14"
Nuro,SF Bay Area,340,"2023-05-12",0.3000,Transportation,Series D,2100.00,United States,"2023-05-11"
Telenav,"Cluj-Napoca, Non-U.S.",172,"2023-05-12",,Transportation,Post-IPO,30.00,Romania,"2023-05-12"
Happay,"Bengaluru, Non-U.S.",160,"2023-05-12",0.3500,Finance,Acquired,21.00,India,"2023-05-15"
Slickdeals,Las Vegas,79,"2023-05-12",0.3300,Retail,Unknown,,United States,"2023-05-15"
Toothsi,"Mumbai, Non-U.S.",20,"2023-05-12",,Healthcare,Series C,87.00,India,"2023-05-14"
Everlaw,SF Bay Area,,"2023-05-12",0.1000,Legal,Series D,298.00,United States,"2023-05-13"
Tessera,New York City,,"2023-05-12",1.0000,Crypto,Series A,43.00,United States,"2023-05-15"
Cornershop,"Santiago, Non-U.S.",250,"2023-05-11",0.1100,Food,Acquired,31.00,Chile,"2023-05-12"
Varo,SF Bay Area,97,"2023-05-11",,Finance,Series E,992.00,United States,"2023-05-17"
CS Disco,Austin,,"2023-05-11",0.0800,Legal,Post-IPO,233.00,United States,"2023-05-12"
Microsoft,Seattle,158,"2023-05-10",,Other,Post-IPO,1.00,United States,"2023-05-11"
Redbubble,"Melbourne, Non-U.S.",70,"2023-05-10",0.2300,Retail,Post-IPO,55.00,Australia,"2023-05-10"
Similarweb,New York City,60,"2023-05-10",0.0600,Other,Post-IPO,235.00,United States,"2023-05-11"
Stack Overflow,New York City,58,"2023-05-10",0.1000,Recruiting,Acquired,153.00,United States,"2023-05-11"
Akamai,Boston,290,"2023-05-09",0.0300,Security,Post-IPO,35.00,United States,"2023-05-10"
Sonatype,Baltimore,100,"2023-05-09",0.1400,Security,Acquired,154.00,United States,"2023-05-11"
AudioCodes,"Tel Aviv, Non-U.S.",80,"2023-05-09",0.0600,Other,Post-IPO,91.00,Israel,"2023-05-09"
Marqeta,SF Bay Area,,"2023-05-09",0.1500,Finance,Post-IPO,530.00,United States,"2023-05-10"
LinkedIn,SF Bay Area,716,"2023-05-08",0.0400,Recruiting,Acquired,154.00,United States,"2023-05-09"
Cuemath,"Bengaluru, Non-U.S.",100,"2023-05-08",,Education,Unknown,121.00,India,"2023-05-08"
Momentis Surgical,"Tel Aviv, Non-U.S.",70,"2023-05-08",0.6000,Healthcare,Series D,,Israel,"2023-05-13"
Glean AI,New York City,5,"2023-05-08",,Finance,Seed,11.00,United States,"2023-05-16"
Everledger,"Brisbane, Non-U.S.",,"2023-05-08",1.0000,Crypto,Unknown,27.00,Australia,"2023-05-15"
Twist Bioscience,SF Bay Area,270,"2023-05-05",0.2500,Healthcare,Post-IPO,503.00,United States,"2023-05-05"
Meesho,"Bengaluru, Non-U.S.",251,"2023-05-05",0.1500,Retail,Series F,1100.00,India,"2023-05-05"
Teachmint,"Bengaluru, Non-U.S.",70,"2023-05-05",,Education,Series B,118.00,India,"2023-05-05"
Eventus,Austin,,"2023-05-05",0.3300,Finance,Series B,45.00,United States,"2023-05-08"
Shopify,"Ottawa, Non-U.S.",2300,"2023-05-04",0.2000,Retail,Post-IPO,122.00,Canada,"2023-05-04"
Sabre,Dallas,1100,"2023-05-04",0.1500,Travel,Post-IPO,1700.00,United States,"2023-05-05"
Scribe Media,Austin,90,"2023-05-04",1.0000,Marketing,Unknown,,United States,"2023-05-31"
Autograph,Los Angeles,30,"2023-05-04",0.3300,Crypto,Series B,205.00,United States,"2023-05-05"
Earnix,"Tel Aviv, Non-U.S.",30,"2023-05-04",0.1000,Finance,Unknown,100.00,Israel,"2023-05-04"
Karma,"Tel Aviv, Non-U.S.",20,"2023-05-04",0.2800,Retail,Series A,34.00,Israel,"2023-05-05"
Glassbox,"London, Non-U.S.",,"2023-05-04",0.1400,Data,Series C,70.00,United Kingdom,"2023-05-05"
Unity,SF Bay Area,600,"2023-05-03",0.0800,Other,Post-IPO,1300.00,United States,"2023-05-03"
Upwork,SF Bay Area,137,"2023-05-03",0.1500,Other,Post-IPO,168.00,United States,"2023-05-03"
Cars24,"Jakarta, Non-U.S.",100,"2023-05-03",,Transportation,Series G,1300.00,Indonesia,"2023-05-07"
Brightcove,Boston,70,"2023-05-03",0.1000,Marketing,Post-IPO,145.00,United States,"2023-05-04"
Healthy.io,"Tel Aviv, Non-U.S.",70,"2023-05-03",0.3300,Healthcare,Series D,185.00,Israel,"2023-05-03"
Zymergen,SF Bay Area,27,"2023-05-03",,Other,Acquired,974.00,United States,"2023-05-05"
TheSkimm,New York City,22,"2023-05-03",0.1300,Media,Series C,28.00,United States,"2023-05-08"
Brightline,SF Bay Area,,"2023-05-03",0.2000,Healthcare,Series C,212.00,United States,"2023-05-03"
Bishop Fox,Phoenix,50,"2023-05-02",0.1300,Security,Series B,146.00,United States,"2023-05-03"
Zoomo,"Sydney, Non-U.S.",27,"2023-05-02",0.0800,Transportation,Series B,105.00,Australia,"2023-05-02"
Vallai,"Paris, Non-U.S.",,"2023-05-02",1.0000,Data,Seed,,France,"2023-05-04"
SAS,Raleigh,250,"2023-05-01",,Data,Unknown,,United States,"2023-07-05"
Lev,New York City,34,"2023-05-01",,Real Estate,Series B,114.00,United States,"2023-05-01"
Vah Vah!,"Bengaluru, Non-U.S.",150,"2023-04-30",,Education,Seed,2.00,India,"2023-07-19"
Cogito,"New Delhi, Non-U.S.",177,"2023-04-29",,Data,Unknown,,India,"2023-05-01"
Cue Health,San Diego,326,"2023-04-28",0.3000,Healthcare,Post-IPO,899.00,United States,"2023-05-01"
N26,"Berlin, Non-U.S.",71,"2023-04-28",0.0400,Finance,Series E,1700.00,Germany,"2023-04-28"
Embark Vet,Boston,28,"2023-04-28",,Healthcare,Series B,94.00,United States,"2023-05-10"
Poparazzi,Los Angeles,,"2023-04-28",1.0000,Consumer,Series A,15.00,United States,"2023-05-03"
Providoor,"Melbourne, Non-U.S.",,"2023-04-28",1.0000,Food,Unknown,,Australia,"2023-04-29"
Dropbox,SF Bay Area,500,"2023-04-27",0.1600,Other,Post-IPO,1700.00,United States,"2023-04-27"
Alteryx,Los Angeles,320,"2023-04-27",0.1100,Data,Post-IPO,613.00,United States,"2023-04-28"
Vroom,New York City,120,"2023-04-27",0.1100,Transportation,Post-IPO,1300.00,United States,"2023-04-28"
Greenhouse,New York City,100,"2023-04-27",0.1200,Recruiting,Private Equity,110.00,United States,"2023-04-27"
Rebellion Defense,Washington D.C.,90,"2023-04-27",,Data,Series B,150.00,United States,"2023-04-29"
Poppulo,Denver,85,"2023-04-27",,HR,Acquired,30.00,United States,"2023-04-29"
Megaport,"Brisbane, Non-U.S.",50,"2023-04-27",0.1600,Infrastructure,Post-IPO,98.00,Australia,"2023-04-29"
Airtasker,"Sydney, Non-U.S.",45,"2023-04-27",0.2000,Retail,Series C,26.00,Australia,"2023-04-28"
Chief,New York City,43,"2023-04-27",0.1400,Other,Series B,140.00,United States,"2023-04-27"
Tickertape,"Bengaluru, Non-U.S.",29,"2023-04-27",0.2900,Finance,Seed,5.00,India,"2023-04-28"
Clubhouse,SF Bay Area,,"2023-04-27",0.5000,Consumer,Series C,110.00,United States,"2023-04-27"
Oddle,"Singapore, Non-U.S.",,"2023-04-27",0.2500,Food,Series B,9.00,Singapore,"2023-04-29"
Extramarks,"Noida, Non-U.S.",300,"2023-04-26",,Education,Unknown,,India,"2023-04-26"
Teampay,New York City,30,"2023-04-26",0.3300,Finance,Series B,79.00,United States,"2023-04-28"
RenoRun,"Montreal, Non-U.S.",,"2023-04-26",1.0000,Construction,Series B,163.00,Canada,"2023-05-02"
Skill Lync,"Chennai, Non-U.S.",400,"2023-04-25",,Education,Series A,17.00,India,"2023-04-25"
Rapid,SF Bay Area,115,"2023-04-25",0.5000,Finance,Series D,272.00,United States,"2023-04-25"
Rapid,SF Bay Area,70,"2023-04-25",0.3000,Finance,Series D,272.00,United States,"2023-05-05"
Flink,"Berlin, Non-U.S.",8000,"2023-04-24",0.4000,Food,Series B,1000.00,Germany,"2023-04-25"
Red Hat,Raleigh,760,"2023-04-24",0.0400,Other,Acquired,,United States,"2023-04-24"
BigPanda,SF Bay Area,40,"2023-04-24",0.1300,Infrastructure,Series E,337.00,United States,"2023-04-25"
Lyft,SF Bay Area,1072,"2023-04-21",0.2600,Transportation,Post-IPO,4900.00,United States,"2023-04-21"
Benchling,SF Bay Area,74,"2023-04-21",0.0900,Other,Series F,411.00,United States,"2023-04-22"
BuzzFeed,New York City,180,"2023-04-20",0.1500,Media,Post-IPO,696.00,United States,"2023-04-20"
Koo,"Bengaluru, Non-U.S.",78,"2023-04-20",0.3000,Consumer,Series B,50.00,India,"2023-04-20"
Open,"Bengaluru, Non-U.S.",47,"2023-04-20",,Finance,Series D,190.00,India,"2023-04-20"
Gloat,New York City,35,"2023-04-20",0.1200,HR,Series D,192.00,United States,"2023-04-21"
Insider,New York City,,"2023-04-20",0.1000,Media,Unknown,,United States,"2023-04-20"
Iress,"Melbourne, Non-U.S.",,"2023-04-20",0.1000,Finance,Unknown,,Australia,"2023-09-24"
F5,Seattle,623,"2023-04-19",0.0900,Security,Post-IPO,,United States,"2023-04-20"
WalkMe,SF Bay Area,112,"2023-04-19",0.1000,Other,Post-IPO,307.00,United States,"2023-04-19"
Opendoor,SF Bay Area,560,"2023-04-18",0.2200,Real Estate,Post-IPO,1900.00,United States,"2023-04-18"
Noon,"Riyadh, Non-U.S.",340,"2023-04-18",0.1000,Retail,Unknown,,Saudi Arabia,"2023-04-19"
Culture Amp,"Melbourne, Non-U.S.",90,"2023-04-18",0.0900,HR,Series F,257.00,Australia,"2023-04-19"
TRM Labs,SF Bay Area,16,"2023-04-18",0.0900,Crypto,Series B,149.00,United States,"2023-05-05"
CoLab,"Sydney, Non-U.S.",,"2023-04-18",1.0000,Food,Seed,3.00,Australia,"2023-04-20"
Ten Square Games,"WrocÅ‚aw, Non-U.S.",120,"2023-04-17",0.2500,Consumer,Seed,,Poland,"2023-04-18"
Clearcover,Chicago,81,"2023-04-17",0.1500,Finance,Series D,304.00,United States,"2023-04-25"
Paper,"Montreal, Non-U.S.",81,"2023-04-17",0.0300,Education,Series D,389.00,Canada,"2023-05-17"
Ynsect,"Paris, Non-U.S.",17,"2023-04-17",0.2500,Food,Series D,579.00,France,"2023-04-18"
Utopia Music,"Zug, Non-U.S.",,"2023-04-17",0.1500,Other,Series B,,Switzerland,"2023-07-23"
Quadream,"Tel Aviv, Non-U.S.",,"2023-04-16",1.0000,Security,Unknown,,Israel,"2023-04-17"
Drip Capital,SF Bay Area,75,"2023-04-14",0.2000,Finance,Series C,85.00,United States,"2023-04-15"
Community Gaming,New York City,17,"2023-04-14",0.1700,Crypto,Series A,18.00,United States,"2023-04-17"
Calibrate,New York City,,"2023-04-14",0.1800,Healthcare,Series B,127.00,United States,"2023-04-15"
OpenClassrooms,"Paris, Non-U.S.",,"2023-04-14",0.2500,Education,Series C,150.00,France,"2024-02-08"
Snyk,Boston,128,"2023-04-13",,Security,Series F,849.00,United States,"2023-04-14"
Astronomer,Cincinnati,100,"2023-04-13",0.4000,Data,Series C,282.00,United States,"2023-04-15"
Bluepad,"Bengaluru, Non-U.S.",,"2023-04-13",1.0000,Media,Seed,,India,"2023-04-14"
Heygo,"London, Non-U.S.",,"2023-04-13",1.0000,Travel,Series A,20.00,United Kingdom,"2023-04-14"
Lazerpay,"Lagos, Non-U.S.",,"2023-04-13",1.0000,Crypto,Unknown,,Nigeria,"2023-04-14"
Viasat,San Diego,300,"2023-04-12",0.0400,Other,Post-IPO,366.00,United States,"2023-04-25"
Science 37,Los Angeles,140,"2023-04-12",,Healthcare,Post-IPO,347.00,United States,"2023-05-05"
Medtronic,SF Bay Area,59,"2023-04-12",,Healthcare,Post-IPO,5900.00,United States,"2023-04-14"
Milkrun,"Sydney, Non-U.S.",400,"2023-04-11",1.0000,Food,Series A,86.00,Australia,"2023-04-11"
Redfin,Seattle,201,"2023-04-11",0.0400,Real Estate,Post-IPO,320.00,United States,"2023-04-14"
Permutive,"London, Non-U.S.",80,"2023-04-11",0.4000,Marketing,Series C,105.00,United Kingdom,"2023-04-14"
Examedi,"Santiago, Non-U.S.",45,"2023-04-11",0.2500,Healthcare,Unknown,19.00,Chile,"2023-04-17"
Euler Motors,"New Delhi, Non-U.S.",,"2023-04-11",0.1000,Transportation,Series C,92.00,India,"2023-04-11"
Flock Freight,San Diego,45,"2023-04-10",0.0800,Logistics,Series D,399.00,United States,"2023-05-18"
Nori,Seattle,10,"2023-04-10",0.3700,Energy,Unknown,13.00,United States,"2023-05-31"
Simpl,"Bengaluru, Non-U.S.",150,"2023-04-09",0.2500,Finance,Series B,71.00,India,"2023-04-19"
Practo,"Bengaluru, Non-U.S.",41,"2023-04-08",,Healthcare,Series D,222.00,India,"2023-04-09"
Pear Therapeutics,Boston,170,"2023-04-07",0.9200,Healthcare,Post-IPO,409.00,United States,"2023-04-08"
Workit Health,Ann Arbor,100,"2023-04-07",,Healthcare,Series C,138.00,United States,"2023-04-09"
ZestMoney,"Bengaluru, Non-U.S.",100,"2023-04-07",0.2000,Finance,Series C,120.00,India,"2023-04-01"
Absolute Software,"Vancouver, Non-U.S.",40,"2023-04-06",0.0500,Security,Post-IPO,,Canada,"2023-04-06"
Avocargo,"Berlin, Non-U.S.",16,"2023-04-06",1.0000,Transportation,Seed,,Germany,"2023-04-08"
Dunzo,"Bengaluru, Non-U.S.",300,"2023-04-05",0.3000,Food,Unknown,382.00,India,"2023-04-06"
Amplitude,SF Bay Area,99,"2023-04-05",0.1300,Data,Post-IPO,311.00,United States,"2023-04-05"
Talent.com,"Montreal, Non-U.S.",86,"2023-04-05",0.1800,Recruiting,Series B,150.00,Canada,"2023-09-07"
"1K Kirana","Gurugram, Non-U.S.",600,"2023-04-04",0.4000,Retail,Series B,,India,"2023-04-04"
Foundation Medicine,Boston,135,"2023-04-04",,Healthcare,Acquired,96.00,United States,"2023-04-09"
Finder,"Sydney, Non-U.S.",40,"2023-04-04",,Retail,Unknown,30.00,Australia,"2023-04-11"
Boost,New York City,15,"2023-04-04",0.2000,Finance,Series B,37.00,United States,"2023-04-05"
Hyland Software,Cleveland,1000,"2023-04-03",0.2000,Other,Acquired,,United States,"2023-04-04"
View,SF Bay Area,170,"2023-04-03",0.2300,Other,Post-IPO,2300.00,United States,"2023-04-05"
Guideline,SF Bay Area,48,"2023-04-03",0.1100,Finance,Series E,339.00,United States,"2023-04-14"
Textio,Seattle,15,"2023-04-03",0.1200,Recruiting,Unknown,42.00,United States,"2023-04-04"
Domestika,"Madrid, Non-U.S.",89,"2023-03-31",0.4500,Education,Series D,130.00,Spain,"2023-04-01"
Hulu,"Beijing, Non-U.S.",200,"2023-03-30",,Media,Acquired,683.00,China,"2023-03-31"
Roku,SF Bay Area,200,"2023-03-30",0.0600,Media,Post-IPO,208.00,United States,"2023-03-30"
LendingTree,Charlotte,150,"2023-03-30",0.1300,Finance,Post-IPO,,United States,"2023-04-01"
FanClash,"Gurugram, Non-U.S.",100,"2023-03-30",0.7500,Consumer,Series B,50.00,India,"2023-03-31"
Loop,Austin,19,"2023-03-30",0.2500,Finance,Series A,24.00,United States,"2023-04-03"
Crossbeam,Philadelphia,17,"2023-03-30",0.1500,Sales,Series C,116.00,United States,"2023-06-01"
Spotify,"Stockholm, Non-U.S.",15,"2023-03-30",,Media,Post-IPO,2100.00,Sweden,"2023-04-01"
AnswerLab,SF Bay Area,,"2023-03-30",0.1700,Marketing,Unknown,,United States,"2023-03-31"
GoodWorker,"Singapore, Non-U.S.",,"2023-03-30",0.9000,Recruiting,Acquired,,Singapore,"2023-05-02"
Nowports,"Monterrey, Non-U.S.",,"2023-03-30",0.1500,Logistics,Series C,,Mexico,"2023-05-10"
Unacademy,"Bengaluru, Non-U.S.",,"2023-03-30",0.1200,Education,Series H,838.00,India,"2023-03-30"
CoverMyMeds,Columbus,800,"2023-03-29",,Healthcare,Acquired,5.00,United States,"2023-03-29"
Electronic Arts,SF Bay Area,780,"2023-03-29",0.0600,Consumer,Post-IPO,2.00,United States,"2023-03-29"
Seagate,SF Bay Area,480,"2023-03-29",,Hardware,Post-IPO,,United States,"2023-04-01"
Drizly,Boston,100,"2023-03-29",,Retail,Acquired,119.00,United States,"2023-03-31"
iCAD,Nashua,23,"2023-03-29",0.2800,Healthcare,Post-IPO,59.00,United States,"2023-04-08"
Anyline,"Vienna, Non-U.S.",,"2023-03-29",0.2500,Other,Series B,37.00,Austria,"2023-03-31"
Shift,SF Bay Area,,"2023-03-29",0.3000,Transportation,Post-IPO,504.00,United States,"2023-03-29"
Lucid Motors,SF Bay Area,1300,"2023-03-28",0.1800,Transportation,Post-IPO,8300.00,United States,"2023-03-29"
Blue Nile,Seattle,119,"2023-03-28",,Retail,Acquired,62.00,United States,"2023-03-29"
AEye,SF Bay Area,46,"2023-03-28",0.3300,Transportation,Post-IPO,314.00,United States,"2023-03-29"
Rackspace,San Antonio,275,"2023-03-27",,Data,Acquired,17.00,United States,"2023-03-28"
Better Therapeutics,SF Bay Area,,"2023-03-27",0.3500,Healthcare,Post-IPO,143.00,United States,"2023-04-01"
Aspiration,Los Angeles,170,"2023-03-24",,Finance,Unknown,250.00,United States,"2023-03-29"
Cimpress,"Paris, Non-U.S.",500,"2023-03-23",,Retail,Post-IPO,300.00,France,"2023-04-11"
Veeam,Columbus,200,"2023-03-23",,Data,Acquired,500.00,United States,"2023-03-24"
Glovo,"Barcelona, Non-U.S.",140,"2023-03-23",,Food,Acquired,1200.00,Spain,"2024-02-05"
TakeOff,"Kyiv, Non-U.S.",50,"2023-03-23",,Retail,Unknown,146.00,Ukraine,"2023-03-26"
Slite,"Paris, Non-U.S.",10,"2023-03-23",0.2500,Other,Series A,15.00,France,"2023-03-24"
Indeed,Austin,2200,"2023-03-22",0.1500,HR,Acquired,5.00,United States,"2023-03-22"
Logitech,"Geneva, Non-U.S.",300,"2023-03-22",,Hardware,Post-IPO,,Switzerland,"2023-03-23"
Glassdoor,SF Bay Area,140,"2023-03-22",0.1500,HR,Acquired,204.00,United States,"2023-03-22"
Wejo,"Chester, Non-U.S.",40,"2023-03-22",0.1600,Transportation,Post-IPO,376.00,United Kingdom,"2023-03-24"
Copper,"London, Non-U.S.",,"2023-03-22",0.1500,Crypto,Series C,281.00,United Kingdom,"2023-07-05"
Roofstock,SF Bay Area,,"2023-03-22",0.2700,Real Estate,Series E,365.00,United States,"2023-03-23"
Just Eat,"London, Non-U.S.",1700,"2023-03-21",,Food,Acquired,,United Kingdom,"2023-03-21"
Marvell,SF Bay Area,320,"2023-03-21",0.0400,Hardware,Post-IPO,,United States,"2023-03-21"
Workhuman,"Dublin, Non-U.S.",130,"2023-03-21",0.1000,HR,Unknown,131.00,Ireland,"2023-03-21"
FreshBooks,"Toronto, Non-U.S.",80,"2023-03-21",0.1000,Finance,Unknown,331.00,Canada,"2023-03-21"
Xing,"Hamburg, Non-U.S.",68,"2023-03-21",,HR,Series A,,Germany,"2023-03-21"
Mr Yum,"Melbourne, Non-U.S.",40,"2023-03-21",,Food,Series A,101.00,Australia,"2023-03-21"
Smallcase,"Bengaluru, Non-U.S.",15,"2023-03-21",0.0400,Finance,Series C,62.00,India,"2023-03-21"
Laybuy,"Auckland, Non-U.S.",,"2023-03-21",0.1000,Finance,Post-IPO,130.00,New Zealand,"2023-03-21"
Amazon,Seattle,9000,"2023-03-20",,Retail,Post-IPO,108.00,United States,"2023-03-20"
Huuuge Games,"Warsaw, Non-U.S.",,"2023-03-20",0.1000,Consumer,Series C,57.00,Poland,"2023-03-21"
Livspace,"Bengaluru, Non-U.S.",100,"2023-03-17",0.0200,Retail,Series F,431.00,India,"2023-03-20"
Symend,"Calgary, Non-U.S.",50,"2023-03-17",0.2500,Other,Series C,148.00,Canada,"2023-03-23"
Freshworks,SF Bay Area,114,"2023-03-16",0.0200,Support,Post-IPO,484.00,United States,"2023-03-16"
Coherent,SF Bay Area,108,"2023-03-16",,Manufacturing,Post-IPO,,United States,"2023-03-17"
Runtastic,"Linz, Non-U.S.",70,"2023-03-16",0.2800,Fitness,Acquired,,Austria,"2023-03-16"
Course Hero,SF Bay Area,42,"2023-03-16",0.1500,Education,Series C,477.00,United States,"2023-03-16"
Leafly,Seattle,40,"2023-03-16",0.2100,Retail,Post-IPO,71.00,United States,"2023-03-17"
Klaviyo,Boston,140,"2023-03-15",,Marketing,Unknown,778.00,United States,"2023-03-16"
Dukaan,"Bengaluru, Non-U.S.",56,"2023-03-15",0.3000,Retail,Series A,17.00,India,"2023-03-16"
Boxed,New York City,32,"2023-03-15",0.2500,Retail,Post-IPO,365.00,United States,"2023-03-17"
Nubank,"Sao Paulo, Non-U.S.",30,"2023-03-15",,Finance,Post-IPO,4100.00,Brazil,"2023-06-08"
TradeWindow,"Auckland, Non-U.S.",25,"2023-03-15",0.3000,Finance,Series B,24.00,New Zealand,"2023-03-15"
Meta,SF Bay Area,10000,"2023-03-14",,Consumer,Post-IPO,26000.00,United States,"2023-03-14"
Fetch,Madison,100,"2023-03-14",0.1000,Retail,Series E,581.00,United States,"2023-03-14"
Anchorage Digital,SF Bay Area,75,"2023-03-14",0.2000,Crypto,Series D,487.00,United States,"2023-03-15"
Avidbots,"Kitchener, Non-U.S.",50,"2023-03-14",0.1400,Hardware,Series C,106.00,Canada,"2023-03-17"
Samsung,SF Bay Area,30,"2023-03-14",,Hardware,Post-IPO,,United States,"2023-03-15"
Kaleidoscope,Minneapolis,15,"2023-03-14",0.3000,Finance,Series A,16.00,United States,"2023-03-17"
GoTo Group,"Jakarta, Non-U.S.",600,"2023-03-10",,Transportation,Post-IPO,1300.00,Indonesia,"2023-03-10"
Cookpad,"Tokyo, Non-U.S.",80,"2023-03-10",,Consumer,Unknown,,Japan,"2023-03-15"
Xero,"Wellington, Non-U.S.",800,"2023-03-09",0.1500,Finance,Post-IPO,681.00,New Zealand,"2023-03-09"
Shopee,"Jakarta, Non-U.S.",200,"2023-03-09",,Food,Unknown,,Indonesia,"2023-03-10"
Gopuff,Philadelphia,100,"2023-03-09",0.0200,Food,Series H,3400.00,United States,"2023-03-10"
Wave Financial,"Toronto, Non-U.S.",50,"2023-03-09",,Finance,Acquired,79.00,Canada,"2023-03-10"
Morning Brew,New York City,40,"2023-03-09",,Media,Acquired,,United States,"2023-03-09"
Neoleukin Therapeutics,Seattle,,"2023-03-09",0.7000,Healthcare,Post-IPO,157.00,United States,"2023-03-13"
Toucan,Los Angeles,,"2023-03-09",1.0000,Education,Series A,,United States,"2023-03-10"
Wattpad,"Toronto, Non-U.S.",42,"2023-03-08",0.1500,Media,Acquired,117.00,Canada,"2023-03-09"
Appcues,Boston,,"2023-03-08",0.1500,Data,Series B,52.00,United States,"2023-03-11"
Pristyn Care,"Gurugram, Non-U.S.",300,"2023-03-07",0.1500,Healthcare,Series E,177.00,India,"2023-03-07"
Zwift,Los Angeles,80,"2023-03-07",0.1500,Fitness,Series C,619.00,United States,"2023-03-08"
Catch,New York City,,"2023-03-07",1.0000,Finance,Series A,18.00,United States,"2023-03-07"
RDX Works,"London, Non-U.S.",,"2023-03-07",0.2500,Crypto,Unknown,6.00,United Kingdom,"2023-03-23"
Atlassian,"Sydney, Non-U.S.",500,"2023-03-06",0.0500,Other,Post-IPO,210.00,Australia,"2023-03-07"
SiriusXM,New York City,475,"2023-03-06",0.0800,Media,Post-IPO,525.00,United States,"2023-03-07"
Alerzo,"Ibadan, Non-U.S.",400,"2023-03-06",,Retail,Series B,16.00,Nigeria,"2023-03-07"
UKG,Miami,265,"2023-03-06",,HR,Unknown,,United States,"2023-03-08"
UpGrad,"Mumbai, Non-U.S.",120,"2023-03-06",,Education,Unknown,631.00,India,"2023-03-07"
HomeLane,"Bengaluru, Non-U.S.",30,"2023-03-06",,Retail,Series E,116.00,India,"2023-04-08"
No Fluff Jobs,"Gydnia, Non-U.S.",13,"2023-03-04",,HR,Acquired,,Poland,"2023-04-03"
Loft,"Sao Paulo, Non-U.S.",340,"2023-03-03",0.1500,Real Estate,Unknown,788.00,Brazil,"2023-03-03"
Embark Trucks,SF Bay Area,230,"2023-03-03",0.7000,Transportation,Post-IPO,317.00,United States,"2023-03-03"
Lendi,"Sydney, Non-U.S.",100,"2023-03-03",,Real Estate,Unknown,59.00,Australia,"2023-03-03"
UserTesting,SF Bay Area,63,"2023-03-03",,Marketing,Acquired,152.00,United States,"2023-03-04"
Airbnb,SF Bay Area,30,"2023-03-03",,Travel,Post-IPO,6400.00,United States,"2023-03-04"
Zscaler,SF Bay Area,177,"2023-03-02",0.0300,Security,Post-IPO,148.00,United States,"2023-03-03"
MasterClass,SF Bay Area,79,"2023-03-02",,Education,Series E,461.00,United States,"2023-03-04"
Ambev Tech,"Blumenau, Non-U.S.",50,"2023-03-02",,Food,Acquired,,Brazil,"2023-03-04"
Fittr,"Pune, Non-U.S.",30,"2023-03-02",0.1100,Fitness,Series A,13.00,India,"2023-03-03"
CNET,SF Bay Area,12,"2023-03-02",0.1000,Media,Acquired,20.00,United States,"2023-03-04"
Comparis,"Zurich, Non-U.S.",,"2023-03-02",0.1000,Finance,Unknown,,Switzerland,"2023-03-08"
Kandela,Los Angeles,,"2023-03-02",1.0000,Consumer,Acquired,,United States,"2023-03-05"
Thoughtworks,Chicago,500,"2023-03-01",0.0400,Other,Post-IPO,748.00,United States,"2023-03-02"
iFood,"Sao Paulo, Non-U.S.",355,"2023-03-01",0.0600,Food,Subsidiary,2100.00,Brazil,"2023-03-02"
Color Health,SF Bay Area,300,"2023-03-01",,Healthcare,Series E,482.00,United States,"2023-03-03"
Waymo,SF Bay Area,209,"2023-03-01",0.0800,Transportation,Subsidiary,5500.00,United States,"2023-03-02"
PayFit,"Paris, Non-U.S.",200,"2023-03-01",0.2000,HR,Series E,495.00,France,"2023-03-02"
Yellow.ai,SF Bay Area,200,"2023-03-01",,Support,Series C,102.00,United States,"2023-03-02"
Sonder,SF Bay Area,100,"2023-03-01",0.1400,Travel,Post-IPO,839.00,United States,"2023-03-02"
Protego Trust Bank,Seattle,,"2023-03-01",0.5000,Crypto,Series A,70.00,United States,"2023-03-03"
Electronic Arts,Baton Rouge,200,"2023-02-28",,Consumer,Post-IPO,2.00,United States,"2023-03-02"
Eventbrite,SF Bay Area,80,"2023-02-28",0.0800,Consumer,Post-IPO,557.00,United States,"2023-03-01"
Ezoic,San Diego,10,"2023-02-28",,Infrastructure,Series A,39.00,United States,"2023-07-21"
DUX Education,"Bengaluru, Non-U.S.",,"2023-02-28",1.0000,Education,Unknown,,India,"2023-03-03"
MeridianLink,Los Angeles,,"2023-02-28",0.0900,Finance,Post-IPO,485.00,United States,"2023-03-01"
Sono Motors,"Munich, Non-U.S.",300,"2023-02-27",,Transportation,Post-IPO,126.00,Germany,"2023-02-28"
Cerebral,SF Bay Area,285,"2023-02-27",0.1500,Healthcare,Series C,462.00,United States,"2023-02-27"
Amount,Chicago,130,"2023-02-27",0.2500,Finance,Unknown,283.00,United States,"2023-03-03"
Palantir,Denver,75,"2023-02-27",0.0200,Data,Post-IPO,3000.00,United States,"2023-02-27"
Outreach,Seattle,70,"2023-02-27",0.0700,Sales,Series G,489.00,United States,"2023-02-28"
Stytch,SF Bay Area,19,"2023-02-27",0.2500,Security,Series B,126.00,United States,"2023-03-01"
BitSight,"Tel Aviv, Non-U.S.",40,"2023-02-26",,Security,Unknown,401.00,Israel,"2023-02-27"
Twitter,SF Bay Area,200,"2023-02-25",0.1000,Consumer,Post-IPO,12900.00,United States,"2023-02-26"
Ericsson,"Stockholm, Non-U.S.",8500,"2023-02-24",0.0800,Other,Post-IPO,663.00,Sweden,"2023-02-24"
SAP Labs,"Bengaluru, Non-U.S.",300,"2023-02-24",,Other,Subsidiary,1300.00,India,"2023-02-24"
Velodyne Lidar,SF Bay Area,220,"2023-02-24",,Transportation,Acquired,575.00,United States,"2023-02-24"
Medallia,SF Bay Area,59,"2023-02-24",,Support,Acquired,325.00,United States,"2023-02-24"
Eat Just,SF Bay Area,40,"2023-02-24",,Food,Unknown,465.00,United States,"2023-02-27"
Lucira Health,SF Bay Area,26,"2023-02-24",,Healthcare,Post-IPO,132.00,United States,"2023-02-24"
Stax,Orlando,24,"2023-02-24",,Finance,Series D,263.00,United States,"2023-02-26"
EQRx,Boston,,"2023-02-24",0.1800,Healthcare,Post-IPO,1900.00,United States,"2023-05-05"
Poshmark,SF Bay Area,,"2023-02-24",0.0200,Retail,Acquired,153.00,United States,"2023-02-24"
Merative,Ann Arbor,200,"2023-02-23",0.1000,Healthcare,Acquired,,United States,"2023-02-26"
OneFootball,"Berlin, Non-U.S.",150,"2023-02-23",0.3200,Marketing,Series D,442.00,Germany,"2023-02-24"
The Iconic,"Sydney, Non-U.S.",69,"2023-02-23",0.0600,Retail,Unknown,,Australia,"2023-02-24"
EVgo,Los Angeles,40,"2023-02-23",,Transportation,Post-IPO,400.00,United States,"2023-02-24"
StrongDM,SF Bay Area,40,"2023-02-23",,Infrastructure,Series B,76.00,United States,"2023-02-23"
Dapper Labs,"Vancouver, Non-U.S.",,"2023-02-23",0.2000,Crypto,Series D,607.00,Canada,"2023-02-23"
Messari,New York City,,"2023-02-23",0.1500,Crypto,Series B,61.00,United States,"2023-02-23"
Vibrent Health,Washington D.C.,,"2023-02-23",0.1300,Healthcare,Unknown,,United States,"2023-02-26"
Synamedia,"London, Non-U.S.",200,"2023-02-22",0.1200,Media,Unknown,,United Kingdom,"2023-02-27"
TaskUs,San Antonio,186,"2023-02-22",,Support,Post-IPO,279.00,United States,"2023-02-23"
Immutable,"Sydney, Non-U.S.",,"2023-02-22",0.1100,Crypto,Series C,279.00,Australia,"2023-02-22"
Jounce Therapeutics,Boston,,"2023-02-22",0.5700,Healthcare,Acquired,194.00,United States,"2023-02-26"
Locomation,Pittsburgh,,"2023-02-22",1.0000,Transportation,Seed,57.00,United States,"2023-02-23"
Green Labs,"Seoul, Non-U.S.",350,"2023-02-21",0.7000,Food,Series C,214.00,South Korea,"2023-02-21"
Polygon,"Bengaluru, Non-U.S.",100,"2023-02-21",0.2000,Crypto,Unknown,451.00,India,"2023-02-21"
Crunchyroll,"Tokyo, Non-U.S.",85,"2023-02-21",,Media,Unknown,26.00,Japan,"2023-02-22"
Ethos Life,SF Bay Area,50,"2023-02-21",,Finance,Series D,406.00,United States,"2023-02-24"
Basis Technologies,Chicago,40,"2023-02-21",0.0400,Marketing,Series B,52.00,United States,"2023-06-20"
Bolt,"Lagos, Non-U.S.",17,"2023-02-21",,Transportation,Series F,,Nigeria,"2023-02-22"
MyGate,"Bengaluru, Non-U.S.",200,"2023-02-20",0.3000,Other,Series B,79.00,India,"2023-02-20"
Fireblocks,New York City,30,"2023-02-20",0.0500,Crypto,Series E,1000.00,United States,"2023-02-22"
Kinde,"Sydney, Non-U.S.",8,"2023-02-20",0.2800,Other,Seed,10.00,Australia,"2023-02-20"
Fipola,"Chennai, Non-U.S.",,"2023-02-20",1.0000,Food,Series A,9.00,India,"2023-02-21"
HP,"Tel Aviv, Non-U.S.",100,"2023-02-19",,Hardware,Post-IPO,4200.00,Israel,"2023-02-20"
Micron,Boise,2400,"2023-02-17",0.0500,Hardware,Post-IPO,50.00,United States,"2023-04-01"
Tencent,"Shenzen, Non-U.S.",300,"2023-02-17",,Consumer,Post-IPO,12600.00,China,"2023-02-17"
Evernote,SF Bay Area,129,"2023-02-17",,Consumer,Acquired,290.00,United States,"2023-02-27"
Chipper Cash,SF Bay Area,100,"2023-02-17",0.3300,Finance,Series C,302.00,United States,"2023-02-20"
DocuSign,SF Bay Area,680,"2023-02-16",0.1000,Sales,Post-IPO,536.00,United States,"2023-02-16"
Pico Interactive,SF Bay Area,400,"2023-02-16",0.2000,Other,Acquired,62.00,United States,"2023-02-16"
The RealReal,SF Bay Area,230,"2023-02-16",0.0700,Retail,Post-IPO,356.00,United States,"2023-02-16"
Smartsheet,Seattle,85,"2023-02-16",0.0300,Other,Post-IPO,152.00,United States,"2023-02-17"
Wix,"Tel Aviv, Non-U.S.",370,"2023-02-15",0.0600,Marketing,Post-IPO,58.00,Israel,"2023-02-15"
ServiceTitan,Los Angeles,221,"2023-02-15",0.0800,Sales,Series G,1100.00,United States,"2023-02-16"
Neon,"Sao Paulo, Non-U.S.",210,"2023-02-15",0.0900,Finance,Series D,720.00,Brazil,"2023-02-15"
Jellysmack,"Paris, Non-U.S.",208,"2023-02-15",,Media,Series C,22.00,France,"2023-02-16"
DigitalOcean,New York City,200,"2023-02-15",0.1100,Infrastructure,Post-IPO,491.00,United States,"2023-02-15"
Sprinklr,New York City,100,"2023-02-15",0.0400,Support,Post-IPO,429.00,United States,"2023-02-15"
Betterment,New York City,28,"2023-02-15",,Finance,Series F,435.00,United States,"2023-02-16"
Milkrun,"Sydney, Non-U.S.",,"2023-02-15",0.2000,Food,Series A,86.00,Australia,"2023-02-15"
SurveyMonkey,SF Bay Area,,"2023-02-15",0.1400,Marketing,Post-IPO,1100.00,United States,"2023-02-17"
Tackle,Boise,,"2023-02-15",0.1500,Other,Series C,148.00,United States,"2023-02-15"
Vicarious Surgical,Boston,,"2023-02-15",0.1400,Healthcare,Post-IPO,185.00,United States,"2023-02-16"
Blackbaud,Charleston,500,"2023-02-14",0.1400,Other,Post-IPO,,United States,"2023-02-15"
CommerceHub,Albany,371,"2023-02-14",0.3100,Retail,Acquired,,United States,"2023-02-15"
Dropp,"Berlin, Non-U.S.",60,"2023-02-14",1.0000,Retail,Unknown,2.00,Germany,"2023-04-09"
HackerEarth,SF Bay Area,,"2023-02-14",0.0800,HR,Series B,11.00,United States,"2023-02-14"
PhableCare,"Bengaluru, Non-U.S.",,"2023-02-14",0.7000,Healthcare,Series B,40.00,India,"2023-02-15"
Udemy,SF Bay Area,,"2023-02-14",0.1000,Education,Post-IPO,311.00,United States,"2023-02-15"
Twilio,SF Bay Area,1500,"2023-02-13",0.1700,Other,Post-IPO,614.00,United States,"2023-02-13"
Electric,New York City,141,"2023-02-13",0.2500,Other,Series D,212.00,United States,"2023-02-14"
EMX Digital,New York City,100,"2023-02-13",1.0000,Marketing,Unknown,,United States,"2023-02-24"
PetLove,"Sao Paulo, Non-U.S.",94,"2023-02-13",,Retail,Series C,225.00,Brazil,"2023-02-15"
iRobot,Boston,85,"2023-02-13",0.0700,Consumer,Acquired,30.00,United States,"2023-02-14"
Collective Health,SF Bay Area,54,"2023-02-13",,Healthcare,Series F,719.00,United States,"2023-02-15"
Magic Eden,SF Bay Area,22,"2023-02-13",,Crypto,Series B,170.00,United States,"2023-02-14"
Casavo,"Milan, Non-U.S.",,"2023-02-13",0.3000,Real Estate,Unknown,708.00,Italy,"2023-02-13"
Moladin,"Jakarta, Non-U.S.",360,"2023-02-12",0.1100,Transportation,Series B,138.00,Indonesia,"2023-02-13"
TripleLift,New York City,100,"2023-02-10",0.2000,Marketing,Acquired,16.00,United States,"2023-02-13"
Titan Medical,"Toronto, Non-U.S.",48,"2023-02-10",0.7200,Healthcare,Post-IPO,278.00,Canada,"2023-03-10"
TikTok India,"Mumbai, Non-U.S.",40,"2023-02-10",,Consumer,Acquired,9400.00,India,"2023-02-10"
Syft Technologies,"Auckland, Non-U.S.",30,"2023-02-10",0.2000,Manufacturing,Private Equity,,New Zealand,"2023-04-22"
Rigetti Computing,SF Bay Area,,"2023-02-10",0.2800,Hardware,Post-IPO,298.00,United States,"2023-02-10"
Yahoo,SF Bay Area,1600,"2023-02-09",0.2000,Consumer,Acquired,6.00,United States,"2023-02-09"
Misfits Market,Philadelphia,649,"2023-02-09",0.3300,Food,Series C,526.00,United States,"2023-02-16"
Deliveroo,"London, Non-U.S.",350,"2023-02-09",0.0900,Food,Post-IPO,1700.00,United Kingdom,"2023-02-09"
Olive AI,Columbus,215,"2023-02-09",0.3500,Healthcare,Series H,856.00,United States,"2023-02-10"
Oportun,SF Bay Area,155,"2023-02-09",0.1000,Finance,Post-IPO,566.00,United States,"2023-03-02"
GitLab,SF Bay Area,130,"2023-02-09",0.0700,Product,Post-IPO,413.00,United States,"2023-02-09"
Bark,New York City,126,"2023-02-09",0.1200,Retail,Post-IPO,,United States,"2023-02-10"
REE Automotive,"Tel Aviv, Non-U.S.",100,"2023-02-09",0.5000,Transportation,Post-IPO,317.00,Israel,"2025-12-08"
Veriff,"Tallinn, Non-U.S.",66,"2023-02-09",0.1200,Security,Series C,192.00,Estonia,"2023-02-09"
REE Automotive,"Tel Aviv, Non-U.S.",31,"2023-02-09",0.1100,Transportation,Post-IPO,317.00,Israel,"2023-02-11"
GitHub,SF Bay Area,,"2023-02-09",0.1000,Product,Acquired,350.00,United States,"2023-02-09"
WeTrade,"Bengaluru, Non-U.S.",,"2023-02-09",1.0000,Crypto,Unknown,,India,"2023-02-09"
GoDaddy,Phoenix,530,"2023-02-08",0.0800,Marketing,Post-IPO,800.00,United States,"2023-02-08"
Affirm,SF Bay Area,500,"2023-02-08",0.1900,Finance,Post-IPO,1500.00,United States,"2023-02-08"
Gusto,SF Bay Area,126,"2023-02-08",0.0500,HR,Series E,746.00,United States,"2023-02-08"
Gong,SF Bay Area,80,"2023-02-08",0.0700,Sales,Series E,583.00,United States,"2023-02-08"
Beam Benefits,Columbus,31,"2023-02-08",0.0800,Healthcare,Series E,168.00,United States,"2023-02-17"
Equitybee,SF Bay Area,24,"2023-02-08",0.2500,Finance,Series B,85.00,United States,"2023-02-09"
Baraja,"Sydney, Non-U.S.",,"2023-02-08",0.7500,Transportation,Unknown,63.00,Australia,"2023-02-08"
Koho,"Toronto, Non-U.S.",,"2023-02-08",0.1400,Finance,Series D,278.00,Canada,"2023-02-08"
Medly,New York City,,"2023-02-08",1.0000,Healthcare,Series C,100.00,United States,"2023-02-11"
Nearmap,"Sydney, Non-U.S.",,"2023-02-08",0.2000,Construction,Acquired,15.00,Australia,"2023-02-08"
Zoom,SF Bay Area,1300,"2023-02-07",0.1500,Other,Post-IPO,276.00,United States,"2023-02-07"
eBay,SF Bay Area,500,"2023-02-07",0.0400,Retail,Post-IPO,1200.00,United States,"2023-02-07"
SecureWorks,Atlanta,212,"2023-02-07",0.0900,Security,Post-IPO,83.00,United States,"2023-02-07"
Salesloft,Atlanta,100,"2023-02-07",0.1000,Sales,Acquired,245.00,United States,"2023-02-08"
Openpay,"Melbourne, Non-U.S.",83,"2023-02-07",1.0000,Finance,Post-IPO,299.00,Australia,"2023-02-07"
LearnUpon,"Dublin, Non-U.S.",27,"2023-02-07",0.0900,Education,Private Equity,56.00,Ireland,"2023-02-08"
Sana Benefits,Austin,,"2023-02-07",0.1900,HR,Series B,106.00,United States,"2023-02-08"
Dell,Austin,6650,"2023-02-06",0.0500,Hardware,Post-IPO,,United States,"2023-02-06"
Loggi,"Sao Paulo, Non-U.S.",300,"2023-02-06",0.0700,Logistics,Series F,507.00,Brazil,"2023-02-07"
Catch.com.au,"Melbourne, Non-U.S.",100,"2023-02-06",,Retail,Acquired,80.00,Australia,"2023-02-14"
VinFast US,Los Angeles,80,"2023-02-06",,Transportation,Subsidiary,,United States,"2023-02-08"
Drift,Boston,59,"2023-02-06",,Marketing,Acquired,107.00,United States,"2023-02-07"
Pocket Aces,"Mumbai, Non-U.S.",50,"2023-02-06",0.2500,Media,Unknown,19.00,India,"2023-02-06"
Clari,SF Bay Area,20,"2023-02-06",,Sales,Series F,496.00,United States,"2023-02-07"
Daraz,"Singapore, Non-U.S.",,"2023-02-06",0.1100,Retail,Unknown,,Singapore,"2023-02-06"
Kyruus,Boston,70,"2023-02-05",,Healthcare,Unknown,183.00,United States,"2023-02-07"
Lightico,"Tel Aviv, Non-U.S.",20,"2023-02-05",0.2500,Finance,Series B,42.00,Israel,"2023-02-07"
Eightfold AI,SF Bay Area,90,"2023-02-03",0.1500,HR,Series E,396.00,United States,"2023-03-24"
FarEye,"New Delhi, Non-U.S.",90,"2023-02-03",,Logistics,Series E,150.00,India,"2023-02-03"
Protocol Labs,SF Bay Area,89,"2023-02-03",0.2000,Crypto,Unknown,10.00,United States,"2023-02-04"
Built Technologies copy,Nashville,,"2023-02-03",0.0800,Construction,Unknown,313.00,United States,"2023-07-13"
Finder,"Sydney, Non-U.S.",,"2023-02-03",0.1500,Retail,Unknown,30.00,Australia,"2023-02-06"
Byju's,"Bengaluru, Non-U.S.",1500,"2023-02-02",,Education,Private Equity,5500.00,India,"2023-02-02"
Okta,SF Bay Area,300,"2023-02-02",0.0500,Security,Post-IPO,1200.00,United States,"2023-02-02"
Autodesk,SF Bay Area,250,"2023-02-02",0.0200,Other,Post-IPO,,United States,"2023-02-03"
Mindstrong,SF Bay Area,127,"2023-02-02",,Healthcare,Series C,160.00,United States,"2023-02-03"
NCC Group,"Manchester, Non-U.S.",125,"2023-02-02",0.0700,Security,Post-IPO,,United Kingdom,"2023-02-03"
Miro,SF Bay Area,119,"2023-02-02",0.0700,Other,Series C,476.00,United States,"2023-02-02"
Getir,New York City,100,"2023-02-02",,Food,Series E,1800.00,United States,"2023-02-05"
Highspot,Seattle,100,"2023-02-02",0.1000,Sales,Series F,644.00,United States,"2023-02-03"
Bittrex,Seattle,80,"2023-02-02",,Crypto,Unknown,,United States,"2023-02-03"
Snowplow,"London, Non-U.S.",40,"2023-02-02",,Data,Series B,55.00,United Kingdom,"2023-02-03"
Articulate,New York City,38,"2023-02-02",,Education,Series A,1500.00,United States,"2023-02-03"
Getaround,SF Bay Area,,"2023-02-02",0.1000,Transportation,Post-IPO,948.00,United States,"2023-02-03"
NCSoft,"Seoul, Non-U.S.",,"2023-02-02",0.2000,Consumer,Post-IPO,240.00,South Korea,"2023-02-03"
Splunk,SF Bay Area,325,"2023-02-01",0.0400,Data,Post-IPO,2400.00,United States,"2023-02-01"
Pinterest,SF Bay Area,150,"2023-02-01",,Consumer,Post-IPO,1500.00,United States,"2023-02-02"
DraftKings,Boston,140,"2023-02-01",0.0400,Consumer,Post-IPO,719.00,United States,"2023-02-01"
Cyren,Washington D.C.,121,"2023-02-01",,Security,Post-IPO,161.00,United States,"2023-02-02"
Workato,SF Bay Area,90,"2023-02-01",0.1000,Other,Series E,415.00,United States,"2023-02-07"
VerticalScope,"Toronto, Non-U.S.",60,"2023-02-01",0.2200,Media,Post-IPO,,Canada,"2023-02-01"
Wheel,Austin,56,"2023-02-01",0.2800,Healthcare,Series C,215.00,United States,"2023-02-02"
Chainalysis,New York City,44,"2023-02-01",0.0500,Crypto,Series F,536.00,United States,"2023-02-02"
Appgate,Miami,34,"2023-02-01",0.0800,Security,Post-IPO,,United States,"2023-02-26"
Exterro,Portland,24,"2023-02-01",0.0300,Legal,Private Equity,100.00,United States,"2023-02-02"
TheSkimm,New York City,17,"2023-02-01",0.1000,Media,Series C,28.00,United States,"2023-02-03"
Bustle Digital Group,New York City,,"2023-02-01",0.0800,Media,Series E,80.00,United States,"2023-02-03"
Frequency Therapeutics,Boston,,"2023-02-01",0.5000,Healthcare,Post-IPO,76.00,United States,"2023-02-14"
MariaDB,"Helsinki, Non-U.S.",,"2023-02-01",0.0800,Data,Post-IPO,245.00,Finland,"2023-02-07"
Match Group,New York City,,"2023-02-01",0.0800,Consumer,Post-IPO,,United States,"2023-02-02"
Rivian,Detroit,,"2023-02-01",0.0600,Transportation,Post-IPO,10700.00,United States,"2023-02-01"
PayPal,SF Bay Area,2000,"2023-01-31",0.0700,Finance,Post-IPO,216.00,United States,"2023-01-31"
NetApp,SF Bay Area,960,"2023-01-31",0.0800,Data,Post-IPO,,United States,"2023-01-31"
Workday,SF Bay Area,525,"2023-01-31",0.0300,HR,Post-IPO,230.00,United States,"2023-01-31"
HubSpot,Boston,500,"2023-01-31",0.0700,Marketing,Post-IPO,100.00,United States,"2023-01-31"
Upstart,SF Bay Area,365,"2023-01-31",0.2000,Finance,Post-IPO,144.00,United States,"2023-01-31"
Software AG,"Frankfurt, Non-U.S.",200,"2023-01-31",0.0400,Data,Post-IPO,344.00,Germany,"2023-02-04"
Wish,SF Bay Area,150,"2023-01-31",0.1700,Retail,Post-IPO,1600.00,United States,"2023-02-01"
Wefox,"Berlin, Non-U.S.",100,"2023-01-31",,Finance,Series D,1300.00,Germany,"2023-02-01"
Tilting Point,New York City,60,"2023-01-31",0.1400,Consumer,Unknown,235.00,United States,"2023-02-01"
Gokada,"Lagos, Non-U.S.",54,"2023-01-31",,Transportation,Unknown,12.00,Nigeria,"2023-02-02"
Nubank,"Sao Paulo, Non-U.S.",40,"2023-01-31",,Finance,Post-IPO,4100.00,Brazil,"2023-06-08"
AU10TIX,"Tel Aviv, Non-U.S.",19,"2023-01-31",0.0900,Security,Unknown,80.00,Israel,"2023-02-07"
National Instruments,Austin,,"2023-01-31",0.0400,Hardware,Post-IPO,,United States,"2023-02-04"
OpenText,"Waterloo, Non-U.S.",,"2023-01-31",0.0800,Data,Post-IPO,1100.00,Canada,"2023-02-01"
Philips,"Amsterdam, Non-U.S.",6000,"2023-01-30",0.1300,Healthcare,Post-IPO,,Netherlands,"2023-01-30"
OLX Group,"Amsterdam, Non-U.S.",1500,"2023-01-30",0.1500,Marketing,Acquired,,Netherlands,"2023-01-30"
Arrival,"London, Non-U.S.",800,"2023-01-30",0.5000,Transportation,Post-IPO,629.00,United Kingdom,"2023-01-31"
Groupon,Chicago,500,"2023-01-30",,Retail,Post-IPO,1400.00,United States,"2023-01-31"
Intel,SF Bay Area,343,"2023-01-30",,Hardware,Post-IPO,12.00,United States,"2023-01-31"
Glovo,"Barcelona, Non-U.S.",250,"2023-01-30",0.0600,Food,Acquired,1200.00,Spain,"2023-01-30"
Delivery Hero,"Berlin, Non-U.S.",156,"2023-01-30",0.0400,Food,Post-IPO,9900.00,Germany,"2023-01-31"
Impossible Foods,SF Bay Area,140,"2023-01-30",0.2000,Food,Series H,1900.00,United States,"2023-01-31"
Chrono24,"Karlsruhe, Non-U.S.",65,"2023-01-30",0.1300,Retail,Series C,205.00,Germany,"2023-01-31"
BM Technologies,Philadelphia,,"2023-01-30",0.2500,Finance,Post-IPO,,United States,"2023-02-01"
Prime Trust,Las Vegas,,"2023-01-30",0.3300,Crypto,Series B,176.00,United States,"2023-02-01"
Quantum SI,New Haven,,"2023-01-30",0.1200,Healthcare,Post-IPO,425.00,United States,"2023-02-03"
Me Poupe,"Sao Paulo, Non-U.S.",60,"2023-01-28",0.5000,Finance,Unknown,,Brazil,"2023-01-29"
CoinTracker,SF Bay Area,19,"2023-01-28",,Crypto,Series A,101.00,United States,"2023-01-28"
SSense,"Montreal, Non-U.S.",138,"2023-01-27",0.0700,Retail,Series A,,Canada,"2023-01-28"
DealShare,"Bengaluru, Non-U.S.",100,"2023-01-27",0.0600,Retail,Series E,390.00,India,"2023-01-27"
Ruggable,Los Angeles,100,"2023-01-27",,Retail,Seed,,United States,"2023-02-01"
Synopsys,SF Bay Area,100,"2023-01-27",,Other,Post-IPO,,United States,"2023-01-28"
Heycar,"Berlin, Non-U.S.",73,"2023-01-27",,Transportation,Unknown,,Germany,"2023-01-31"
Matrixport,"Singapore, Non-U.S.",29,"2023-01-27",0.1000,Crypto,Series C,100.00,Singapore,"2023-01-27"
Shakepay,"Montreal, Non-U.S.",21,"2023-01-27",0.2500,Crypto,Series A,45.00,Canada,"2023-01-28"
#Paid,"Toronto, Non-U.S.",19,"2023-01-27",0.1700,Marketing,Series B,21.00,Canada,"2023-01-28"
Soundwide,"Berlin, Non-U.S.",,"2023-01-27",0.0800,Other,,,Germany,"2023-05-01"
SAP,"Walldorf, Non-U.S.",3000,"2023-01-26",0.0300,Other,Post-IPO,1300.00,Germany,"2023-01-26"
Confluent,SF Bay Area,221,"2023-01-26",0.0800,Data,Post-IPO,455.00,United States,"2023-01-26"
Glisser,"London, Non-U.S.",25,"2023-01-26",1.0000,Travel,Unknown,1.00,United Kingdom,"2023-12-22"
DriveWealth,Jersey City,,"2023-01-26",0.2000,Finance,Series D,550.00,United States,"2023-02-01"
Mode Global,"London, Non-U.S.",,"2023-01-26",1.0000,Finance,Post-IPO,,United Kingdom,"2023-01-30"
Plus One Robotics,San Antonio,,"2023-01-26",0.1000,Other,Series B,43.00,United States,"2023-01-27"
IBM,New York City,3900,"2023-01-25",0.0200,Hardware,Post-IPO,,United States,"2023-01-25"
Lam Research,SF Bay Area,1300,"2023-01-25",0.0700,Hardware,Post-IPO,,United States,"2023-02-01"
Shutterfly,SF Bay Area,360,"2023-01-25",,Retail,Acquired,50.00,United States,"2023-01-26"
Luno,"London, Non-U.S.",330,"2023-01-25",0.3500,Crypto,Acquired,13.00,United Kingdom,"2023-01-25"
Clear Capital,Reno,250,"2023-01-25",0.2500,Real Estate,Unknown,,United States,"2023-01-26"
Guardant Health,SF Bay Area,130,"2023-01-25",0.0700,Healthcare,Post-IPO,550.00,United States,"2023-01-26"
SirionLabs,Seattle,130,"2023-01-25",0.1500,Legal,Series D,171.00,United States,"2023-01-26"
Tier Mobility,"Berlin, Non-U.S.",80,"2023-01-25",0.0700,Transportation,Series D,646.00,Germany,"2023-01-26"
PagSeguro,"Sao Paulo, Non-U.S.",,"2023-01-25",0.0700,Finance,Post-IPO,,Brazil,"2023-02-07"
Prosus,"Amsterdam, Non-U.S.",,"2023-01-25",0.3000,Other,Unknown,,Netherlands,"2023-01-25"
Vacasa,Portland,1300,"2023-01-24",0.1700,Travel,Post-IPO,834.00,United States,"2023-01-25"
Innovaccer,SF Bay Area,245,"2023-01-24",0.1500,Healthcare,Series E,379.00,United States,"2023-01-24"
Bolt,SF Bay Area,50,"2023-01-24",0.1000,Finance,Series E,1300.00,United States,"2023-01-25"
PartnerStack,"Toronto, Non-U.S.",40,"2023-01-24",0.2000,Sales,Series B,36.00,Canada,"2023-01-24"
Gitpod,"Kiel, Non-U.S.",21,"2023-01-24",0.2800,Product,Series A,41.00,Germany,"2023-01-25"
OFFOR Health,Columbus,16,"2023-01-24",,Healthcare,Series A,14.00,United States,"2023-01-28"
Venngage,"Toronto, Non-U.S.",11,"2023-01-24",0.2000,Marketing,Unknown,,Canada,"2023-01-25"
CoachHub,"Berlin, Non-U.S.",,"2023-01-24",0.1000,HR,Series C,332.00,Germany,"2023-01-24"
Corvus Insurance,Boston,,"2023-01-24",0.1400,Finance,Series C,160.00,United States,"2023-01-25"
PagerDuty,SF Bay Area,,"2023-01-24",0.0700,Product,Post-IPO,173.00,United States,"2023-01-24"
Scoro,"London, Non-U.S.",,"2023-01-24",0.0900,HR,Series B,23.00,United Kingdom,"2023-01-24"
Spotify,"Stockholm, Non-U.S.",600,"2023-01-23",0.0600,Media,Post-IPO,2100.00,Sweden,"2023-01-23"
Uber Freight,SF Bay Area,150,"2023-01-23",0.0300,Logistics,Subsidiary,2700.00,United States,"2023-01-24"
Inmobi,"Bengaluru, Non-U.S.",50,"2023-01-23",,Marketing,Unknown,320.00,India,"2023-01-23"
Innovid,New York City,40,"2023-01-23",0.1000,Marketing,Post-IPO,295.00,United States,"2023-01-24"
Booktopia,"Sydney, Non-U.S.",30,"2023-01-23",,Retail,Series A,23.00,Australia,"2023-01-23"
Ermetic,SF Bay Area,30,"2023-01-23",0.1700,Security,Series B,97.00,United States,"2023-01-25"
Namogoo,"Tel Aviv, Non-U.S.",20,"2023-01-23",0.1500,Marketing,Series C,69.00,Israel,"2023-01-24"
Camp K12,"Gurugram, Non-U.S.",,"2023-01-23",0.7000,Education,Series A,16.00,India,"2023-01-23"
Gemini,New York City,,"2023-01-23",0.1000,Crypto,Unknown,423.00,United States,"2023-01-23"
Yext,New York City,,"2023-01-23",0.0800,Marketing,Post-IPO,117.00,United States,"2023-01-23"
Google,SF Bay Area,12000,"2023-01-20",0.0600,Consumer,Post-IPO,26.00,United States,"2023-01-20"
Wayfair,Boston,1750,"2023-01-20",0.1000,Retail,Post-IPO,1700.00,United States,"2023-01-20"
Swiggy,"Bengaluru, Non-U.S.",380,"2023-01-20",0.0600,Food,Unknown,3600.00,India,"2023-01-20"
MediBuddy,"Bengaluru, Non-U.S.",200,"2023-01-20",0.0800,Healthcare,Acquired,192.00,India,"2023-01-21"
Vox Media,Washington D.C.,130,"2023-01-20",0.0700,Media,Series F,307.00,United States,"2023-01-21"
BitTorrent,SF Bay Area,92,"2023-01-20",,Infrastructure,Acquired,,United States,"2023-02-07"
Karat,Seattle,47,"2023-01-20",,HR,Unknown,169.00,United States,"2023-01-21"
Enjoei,"Sao Paulo, Non-U.S.",31,"2023-01-20",0.1000,Retail,Unknown,14.00,Brazil,"2023-01-23"
Edifecs,Seattle,30,"2023-01-20",,Healthcare,Unknown,1.00,United States,"2023-01-21"
Citrine Informatics,SF Bay Area,22,"2023-01-20",0.2700,Data,Series C,64.00,United States,"2023-01-21"
Cyteir Therapeutics,Boston,,"2023-01-20",0.7000,Healthcare,Series C,156.00,United States,"2023-01-21"
Capital One,Washington D.C.,1100,"2023-01-19",,Finance,Post-IPO,,United States,"2023-01-20"
Proterra,SF Bay Area,300,"2023-01-19",,Transportation,Post-IPO,1200.00,United States,"2023-03-07"
WeWork ,New York City,300,"2023-01-19",,Real Estate,Post-IPO,22200.00,United States,"2023-01-19"
Hubilo,SF Bay Area,115,"2023-01-19",0.3500,Other,Series B,153.00,United States,"2023-01-20"
Saks.com,New York City,100,"2023-01-19",0.0500,Retail,Unknown,965.00,United States,"2023-01-21"
CS Disco,Austin,62,"2023-01-19",0.0900,Legal,Post-IPO,233.00,United States,"2023-01-21"
Riot Games,Los Angeles,46,"2023-01-19",,Consumer,Acquired,21.00,United States,"2023-01-20"
Hydrow,Boston,30,"2023-01-19",,Fitness,Series D,269.00,United States,"2023-01-21"
Earth Rides,Nashville,,"2023-01-19",1.0000,Transportation,Unknown,2.00,United States,"2023-01-29"
Magnite,Los Angeles,,"2023-01-19",0.0600,Marketing,Post-IPO,400.00,United States,"2023-01-20"
Mudafy,"Mexico City, Non-U.S.",,"2023-01-19",0.7000,Real Estate,Series A,13.00,Mexico,"2023-01-20"
Personalis,SF Bay Area,,"2023-01-19",0.3000,Healthcare,Post-IPO,225.00,United States,"2023-01-20"
Prisma,SF Bay Area,,"2023-01-19",0.2800,Data,Series B,56.00,United States,"2023-01-21"
Wallbox,"Barcelona, Non-U.S.",,"2023-01-19",0.1500,Energy,Post-IPO,167.00,Spain,"2023-01-20"
Microsoft,Seattle,10000,"2023-01-18",0.0500,Other,Post-IPO,1.00,United States,"2023-01-18"
Sophos,"Oxford, Non-U.S.",450,"2023-01-18",0.1000,Security,Acquired,125.00,United Kingdom,"2023-01-18"
Teladoc Health,New York City,300,"2023-01-18",0.0600,Healthcare,Post-IPO,172.00,United States,"2023-01-18"
Vroom,New York City,275,"2023-01-18",0.2000,Transportation,Post-IPO,1300.00,United States,"2023-01-20"
"8x8",SF Bay Area,155,"2023-01-18",0.0700,Support,Post-IPO,253.00,United States,"2023-01-18"
Pagaya,"Tel Aviv, Non-U.S.",140,"2023-01-18",0.2000,Finance,Post-IPO,571.00,Israel,"2023-01-18"
Benevity,"Calgary, Non-U.S.",137,"2023-01-18",0.1400,Other,Unknown,69.00,Canada,"2023-01-18"
Inspirato,Denver,109,"2023-01-18",0.1200,Travel,Post-IPO,179.00,United States,"2023-01-20"
Jumpcloud,Boulder,100,"2023-01-18",0.1200,Security,Series F,416.00,United States,"2023-01-18"
nCino,Wilmington,100,"2023-01-18",0.0700,Finance,Post-IPO,1100.00,United States,"2023-01-19"
Starry,Boston,100,"2023-01-18",0.2400,Other,Post-IPO,260.00,United States,"2023-01-18"
Hootsuite,"Vancouver, Non-U.S.",70,"2023-01-18",0.0700,Marketing,Series C,300.00,Canada,"2023-01-18"
Clue,"Berlin, Non-U.S.",31,"2023-01-18",0.3100,Healthcare,Unknown,47.00,Germany,"2023-01-18"
Addepar,SF Bay Area,20,"2023-01-18",0.0300,Finance,Series F,491.00,United States,"2023-01-18"
"80 Acres Farms",Cincinnati,,"2023-01-18",0.1000,Food,Unknown,275.00,United States,"2023-01-19"
Aiven,"Helsinki, Non-U.S.",,"2023-01-18",0.2000,Infrastructure,Series D,420.00,Finland,"2023-01-18"
Bally's Interactive,Providence,,"2023-01-18",0.1500,Consumer,Post-IPO,946.00,United States,"2023-01-21"
Betterfly,"Santiago, Non-U.S.",,"2023-01-18",0.3000,Healthcare,Series C,204.00,Chile,"2023-01-20"
Lucid Diagnostics,New York City,,"2023-01-18",0.2000,Healthcare,Post-IPO,,United States,"2023-01-26"
Redbubble,"Melbourne, Non-U.S.",,"2023-01-18",0.1400,Retail,Post-IPO,55.00,Australia,"2023-01-18"
Lightspeed Commerce,"Montreal, Non-U.S.",300,"2023-01-17",0.1000,Retail,Post-IPO,1200.00,Canada,"2023-01-17"
Unity,SF Bay Area,284,"2023-01-17",0.0300,Other,Post-IPO,1300.00,United States,"2023-01-17"
Britishvolt,"London, Non-U.S.",206,"2023-01-17",1.0000,Transportation,Unknown,2400.00,United Kingdom,"2023-01-18"
Clutch,"Toronto, Non-U.S.",150,"2023-01-17",,Transportation,Unknown,253.00,Canada,"2023-01-18"
Exotel,"Bengaluru, Non-U.S.",142,"2023-01-17",0.1500,Support,Series D,87.00,India,"2023-01-18"
Unico,"Sao Paulo, Non-U.S.",110,"2023-01-17",0.1000,Other,Series D,336.00,Brazil,"2023-01-18"
Tul,"Bogota, Non-U.S.",100,"2023-01-17",,Construction,Series B,218.00,Colombia,"2023-01-19"
American Robotics,Boston,50,"2023-01-17",0.6500,Other,Acquired,92.00,United States,"2023-01-20"
Luxury Presence,Los Angeles,44,"2023-01-17",,Real Estate,Series B,31.00,United States,"2023-01-18"
RingCentral,SF Bay Area,30,"2023-01-17",,Other,Post-IPO,44.00,United States,"2023-01-18"
GoMechanic,"Gurugram, Non-U.S.",,"2023-01-17",0.7000,Transportation,Series C,54.00,India,"2023-01-18"
LiveVox,SF Bay Area,,"2023-01-17",0.1600,Support,Post-IPO,12.00,United States,"2023-01-21"
PagBank,"Sao Paulo, Non-U.S.",500,"2023-01-16",0.0700,Finance,Post-IPO,,Brazil,"2023-01-17"
ShareChat,"Bengaluru, Non-U.S.",500,"2023-01-16",0.2000,Consumer,Series H,1700.00,India,"2023-01-16"
Gramophone,"Indore, Non-U.S.",75,"2023-01-16",,Food,Series B,17.00,India,"2023-01-16"
ClearCo,"Toronto, Non-U.S.",50,"2023-01-16",0.3000,Finance,Series C,698.00,Canada,"2023-01-16"
Dunzo,"Bengaluru, Non-U.S.",,"2023-01-16",0.0300,Food,Unknown,382.00,India,"2023-01-16"
Ignition,"Sydney, Non-U.S.",,"2023-01-16",0.1000,Finance,Series C,74.00,Australia,"2023-01-17"
Rebel Foods,"Mumbai, Non-U.S.",,"2023-01-16",0.0200,Food,Unknown,548.00,India,"2023-01-16"
Captain Fresh ,"Bengaluru, Non-U.S.",120,"2023-01-15",,Food,Series C,126.00,India,"2023-01-16"
Snappy,New York City,100,"2023-01-15",0.3000,Marketing,Series C,104.00,United States,"2023-01-19"
BharatAgri,"Mumbai, Non-U.S.",40,"2023-01-15",0.4300,Food,Series A,21.00,India,"2023-01-16"
DeHaat,"Patna, Non-U.S.",,"2023-01-15",0.0500,Food,Series E,254.00,India,"2023-01-16"
Black Shark,"Shenzen, Non-U.S.",900,"2023-01-13",,Hardware,Unknown,,China,"2023-01-23"
Ola,"Bengaluru, Non-U.S.",200,"2023-01-13",,Transportation,Series J,5000.00,India,"2023-01-13"
Bonterra ,Austin,140,"2023-01-13",0.1000,Other,Unknown,,United States,"2023-01-17"
Vial,SF Bay Area,40,"2023-01-13",,Healthcare,Series B,101.00,United States,"2023-01-14"
Arch Oncology,Brisbane,,"2023-01-13",1.0000,Healthcare,Series C,155.00,United States,"2023-01-14"
Jellyfish,Boston,,"2023-01-13",0.0900,Product,Series C,114.00,United States,"2023-01-14"
Lending Club,SF Bay Area,225,"2023-01-12",0.1400,Finance,Post-IPO,392.00,United States,"2023-01-12"
SmartNews,"Tokyo, Non-U.S.",120,"2023-01-12",0.4000,Media,Series F,410.00,Japan,"2023-01-13"
Skit.ai,"Bengaluru, Non-U.S.",115,"2023-01-12",,Support,Series B,28.00,India,"2023-01-14"
Pier,"Sao Paulo, Non-U.S.",111,"2023-01-12",0.3900,Finance,Series B,42.00,Brazil,"2023-01-12"
Blockchain.com,"London, Non-U.S.",110,"2023-01-12",0.2800,Crypto,Series D,490.00,United Kingdom,"2023-01-12"
Lattice,SF Bay Area,105,"2023-01-12",0.1500,HR,Series F,328.00,United States,"2023-01-12"
Greenlight,Atlanta,104,"2023-01-12",0.2100,Finance,Series D,556.00,United States,"2023-01-12"
Cashfree Payments,Bengaluru,100,"2023-01-12",,Finance,Series B,41.00,India,"2023-01-12"
Mapbox,Washington D.C.,64,"2023-01-12",,Data,Unknown,334.00,United States,"2023-01-20"
Definitive Healthcare,Boston,55,"2023-01-12",0.0600,Healthcare,Post-IPO,,United States,"2023-01-13"
Akili Labs,Boston,46,"2023-01-12",0.3000,Healthcare,Post-IPO,301.00,United States,"2023-01-14"
Career Karma,SF Bay Area,22,"2023-01-12",,Education,Series B,51.00,United States,"2023-01-12"
Crypto.com,"Singapore, Non-U.S.",,"2023-01-12",0.2000,Crypto,Unknown,,Singapore,"2023-01-13"
Life360,SF Bay Area,,"2023-01-12",0.1400,Consumer,Post-IPO,158.00,United States,"2023-01-13"
Rock Content,Miami,,"2023-01-12",0.1500,Marketing,Series B,34.00,United States,"2023-01-12"
Flexport,SF Bay Area,640,"2023-01-11",0.2000,Logistics,Series E,2400.00,United States,"2023-01-11"
Qualtrics,Salt Lake City,270,"2023-01-11",0.0500,Other,Post-IPO,400.00,United States,"2023-01-12"
Verily,SF Bay Area,250,"2023-01-11",0.1500,Healthcare,Subsidiary,3500.00,United States,"2023-01-11"
Tipalti,SF Bay Area,123,"2023-01-11",0.1100,Finance,Series F,565.00,United States,"2023-01-12"
Jumio,SF Bay Area,100,"2023-01-11",0.0600,Security,Private Equity,205.00,United States,"2023-01-12"
CoinDCX,Mumbai,80,"2023-01-11",,Crypto,Series D,244.00,India,"2023-01-12"
HashiCorp,SF Bay Area,69,"2023-01-11",,Security,Post-IPO,349.00,United States,"2023-01-12"
Embark Vet,Boston,41,"2023-01-11",,Healthcare,Series B,94.00,United States,"2023-01-12"
Intrinsic,SF Bay Area,40,"2023-01-11",0.2000,Other,Acquired,,United States,"2023-01-12"
Citizen,New York City,33,"2023-01-11",,Consumer,Series C,133.00,United States,"2023-01-12"
Carta,SF Bay Area,,"2023-01-11",0.1000,HR,Series G,1100.00,United States,"2023-01-11"
Limeade,Seattle,,"2023-01-11",0.1500,HR,Series C,33.00,United States,"2023-01-12"
Paddle,"London, Non-U.S.",,"2023-01-11",0.0800,Finance,Series D,293.00,United Kingdom,"2023-01-12"
Coinbase,SF Bay Area,950,"2023-01-10",0.2000,Crypto,Post-IPO,549.00,United States,"2023-01-10"
Informatica,SF Bay Area,450,"2023-01-10",0.0700,Data,Post-IPO,,United States,"2023-01-10"
Blend,SF Bay Area,340,"2023-01-10",0.2800,Finance,Post-IPO,665.00,United States,"2023-01-10"
Till Payments,"Sydney, Non-U.S.",120,"2023-01-10",,Finance,Series C,95.00,Australia,"2023-01-11"
ConsenSys,New York City,100,"2023-01-10",0.1100,Crypto,Series D,726.00,United States,"2023-01-10"
ForeScout,"Tel Aviv, Non-U.S.",100,"2023-01-10",0.1000,Security,Acquired,125.00,Israel,"2023-01-10"
Thinkific,"Vancouver, Non-U.S.",76,"2023-01-10",0.1900,Education,Post-IPO,22.00,Canada,"2023-01-10"
LEAD,"Mumbai, Non-U.S.",60,"2023-01-10",,Education,Series E,190.00,India,"2023-01-11"
Parler,Nashville,60,"2023-01-10",0.7500,Consumer,Series B,36.00,United States,"2023-01-11"
GoBolt,"Toronto, Non-U.S.",55,"2023-01-10",0.0500,Logistics,Series C,178.00,Canada,"2023-01-11"
Relevel,"Bengaluru, Non-U.S.",40,"2023-01-10",0.2000,HR,Unknown,,India,"2023-01-12"
StreamElements,"Tel Aviv, Non-U.S.",40,"2023-01-10",0.2000,Media,Series B,111.00,Israel,"2023-01-11"
Cart.com,Austin,25,"2023-01-10",0.0400,Retail,Unknown,383.00,United States,"2023-11-16"
Beamery,"London, Non-U.S.",,"2023-01-10",0.1200,HR,Series D,223.00,United Kingdom,"2023-01-11"
Citrix,Miami,,"2023-01-10",0.1500,Infrastructure,Acquired,20.00,United States,"2023-01-11"
Esper,Seattle,,"2023-01-10",0.2100,Other,Series A,10.00,United States,"2023-01-12"
WHOOP,Boston,,"2023-01-10",0.0400,Fitness,Series F,404.00,United States,"2023-01-12"
Fate Therapeutics,San Diego,315,"2023-01-09",0.5700,Healthcare,Post-IPO,1200.00,United States,"2023-01-13"
Editas Medicine,Boston,,"2023-01-09",0.2000,Healthcare,Post-IPO,656.00,United States,"2023-01-20"
Scale AI,SF Bay Area,,"2023-01-09",0.2000,Data,Series E,602.00,United States,"2023-01-09"
Minute Media,"London, Non-U.S.",50,"2023-01-08",0.1000,Media,Series I,160.00,United Kingdom,"2023-01-09"
WalkMe,SF Bay Area,43,"2023-01-08",0.0300,Other,Post-IPO,307.00,United States,"2023-01-09"
Huobi,"Beijing, Non-U.S.",275,"2023-01-06",0.2000,Crypto,Unknown,2.00,China,"2023-01-06"
Carbon Health,SF Bay Area,200,"2023-01-06",,Healthcare,Series D,522.00,United States,"2023-01-07"
Bounce,"Bengaluru, Non-U.S.",40,"2023-01-06",0.0500,Transportation,Series D,214.00,India,"2023-01-09"
Lantern,Grand Rapids,,"2023-01-06",1.0000,Retail,Seed,40.00,United States,"2023-01-12"
Mojo Vision,SF Bay Area,,"2023-01-06",0.7500,Hardware,Series B,204.00,United States,"2023-01-06"
SuperRare,Wilmington,,"2023-01-06",0.3000,Crypto,Series A,9.00,United States,"2023-01-06"
Cue,San Diego,388,"2023-01-05",,Healthcare,Post-IPO,999.00,United States,"2023-01-06"
SoundHound,SF Bay Area,200,"2023-01-05",0.5000,Other,Post-IPO,326.00,United States,"2023-01-05"
Socure,Reno,104,"2023-01-05",0.1900,Finance,Series E,646.00,United States,"2023-01-06"
Genesis,New York City,60,"2023-01-05",0.3000,Crypto,Series A,,United States,"2023-01-05"
Moglix,Singapore,40,"2023-01-05",0.0200,Retail,Series F,472.00,Singapore,"2023-01-06"
Twitter,SF Bay Area,40,"2023-01-05",,Consumer,Post-IPO,12900.00,United States,"2023-01-06"
Everlane,SF Bay Area,30,"2023-01-05",0.1700,Retail,Unknown,176.00,United States,"2023-01-06"
Pecan AI,"Tel Aviv, Non-U.S.",30,"2023-01-05",0.2500,Data,Series C,116.00,Israel,"2023-01-09"
Personetics,New York City,30,"2023-01-05",0.0800,Support,Private Equity,178.00,United States,"2023-01-06"
Twine Solutions ,"Tel Aviv, Non-U.S.",30,"2023-01-05",0.3300,Hardware,Unknown,50.00,Israel,"2023-01-09"
UpScalio,Gurugram,25,"2023-01-05",0.1500,Retail,Series B,62.00,India,"2023-01-06"
Attentive,New York City,,"2023-01-05",0.1500,Marketing,Series E,863.00,United States,"2023-01-06"
Stitch Fix,SF Bay Area,,"2023-01-05",0.2000,Retail,Post-IPO,79.00,United States,"2023-01-05"
TCR2,Boston,,"2023-01-05",0.4000,Healthcare,Post-IPO,173.00,United States,"2023-01-06"
Amazon,Seattle,8000,"2023-01-04",0.0200,Retail,Post-IPO,108.00,United States,"2023-01-05"
Salesforce,SF Bay Area,8000,"2023-01-04",0.1000,Sales,Post-IPO,65.00,United States,"2023-01-04"
Astronomer,Cincinnati,76,"2023-01-04",0.2000,Data,Series C,282.00,United States,"2023-01-06"
Kaltura,New York City,75,"2023-01-04",0.1100,Media,Post-IPO,166.00,United States,"2023-01-06"
Augury,New York City,20,"2023-01-04",0.0500,Manufacturing,Series E,274.00,United States,"2023-01-09"
Butterfly Network,Boston,,"2023-01-04",0.2500,Healthcare,Post-IPO,530.00,United States,"2023-01-18"
Vimeo,New York City,,"2023-01-04",0.1100,Consumer,Post-IPO,450.00,United States,"2023-01-04"
Wyre,SF Bay Area,,"2023-01-04",1.0000,Crypto,Unknown,29.00,United States,"2023-01-06"
Pegasystems,Boston,245,"2023-01-03",0.0400,HR,Post-IPO,,United States,"2023-01-04"
Uniphore,SF Bay Area,76,"2023-01-03",0.1000,Support,Series E,620.00,United States,"2023-01-06"
Harappa,"New Delhi, Non-U.S.",60,"2023-01-03",0.3000,Education,Acquired,,India,"2023-01-04"
Bytedance,"Shanghai, Non-U.S.",,"2023-01-03",0.1000,Consumer,Unknown,9400.00,China,"2023-01-04"
Amdocs,St. Louis,700,"2023-01-02",0.0300,Support,Post-IPO,,United States,"2023-07-07"
Micron,Boise,4800,"2023-01-01",0.1000,Hardware,Post-IPO,50.00,United States,"2023-04-01"
Ezoic,San Diego,35,"2022-12-31",,Infrastructure,Series A,39.00,United States,"2023-07-21"
Gousto,"London, Non-U.S.",,"2022-12-31",0.1400,Food,Unknown,675.00,United Kingdom,"2023-03-14"
Bilibili,"Shanghai, Non-U.S.",,"2022-12-27",0.3000,Media,Post-IPO,3700.00,China,"2022-12-30"
Octopus Network,"Beau Vallon, Non-U.S.",,"2022-12-27",0.4000,Crypto,Series A,8.00,Seychelles,"2022-12-30"
PayU,"Amsterdam, Non-U.S.",150,"2022-12-26",0.0600,Finance,Acquired,,Netherlands,"2022-12-26"
Element,"London, Non-U.S.",,"2022-12-25",0.1500,Other,Series B,96.00,United Kingdom,"2023-03-01"
Willow,"Sydney, Non-U.S.",99,"2022-12-23",0.2200,Real Estate,Unknown,,Australia,"2023-01-09"
Back Market,"Paris, Non-U.S.",93,"2022-12-23",0.1300,Retail,Series E,1000.00,France,"2022-12-27"
Zoopla,"London, Non-U.S.",50,"2022-12-23",,Real Estate,Series C,25.00,United Kingdom,"2022-12-30"
Qualcomm,San Diego,153,"2022-12-22",,Hardware,Post-IPO,,United States,"2023-01-04"
TuSimple,San Diego,350,"2022-12-21",0.2500,Transportation,Post-IPO,648.00,United States,"2022-12-18"
Lendis,"Berlin, Non-U.S.",,"2022-12-21",0.5000,Other,Series A,90.00,Germany,"2022-12-21"
Chope,"Singapore, Non-U.S.",65,"2022-12-20",0.2400,Food,Series E,50.00,Singapore,"2022-12-28"
Briza,"Toronto, Non-U.S.",26,"2022-12-20",0.4000,Finance,Series A,10.00,Canada,"2022-12-20"
Zhihu,"Beijing, Non-U.S.",,"2022-12-20",0.1000,Consumer,Series F,892.00,China,"2022-12-21"
Homebot,Denver,18,"2022-12-19",0.1300,Real Estate,Acquired,4.00,United States,"2023-01-20"
YourGrocer,"Melbourne, Non-U.S.",,"2022-12-19",1.0000,Food,Unknown,2.00,Australia,"2022-12-27"
Tomorrow,"Hamburg, Non-U.S.",30,"2022-12-16",0.2500,Finance,Unknown,29.00,Germany,"2022-12-18"
Revelate,"Montreal, Non-U.S.",24,"2022-12-16",0.3000,Data,Series A,26.00,Canada,"2022-12-19"
Improbable,"London, Non-U.S.",,"2022-12-16",0.1000,Other,Unknown,704.00,United Kingdom,"2022-12-18"
Modern Treasury,SF Bay Area,,"2022-12-16",0.1800,Finance,Series C,183.00,United States,"2022-12-21"
Reach,"Calgary, Non-U.S.",,"2022-12-16",0.1200,Retail,Series A,30.00,Canada,"2022-12-19"
SonderMind,Denver,,"2022-12-16",0.1500,Healthcare,Series C,183.00,United States,"2022-12-18"
BigCommerce,Austin,180,"2022-12-15",0.1300,Retail,Post-IPO,224.00,United States,"2022-12-15"
Freshworks,SF Bay Area,90,"2022-12-15",0.0200,Support,Post-IPO,484.00,United States,"2022-12-15"
LeafLink,New York City,80,"2022-12-15",0.3100,Other,Series C,379.00,United States,"2023-02-01"
Workmotion,"Berlin, Non-U.S.",60,"2022-12-15",0.2000,HR,Series B,76.00,Germany,"2023-01-04"
Apollo,SF Bay Area,,"2022-12-15",0.1500,Product,Series D,183.00,United States,"2022-12-15"
JD.ID,"Jakarta, Non-U.S.",200,"2022-12-14",0.3000,Retail,Post-IPO,5100.00,Indonesia,"2022-12-15"
GoStudent,"Vienna, Non-U.S.",100,"2022-12-14",,Education,Series D,686.00,Austria,"2022-12-15"
Quanergy Systems,SF Bay Area,72,"2022-12-14",,Transportation,Post-IPO,175.00,United States,"2022-12-15"
Headspace,Los Angeles,50,"2022-12-14",0.0400,Healthcare,Unknown,215.00,United States,"2022-12-15"
ChowNow,Los Angeles,40,"2022-12-14",0.1000,Food,Series C,64.00,United States,"2022-12-15"
Thumbtack,SF Bay Area,160,"2022-12-13",0.1400,Consumer,Series I,698.00,United States,"2022-12-13"
Edgio,Phoenix,95,"2022-12-13",0.1000,Infrastructure,Post-IPO,462.00,United States,"2022-12-15"
Komodo Health,SF Bay Area,78,"2022-12-13",0.0900,Healthcare,Series E,514.00,United States,"2022-12-13"
Viant,Los Angeles,46,"2022-12-13",0.1300,Marketing,Post-IPO,,United States,"2022-12-21"
Pluralsight,Salt Lake City,400,"2022-12-12",0.2000,Education,Acquired,192.00,United States,"2022-12-12"
Freshly,Phoenix,329,"2022-12-12",,Food,Acquired,107.00,United States,"2022-12-14"
Balto,St. Louis,35,"2022-12-12",,Sales,Series B,51.00,United States,"2022-12-13"
Outschool,SF Bay Area,43,"2022-12-10",0.2500,Education,Series D,240.00,United States,"2022-12-13"
Xentral,"Munich, Non-U.S.",20,"2022-12-10",0.1000,Product,Series B,94.00,Germany,"2022-12-13"
Playtika,"Tel Aviv, Non-U.S.",600,"2022-12-09",0.1500,Consumer,Post-IPO,,Israel,"2022-12-11"
Bol.com,"Utrecht, Non-U.S.",300,"2022-12-09",0.1000,Retail,Acquired,,Netherlands,"2024-02-05"
Share Now,"Berlin, Non-U.S.",150,"2022-12-09",0.3600,Transportation,Acquired,,Germany,"2022-12-13"
Alice,"Sao Paulo, Non-U.S.",113,"2022-12-09",0.1600,Healthcare,Series C,174.00,Brazil,"2022-12-11"
Primer,"London, Non-U.S.",85,"2022-12-09",0.3300,Finance,Series B,73.00,United Kingdom,"2022-12-09"
OneFootball,"Berlin, Non-U.S.",62,"2022-12-09",0.1150,Marketing,Series D,442.00,Germany,"2022-12-21"
C2FO,Kansas City,20,"2022-12-09",0.0200,Finance,Series H,537.00,United States,"2022-12-11"
Brodmann17,"Tel Aviv, Non-U.S.",,"2022-12-09",1.0000,Other,Series A,25.00,Israel,"2022-12-11"
Digital Surge,"Brisbane, Non-U.S.",,"2022-12-09",1.0000,Crypto,Unknown,,Australia,"2022-12-11"
ZenLedger,Seattle,,"2022-12-09",0.1000,Crypto,Series B,25.00,United States,"2022-12-11"
Airtable,SF Bay Area,254,"2022-12-08",0.2000,Product,Series F,1400.00,United States,"2022-12-08"
Swiggy,"Bengaluru, Non-U.S.",250,"2022-12-08",0.0300,Food,Unknown,3600.00,India,"2022-12-09"
Glints,"Singapore, Non-U.S.",198,"2022-12-08",0.1800,HR,Series D,82.00,Singapore,"2022-12-09"
Buser,"Sao Paulo, Non-U.S.",160,"2022-12-08",0.3000,Transportation,Series C,138.00,Brazil,"2022-12-11"
BlackLine,Los Angeles,95,"2022-12-08",0.0500,Finance,Private Equity,220.00,United States,"2022-12-11"
Chrono24,"Karlsruhe, Non-U.S.",80,"2022-12-08",,Retail,Series C,205.00,Germany,"2023-01-15"
Otonomo,"Tel Aviv, Non-U.S.",80,"2022-12-08",0.5000,Transportation,Post-IPO,231.00,Israel,"2022-12-11"
TechTarget,Boston,60,"2022-12-08",0.0500,Marketing,Post-IPO,115.00,United States,"2022-12-11"
Inscripta,Boulder,43,"2022-12-08",,Healthcare,Series E,459.00,United States,"2022-12-09"
CyCognito,SF Bay Area,30,"2022-12-08",0.1500,Security,Series C,153.00,United States,"2022-12-09"
Armis,SF Bay Area,25,"2022-12-08",0.0400,Security,Private Equity,537.00,United States,"2022-12-11"
Bakkt,Atlanta,,"2022-12-08",0.1500,Crypto,Post-IPO,932.00,United States,"2022-12-11"
Blue Apron,New York City,,"2022-12-08",0.1000,Food,Post-IPO,352.00,United States,"2022-12-08"
Nerdy,St. Louis,,"2022-12-08",0.1700,Education,Post-IPO,150.00,United States,"2022-12-11"
Vanta,SF Bay Area,,"2022-12-08",0.1400,Security,Series B,203.00,United States,"2022-12-11"
Vedantu,"Bengaluru, Non-U.S.",385,"2022-12-07",,Education,Series E,292.00,India,"2022-12-07"
Loft,"Sao Paulo, Non-U.S.",312,"2022-12-07",0.1200,Real Estate,Unknown,788.00,Brazil,"2022-12-08"
Plaid,SF Bay Area,260,"2022-12-07",0.2000,Finance,Series D,734.00,United States,"2022-12-07"
Motive,SF Bay Area,237,"2022-12-07",0.0600,Transportation,Series F,567.00,United States,"2022-12-08"
Recur Forever,Miami,235,"2022-12-07",,Crypto,Series A,55.00,United States,"2023-01-20"
Relativity,Chicago,150,"2022-12-07",0.1000,Legal,Private Equity,125.00,United States,"2022-12-08"
Voi,"Stockholm, Non-U.S.",130,"2022-12-07",0.1300,Transportation,Series D,515.00,Sweden,"2022-12-08"
Integral Ad Science,New York City,120,"2022-12-07",0.1300,Marketing,Acquired,116.00,United States,"2022-12-08"
Houzz,SF Bay Area,95,"2022-12-07",0.0800,Consumer,Series E,613.00,United States,"2022-12-21"
Grover,"Berlin, Non-U.S.",40,"2022-12-07",0.1000,Retail,Unknown,2300.00,Germany,"2022-12-07"
Lev,New York City,30,"2022-12-07",0.3000,Real Estate,Series B,114.00,United States,"2022-12-11"
Lithic,New York City,27,"2022-12-07",0.1800,Finance,Series C,115.00,United States,"2022-12-09"
CircleCI,SF Bay Area,,"2022-12-07",0.1700,Product,Series F,315.00,United States,"2022-12-07"
Sayurbox,"Jakarta, Non-U.S.",,"2022-12-07",0.0500,Food,Series C,139.00,Indonesia,"2022-12-09"
Doma,SF Bay Area,515,"2022-12-06",0.4000,Finance,Post-IPO,679.00,United States,"2022-12-07"
Intel,SF Bay Area,201,"2022-12-06",,Hardware,Post-IPO,12.00,United States,"2022-12-30"
BuzzFeed,New York City,180,"2022-12-06",0.1200,Media,Post-IPO,696.00,United States,"2022-12-06"
Weedmaps,Los Angeles,175,"2022-12-06",0.2500,Other,Acquired,,United States,"2022-12-07"
Adobe,SF Bay Area,100,"2022-12-06",,Marketing,Post-IPO,2.00,United States,"2022-12-07"
Chipper Cash,SF Bay Area,50,"2022-12-06",0.1250,Finance,Series C,302.00,United States,"2022-12-07"
Stash,New York City,32,"2022-12-06",0.0800,Finance,Unknown,480.00,United States,"2022-12-07"
Perimeter 81,"Tel Aviv, Non-U.S.",20,"2022-12-06",0.0800,Security,Series C,165.00,Israel,"2022-12-07"
Koinly,"London, Non-U.S.",16,"2022-12-06",0.1400,Crypto,Unknown,,United Kingdom,"2022-12-07"
Bridgit,"Waterloo, Non-U.S.",13,"2022-12-06",0.1300,Construction,Series B,36.00,Canada,"2022-12-19"
Nextiva,Phoenix,,"2022-12-06",0.1700,Other,Private Equity,200.00,United States,"2022-12-07"
OneStudyTeam,Boston,,"2022-12-06",0.2500,Healthcare,Series D,479.00,United States,"2022-12-07"
Zuora,SF Bay Area,,"2022-12-06",0.1100,Finance,Post-IPO,647.00,United States,"2022-12-07"
Swyftx,"Brisbane, Non-U.S.",90,"2022-12-05",0.4000,Crypto,Unknown,,Australia,"2022-12-05"
Aqua Security,Boston,65,"2022-12-05",0.1000,Security,Series E,265.00,United States,"2022-12-06"
DataRails,"Tel Aviv, Non-U.S.",30,"2022-12-05",0.1800,Finance,Series B,103.00,Israel,"2022-12-06"
OYO,"Gurugram, Non-U.S.",600,"2022-12-03",,Travel,Series F,4000.00,India,"2022-12-04"
HealthifyMe,Bengaluru,150,"2022-12-03",,Fitness,Series C,100.00,India,"2022-12-04"
Bybit,"Singapore, Non-U.S.",,"2022-12-03",0.3000,Crypto,Unknown,,Singapore,"2022-12-04"
Cognyte,"Tel Aviv, Non-U.S.",100,"2022-12-02",0.0500,Security,Unknown,,Israel,"2022-12-04"
ShareChat,"Bengaluru, Non-U.S.",100,"2022-12-02",,Consumer,Unknown,1700.00,India,"2022-12-03"
Polly,Burlington,47,"2022-12-02",0.1500,Finance,Series C,184.00,United States,"2022-12-04"
Lora DiCarlo,Bend,,"2022-12-02",1.0000,Consumer,Unknown,9.00,United States,"2022-12-04"
Carousell,"Singapore, Non-U.S.",110,"2022-12-01",0.1000,Retail,Private Equity,372.00,Singapore,"2022-12-03"
Bizzabo,New York City,100,"2022-12-01",0.3700,Marketing,Series E,194.00,United States,"2022-12-03"
BloomTech,SF Bay Area,88,"2022-12-01",0.5000,Education,Unknown,,United States,"2022-12-01"
Netlify,SF Bay Area,48,"2022-12-01",0.1600,Product,Series D,212.00,United States,"2022-12-08"
Springbig,Miami,37,"2022-12-01",0.2300,Sales,Post-IPO,32.00,United States,"2022-12-19"
Podium,Lehi,,"2022-12-01",0.1200,Support,Series D,419.00,United States,"2022-12-01"
SQZ Biotech,Boston,,"2022-12-01",0.6000,Healthcare,Post-IPO,229.00,United States,"2022-12-11"
Strava,SF Bay Area,,"2022-12-01",0.1400,Fitness,Series F,151.00,United States,"2022-12-04"
Synlogic,Boston,,"2022-12-01",0.2500,Healthcare,Post-IPO,321.00,United States,"2022-12-11"
DoorDash,SF Bay Area,1250,"2022-11-30",0.0600,Food,Post-IPO,2500.00,United States,"2022-11-30"
Kraken,SF Bay Area,1100,"2022-11-30",0.3000,Crypto,Unknown,134.00,United States,"2022-11-30"
Happy Money,Los Angeles,158,"2022-11-30",0.3400,Finance,Series D,191.00,United States,"2022-12-01"
Ula,"Jakarta, Non-U.S.",134,"2022-11-30",0.2300,Retail,Series B,140.00,Indonesia,"2022-12-01"
Wonder,New York City,130,"2022-11-30",0.0700,Food,Series B,850.00,United States,"2022-12-01"
StudySmarter,"Berlin, Non-U.S.",70,"2022-11-30",,Education,Series A,64.00,Germany,"2023-01-12"
Grin,Sacramento,60,"2022-11-30",0.1300,Marketing,Series B,145.00,United States,"2022-12-03"
UalÃ¡,"Buenos Aires, Non-U.S.",53,"2022-11-30",0.0300,Finance,Series D,544.00,Argentina,"2022-12-01"
Teachmint,"Bengaluru, Non-U.S.",45,"2022-11-30",0.0500,Education,Series B,118.00,India,"2022-12-01"
Etermax,"Buenos Aires, Non-U.S.",40,"2022-11-30",,Other,Unknown,,Argentina,"2022-12-01"
Thread,"London, Non-U.S.",30,"2022-11-30",0.5000,Retail,Acquired,40.00,United Kingdom,"2022-12-11"
Nexar,New York City,25,"2022-11-30",,Transportation,Series D,149.00,United States,"2023-09-04"
Elastic,SF Bay Area,,"2022-11-30",0.1300,Data,Post-IPO,162.00,United States,"2022-12-01"
Sana,Seattle,,"2022-11-30",0.1500,Healthcare,Series A,700.00,United States,"2023-01-06"
Bitso,"Mexico City, Non-U.S.",100,"2022-11-29",,Crypto,Series C,378.00,Mexico,"2022-11-30"
Lyst,"London, Non-U.S.",50,"2022-11-29",0.2500,Retail,Unknown,144.00,United Kingdom,"2022-11-30"
CoinJar,"Melbourne, Non-U.S.",10,"2022-11-29",0.2000,Crypto,Unknown,1.00,Australia,"2022-11-30"
Bitfront,SF Bay Area,,"2022-11-29",1.0000,Crypto,Unknown,,United States,"2022-11-30"
Codexis,SF Bay Area,,"2022-11-29",0.1800,Healthcare,Post-IPO,162.00,United States,"2022-11-30"
Firework,SF Bay Area,,"2022-11-29",0.1000,Retail,Series B,269.00,United States,"2022-12-01"
MessageBird,"Amsterdam, Non-U.S.",,"2022-11-29",0.3100,Other,Series C,1100.00,Netherlands,"2022-11-30"
Plerk,"Guadalajara, Non-U.S.",,"2022-11-29",0.4000,Finance,Series A,13.00,Mexico,"2022-11-30"
Infarm,"Berlin, Non-U.S.",500,"2022-11-28",0.5000,Other,Series D,604.00,Germany,"2022-11-29"
Wildlife Studios,"Sao Paulo, Non-U.S.",300,"2022-11-28",0.2000,Consumer,Unknown,260.00,Brazil,"2022-11-29"
Hirect,"Bengaluru, Non-U.S.",200,"2022-11-28",0.4000,Recruiting,Series A,,India,"2022-11-29"
ApplyBoard,"Waterloo, Non-U.S.",90,"2022-11-28",0.0600,Education,Series D,483.00,Canada,"2022-11-30"
Ajaib,"Jakarta, Non-U.S.",67,"2022-11-28",0.0800,Finance,Unknown,245.00,Indonesia,"2022-11-30"
Candy Digital,New York City,33,"2022-11-28",0.3300,Crypto,Series A,100.00,United States,"2022-11-29"
ResearchGate,"Berlin, Non-U.S.",25,"2022-11-28",0.1000,Other,Series D,87.00,Germany,"2022-11-28"
BlockFi,New York City,,"2022-11-28",1.0000,Crypto,Series E,1000.00,United States,"2022-11-30"
NCX,SF Bay Area,,"2022-11-28",0.4000,Energy,Series B,78.00,United States,"2022-12-01"
Spora Health,SF Bay Area,,"2022-11-28",1.0000,Healthcare,Seed,4.00,United States,"2023-10-31"
Change Invest,"Amsterdam, Non-U.S.",,"2022-11-27",0.2400,Finance,Unknown,22.00,Netherlands,"2023-01-23"
VerSe Innovation,"Bengaluru, Non-U.S.",150,"2022-11-25",0.0500,Media,Series J,1700.00,India,"2022-11-28"
Carwow,"London, Non-U.S.",70,"2022-11-25",0.2000,Transportation,Unknown,157.00,United Kingdom,"2022-11-29"
Vendease,"Lagos, Non-U.S.",27,"2022-11-25",0.0900,Food,Series A,43.00,Nigeria,"2022-11-30"
Lemon,"Buenos Aires, Non-U.S.",100,"2022-11-24",0.3800,Crypto,Series A,17.00,Argentina,"2022-11-25"
Quidax,"Lagos, Non-U.S.",20,"2022-11-24",0.2000,Crypto,Unknown,3.00,Nigeria,"2022-11-26"
Assure,Salt Lake City,,"2022-11-23",1.0000,Finance,Seed,2.00,United States,"2022-11-25"
GoodGood,"Toronto, Non-U.S.",,"2022-11-23",1.0000,Retail,Seed,6.00,Canada,"2022-11-25"
Muni Tienda,"Bogota, Non-U.S.",,"2022-11-23",1.0000,Other,Series A,20.00,Colombia,"2023-03-10"
SWVL,"Cairo, Non-U.S.",,"2022-11-23",0.5000,Transportation,Post-IPO,264.00,Egypt,"2022-11-25"
Western Digital,SF Bay Area,251,"2022-11-22",,Hardware,Post-IPO,900.00,United States,"2023-02-13"
SIRCLO,"Jakarta, Non-U.S.",160,"2022-11-22",0.0800,Retail,Series B,92.00,Indonesia,"2022-11-22"
Movidesk,"Blumenau, Non-U.S.",118,"2022-11-22",,Support,Acquired,11.00,Brazil,"2023-05-24"
Trax,"Singapore, Non-U.S.",80,"2022-11-22",0.0800,Retail,Series E,1000.00,Singapore,"2022-11-22"
Jumia,"Lagos, Non-U.S.",900,"2022-11-21",0.2000,Retail,Post-IPO,1200.00,Nigeria,"2022-12-21"
Kitopi,"Dubai, Non-U.S.",93,"2022-11-21",0.1000,Food,Series C,804.00,UAE,"2022-11-23"
Devo,Boston,,"2022-11-21",0.1500,Security,Series F,481.00,United States,"2022-12-13"
GloriFi,Dallas,,"2022-11-21",1.0000,Finance,Unknown,,United States,"2022-11-25"
Zomato,"Gurugram, Non-U.S.",100,"2022-11-19",0.0400,Food,Series J,914.00,India,"2022-11-20"
Carvana,Phoenix,1500,"2022-11-18",0.0800,Transportation,Post-IPO,1600.00,United States,"2022-11-18"
Nuro,SF Bay Area,300,"2022-11-18",0.2000,Transportation,Series D,2100.00,United States,"2022-11-18"
Synthego,SF Bay Area,105,"2022-11-18",0.2000,Healthcare,Series E,459.00,United States,"2022-11-29"
Splyt,"London, Non-U.S.",57,"2022-11-18",,Transportation,Series B,34.00,United Kingdom,"2023-01-18"
Capitolis,New York City,,"2022-11-18",0.2500,Finance,Series D,281.00,United States,"2022-12-15"
StoryBlocks,Washington D.C.,,"2022-11-18",0.2500,Media,Acquired,18.00,United States,"2022-11-19"
Unchained Capital,Austin,,"2022-11-18",0.1500,Crypto,Series A,33.00,United States,"2023-01-24"
Roku,SF Bay Area,200,"2022-11-17",0.0700,Media,Post-IPO,208.00,United States,"2022-11-17"
Orchard,New York City,180,"2022-11-17",,Real Estate,Series D,472.00,United States,"2022-11-18"
Homepoint,Phoenix,113,"2022-11-17",,Real Estate,Post-IPO,,United States,"2022-11-19"
Juni,"Gothenburg, Non-U.S.",72,"2022-11-17",0.3300,Finance,Unknown,281.00,Sweden,"2022-11-19"
Chili Piper,New York City,58,"2022-11-17",,Sales,Series B,54.00,United States,"2022-11-17"
Capitolis,New York City,37,"2022-11-17",0.2500,Finance,Series D,281.00,United States,"2022-11-18"
TealBook,"Toronto, Non-U.S.",34,"2022-11-17",0.1900,Other,Series B,73.00,Canada,"2022-11-17"
Koho,"Toronto, Non-U.S.",15,"2022-11-17",0.0400,Finance,Series D,278.00,Canada,"2022-11-20"
&Open,"Dublin, Non-U.S.",9,"2022-11-17",0.0900,Marketing,Series A,35.00,Ireland,"2022-12-01"
Kandji,San Diego,,"2022-11-17",0.1700,Other,Series C,188.00,United States,"2022-11-19"
Morning Brew,New York City,,"2022-11-17",0.1400,Media,Acquired,,United States,"2022-11-19"
Symend,"Calgary, Non-U.S.",,"2022-11-17",0.1300,Other,Series C,148.00,Canada,"2022-11-17"
Amazon,Seattle,10000,"2022-11-16",0.0300,Retail,Post-IPO,108.00,United States,"2022-11-16"
Cisco,SF Bay Area,4100,"2022-11-16",0.0500,Infrastructure,Post-IPO,2.00,United States,"2022-11-17"
Twiga,"Nairobi, Non-U.S.",211,"2022-11-16",0.2100,Food,Series C,157.00,Kenya,"2022-11-30"
Wayflyer,"Dublin, Non-U.S.",200,"2022-11-16",0.4000,Marketing,Unknown,889.00,Ireland,"2022-11-17"
Similarweb,New York City,120,"2022-11-16",0.1000,Other,Post-IPO,235.00,United States,"2022-11-17"
Salsify,Boston,90,"2022-11-16",0.1100,Retail,Series F,452.00,United States,"2022-11-17"
Lokalise,Dover,76,"2022-11-16",0.2300,Other,Series B,56.00,United States,"2022-11-17"
Yotpo,New York City,70,"2022-11-16",0.0900,Marketing,Unknown,436.00,United States,"2022-11-17"
Pear Therapeutics,Boston,59,"2022-11-16",0.2200,Healthcare,Post-IPO,409.00,United States,"2022-12-11"
D2L,"Waterloo, Non-U.S.",,"2022-11-16",0.0500,Education,Post-IPO,168.00,Canada,"2022-11-17"
Dance,"Berlin, Non-U.S.",,"2022-11-16",0.1600,Transportation,Unknown,63.00,Germany,"2022-11-17"
Homeward,Austin,,"2022-11-16",0.2500,Real Estate,Unknown,501.00,United States,"2022-11-19"
Hopin,"London, Non-U.S.",,"2022-11-16",0.1700,Other,Series D,1000.00,United Kingdom,"2022-11-17"
Kite,SF Bay Area,,"2022-11-16",1.0000,Product,Series A,21.00,United States,"2022-11-25"
UiPath,New York City,241,"2022-11-15",0.0600,Data,Post-IPO,2000.00,United States,"2022-11-17"
Asana,SF Bay Area,180,"2022-11-15",0.0900,Other,Post-IPO,453.00,United States,"2022-11-15"
OwnBackup,New York City,170,"2022-11-15",0.1700,Security,Series E,507.00,United States,"2022-11-17"
Deliveroo Australia,"Melbourne, Victoria",120,"2022-11-15",1.0000,Food,Post-IPO,1700.00,Australia,"2022-11-17"
Productboard,SF Bay Area,100,"2022-11-15",0.2000,Product,Series D,,United States,"2022-11-17"
Properly,"Toronto, Non-U.S.",71,"2022-11-15",,Real Estate,Series B,154.00,Canada,"2022-11-17"
Protocol,SF Bay Area,60,"2022-11-15",1.0000,Media,Acquired,,United States,"2022-11-15"
Jimdo,"Hamburg, Non-U.S.",50,"2022-11-15",0.1600,Other,Unknown,28.00,Germany,"2022-11-17"
The Zebra,Austin,50,"2022-11-15",,Finance,Series D,256.00,United States,"2022-11-17"
Viber,"Luxembourg, Non-U.S.",45,"2022-11-15",0.0800,Consumer,Acquired,,Luxembourg,"2022-11-17"
CaptivateIQ,SF Bay Area,31,"2022-11-15",0.1000,Sales,Series C,164.00,United States,"2022-11-17"
Apollo Insurance,"Vancouver, Non-U.S.",,"2022-11-15",0.2500,Finance,Series B,11.00,Canada,"2022-11-20"
Nirvana Money,Miami,,"2022-11-15",1.0000,Finance,Unknown,,United States,"2022-11-16"
OfferUp,Seattle,,"2022-11-15",0.1900,Retail,Unknown,381.00,United States,"2022-11-17"
Outside,Boulder,,"2022-11-15",0.1200,Media,Series B,174.00,United States,"2022-11-17"
Rubicon Technologies,Lexington,,"2022-11-15",0.1100,Other,Post-IPO,382.00,United States,"2022-11-19"
Whispir,"Melbourne, Non-U.S.",,"2022-11-15",0.3000,Other,Post-IPO,68.00,Australia,"2022-11-17"
Illumina,San Diego,500,"2022-11-14",0.0500,Healthcare,Post-IPO,28.00,United States,"2022-11-17"
Sema4,Stamford,500,"2022-11-14",,Healthcare,Post-IPO,791.00,United States,"2022-11-14"
iFit,Logan,300,"2022-11-14",0.2000,Fitness,Private Equity,200.00,United States,"2022-11-17"
Ribbon,New York City,170,"2022-11-14",0.8500,Real Estate,Series C,405.00,United States,"2022-11-22"
Pipedrive,"Tallinn, Non-U.S.",143,"2022-11-14",0.1500,Sales,Private Equity,90.00,Estonia,"2022-11-15"
Intercom,SF Bay Area,124,"2022-11-14",0.1300,Support,Series D,240.00,United States,"2022-11-14"
Science 37 ,Los Angeles,90,"2022-11-14",,Healthcare,Post-IPO,347.00,United States,"2022-11-14"
Pear Therapeutics,Boston,59,"2022-11-14",0.2200,Healthcare,Post-IPO,409.00,United States,"2022-11-17"
Cardlytics,Atlanta,51,"2022-11-14",,Marketing,Post-IPO,212.00,United States,"2022-11-15"
Cloudinary,SF Bay Area,40,"2022-11-14",0.0800,Media,Unknown,100.00,United States,"2022-11-17"
Nestcoin,"Lagos, Non-U.S.",30,"2022-11-14",,Crypto,Seed,6.00,Nigeria,"2022-11-20"
Gokada,"Lagos, Non-U.S.",20,"2022-11-14",,Transportation,Unknown,12.00,Nigeria,"2023-02-02"
Tricida,SF Bay Area,,"2022-11-14",0.5700,Healthcare,Post-IPO,624.00,United States,"2023-01-19"
Veev,SF Bay Area,100,"2022-11-11",0.3000,Real Estate,Series D,597.00,United States,"2022-11-12"
Forto,"Berlin, Non-U.S.",60,"2022-11-11",0.0800,Logistics,Series D,593.00,Germany,"2023-01-04"
Offerpad,Phoenix,,"2022-11-11",0.0700,Real Estate,Post-IPO,355.00,United States,"2022-11-17"
GoTo Group,"Jakarta, Non-U.S.",1300,"2022-11-10",0.1200,Transportation,Post-IPO,1300.00,Indonesia,"2022-11-11"
Juul,SF Bay Area,400,"2022-11-10",0.3000,Consumer,Unknown,1500.00,United States,"2022-11-10"
Blend,SF Bay Area,100,"2022-11-10",0.0600,Finance,Post-IPO,665.00,United States,"2022-12-09"
InfluxData,SF Bay Area,65,"2022-11-10",0.2700,Data,Series D,119.00,United States,"2022-11-12"
Coinbase,SF Bay Area,60,"2022-11-10",,Crypto,Post-IPO,549.00,United States,"2022-11-10"
SoundHound,SF Bay Area,45,"2022-11-10",0.1000,Other,Post-IPO,326.00,United States,"2022-11-10"
Wistia,Boston,40,"2022-11-10",,Marketing,Unknown,18.00,United States,"2022-11-11"
Ocavu,Lehi,20,"2022-11-10",0.4800,Crypto,Series A,11.00,United States,"2022-11-12"
Avast,Phoenix,,"2022-11-10",0.2500,Security,Unknown,,United States,"2022-11-17"
SendCloud,"Eindhoven, Non-U.S.",,"2022-11-10",0.1000,Logistics,Series C,200.00,Netherlands,"2022-11-10"
Wavely,SF Bay Area,,"2022-11-10",1.0000,HR,Unknown,,United States,"2022-11-11"
Meta,SF Bay Area,11000,"2022-11-09",0.1300,Consumer,Post-IPO,26000.00,United States,"2022-11-09"
Redfin,Seattle,862,"2022-11-09",0.1300,Real Estate,Post-IPO,320.00,United States,"2022-11-09"
Flyhomes,Seattle,300,"2022-11-09",0.4000,Real Estate,Series C,310.00,United States,"2022-11-10"
AvantStay,Los Angeles,144,"2022-11-09",0.2200,Travel,Private Equity,686.00,United States,"2022-11-11"
Root Insurance,Columbus,137,"2022-11-09",0.2000,Finance,Post-IPO,527.00,United States,"2022-11-10"
Liftoff,SF Bay Area,130,"2022-11-09",0.1500,Marketing,Acquired,6.00,United States,"2022-11-17"
Cameo,Chicago,80,"2022-11-09",,Consumer,Unknown,165.00,United States,"2022-11-09"
Plum,"Bengaluru, Non-U.S.",36,"2022-11-09",0.1000,Healthcare,Series A,20.00,India,"2022-11-11"
Kabam,SF Bay Area,35,"2022-11-09",0.0700,Consumer,Acquired,244.00,United States,"2022-11-09"
HighRadius,"Bengaluru, Non-U.S.",25,"2022-11-09",,Finance,Series C,475.00,India,"2022-12-07"
Namogoo,"Tel Aviv, Non-U.S.",25,"2022-11-09",0.1500,Marketing,Series C,69.00,Israel,"2023-01-24"
CloudFactory,"Nairobi, Non-U.S.",,"2022-11-09",0.1200,Data,Private Equity,78.00,Kenya,"2022-11-20"
Faze Medicines,Boston,,"2022-11-09",1.0000,Healthcare,Series B,81.00,United States,"2022-11-12"
RingCentral,SF Bay Area,,"2022-11-09",0.1000,Other,Post-IPO,44.00,United States,"2022-11-10"
EverBridge,Boston,200,"2022-11-08",,Other,Post-IPO,476.00,United States,"2023-01-19"
Repertoire Immune Medicines,Boston,65,"2022-11-08",0.5000,Healthcare,Series B,257.00,United States,"2022-11-09"
Astra,SF Bay Area,,"2022-11-08",0.1600,Aerospace,Post-IPO,300.00,United States,"2022-11-09"
NanoString,Seattle,,"2022-11-08",0.1000,Healthcare,Post-IPO,731.00,United States,"2022-11-17"
SADA,Los Angeles,,"2022-11-08",0.1100,Other,Acquired,,United States,"2022-11-09"
Salesforce,SF Bay Area,1000,"2022-11-07",0.0100,Sales,Post-IPO,65.00,United States,"2022-11-09"
Unacademy,"Bengaluru, Non-U.S.",350,"2022-11-07",0.1000,Education,Series H,838.00,India,"2022-11-07"
Zendesk,SF Bay Area,350,"2022-11-07",0.0500,Support,Acquired,85.00,United States,"2022-11-07"
Dock,"Sao Paulo, Non-U.S.",190,"2022-11-07",0.1200,Finance,Private Equity,280.00,Brazil,"2022-11-08"
Code42,Minneapolis,,"2022-11-07",0.1500,Security,Unknown,137.00,United States,"2022-11-08"
Domino Data Lab,SF Bay Area,,"2022-11-07",0.2500,Data,Series F,223.00,United States,"2022-11-08"
Varonis,New York City,110,"2022-11-06",0.0500,Security,Post-IPO,30.00,United States,"2022-11-06"
Brainly,"Krakow, Non-U.S.",25,"2022-11-06",,Education,Series D,148.00,Poland,"2022-11-07"
Twitter,SF Bay Area,3700,"2022-11-04",0.5000,Consumer,Post-IPO,12900.00,United States,"2022-11-04"
Udaan,"Bengaluru, Non-U.S.",350,"2022-11-04",,Retail,Unknown,1500.00,India,"2022-11-05"
Planetly,"Berlin, Non-U.S.",200,"2022-11-04",1.0000,Other,Acquired,5.00,Germany,"2022-11-05"
KoinWorks,"Jakarta, Non-U.S.",70,"2022-11-04",0.0800,Finance,Unknown,180.00,Indonesia,"2022-11-27"
Exodus,Nebraska City,59,"2022-11-04",0.2200,Crypto,Unknown,60.00,United States,"2022-11-12"
Benitago Group,New York City,,"2022-11-04",0.1400,Retail,Series A,380.00,United States,"2022-11-05"
Mythical Games,Los Angeles,,"2022-11-04",0.1000,Crypto,Series C,260.00,United States,"2022-11-06"
Stripe,SF Bay Area,1000,"2022-11-03",0.1400,Finance,Series H,2300.00,United States,"2022-11-03"
Lyft,SF Bay Area,700,"2022-11-03",0.1300,Transportation,Post-IPO,4900.00,United States,"2022-11-03"
LendingTree,Charlotte,200,"2022-11-03",,Finance,Post-IPO,,United States,"2023-01-23"
Pleo,"Copenhagen, Non-U.S.",150,"2022-11-03",0.1500,Finance,Series C,428.00,Denmark,"2022-11-03"
Delivery Hero,"Berlin, Non-U.S.",100,"2022-11-03",,Food,Post-IPO,8300.00,Germany,"2022-11-05"
Shippo,SF Bay Area,60,"2022-11-03",0.2000,Logistics,Series E,154.00,United States,"2022-11-04"
Affirm,SF Bay Area,,"2022-11-03",0.0100,Finance,Post-IPO,1500.00,United States,"2022-11-04"
LiveRamp,SF Bay Area,,"2022-11-03",0.1000,Marketing,Post-IPO,16.00,United States,"2022-11-05"
Rubius,Boston,,"2022-11-03",0.8200,Healthcare,Post-IPO,445.00,United States,"2022-11-17"
Snapdocs,SF Bay Area,,"2022-11-03",0.1500,Real Estate,Series D,253.00,United States,"2022-11-05"
Opendoor,SF Bay Area,550,"2022-11-02",0.1800,Real Estate,Post-IPO,1900.00,United States,"2022-11-02"
Chime,SF Bay Area,156,"2022-11-02",0.1200,Finance,Series G,2300.00,United States,"2022-11-02"
Chargebee,SF Bay Area,142,"2022-11-02",0.1000,Finance,Series H,468.00,United States,"2022-11-03"
Dapper Labs,"Vancouver, Non-U.S.",134,"2022-11-02",0.2200,Crypto,Series D,607.00,Canada,"2022-11-03"
Checkmarx,"Tel Aviv, Non-U.S.",100,"2022-11-02",0.1000,Security,Series C,92.00,Israel,"2022-11-02"
Smava,"Berlin, Non-U.S.",100,"2022-11-02",0.1500,Finance,Unknown,188.00,Germany,"2022-11-03"
Iron Ox,SF Bay Area,50,"2022-11-02",0.5000,Food,Series C,103.00,United States,"2022-11-03"
Digital Currency Gruop,Stamford,10,"2022-11-02",0.1300,Crypto,Unknown,,United States,"2022-11-03"
BitMEX,Non-U.S.,,"2022-11-02",0.3000,Crypto,Seed,,Seychelles,"2022-11-03"
Argo AI,SF Bay Area,259,"2022-11-01",,Transportation,Unknown,3600.00,United States,"2023-01-05"
Booking.com,Grand Rapids,226,"2022-11-01",,Travel,Acquired,,United States,"2022-11-03"
Oracle,SF Bay Area,200,"2022-11-01",,Other,Post-IPO,,United States,"2022-11-17"
Upstart,SF Bay Area,140,"2022-11-01",0.0700,Finance,Post-IPO,144.00,United States,"2022-11-01"
Gem,SF Bay Area,100,"2022-11-01",0.3300,Recruiting,Series C,148.00,United States,"2022-11-01"
Oda,"Oslo, Non-U.S.",70,"2022-11-01",0.1800,Food,Unknown,377.00,Sweden,"2022-11-01"
Oda,"Oslo, Non-U.S.",70,"2022-11-01",0.1800,Food,Unknown,477.00,Norway,"2022-11-11"
Oda,"Oslo, Non-U.S.",70,"2022-11-01",0.0600,Food,Unknown,479.00,Norway,"2022-11-30"
Hootsuite,"Vancouver, Non-U.S.",50,"2022-11-01",0.0500,Marketing,Series C,300.00,Canada,"2022-11-01"
Drop,"Toronto, Non-U.S.",24,"2022-11-01",,Marketing,Series B,56.00,Canada,"2022-11-03"
Tapps Games,"Sao Paulo, Non-U.S.",10,"2022-11-01",,Consumer,Unknown,,Brazil,"2023-01-21"
Brightline,SF Bay Area,,"2022-11-01",0.2000,Healthcare,Series C,212.00,United States,"2022-11-01"
Kry,"Stockholm, Non-U.S.",300,"2022-10-31",0.1000,Healthcare,Series D,568.00,Sweden,"2022-11-01"
Notarize,Boston,60,"2022-10-31",,Legal,Series D,213.00,United States,"2022-11-01"
EquityZen,New York City,30,"2022-10-31",0.2700,Finance,Series B,11.00,United States,"2022-11-01"
Equitybee,SF Bay Area,25,"2022-10-31",0.2000,Finance,Series B,85.00,United States,"2022-10-31"
Dukaan,"Bengaluru, Non-U.S.",23,"2022-10-31",,Retail,Series A,17.00,India,"2022-10-31"
Doubtnut,"Gurugram, Non-U.S.",,"2022-10-31",0.3000,Education,Series B,49.00,India,"2023-04-14"
Amazon,Seattle,150,"2022-10-28",,Retail,Post-IPO,108.00,United States,"2023-01-11"
Fifth Season,Pittsburgh,100,"2022-10-28",1.0000,Food,Series B,35.00,United States,"2022-10-30"
Advata,Seattle,32,"2022-10-28",0.2100,Healthcare,,,United States,"2022-10-31"
Springlane,"DÃ¼sseldorf, Non-U.S.",,"2022-10-28",0.3500,Food,Series C,11.00,Germany,"2022-10-28"
RenoRun,"Montreal, Non-U.S.",210,"2022-10-27",0.4300,Construction,Series B,163.00,Canada,"2022-10-28"
Recharge,Los Angeles,84,"2022-10-27",0.1700,Finance,Series B,277.00,United States,"2022-10-28"
Lattice,SF Bay Area,13,"2022-10-27",,HR,Series F,328.00,United States,"2022-11-03"
GoNuts,"Mumbai, Non-U.S.",,"2022-10-27",1.0000,Media,Seed,,India,"2022-10-30"
Seagate,SF Bay Area,3000,"2022-10-26",0.0800,Hardware,Post-IPO,,United States,"2023-04-01"
MindBody,San Luis Obispo,400,"2022-10-26",0.1500,Fitness,Post-IPO,114.00,United States,"2022-10-26"
Zillow,Seattle,300,"2022-10-26",0.0500,Real Estate,Post-IPO,97.00,United States,"2022-10-26"
Cybereason,Boston,200,"2022-10-26",0.1700,Security,Series F,750.00,United States,"2022-10-26"
Argo AI,Pittsburgh,173,"2022-10-26",,Transportation,Unknown,3600.00,United States,"2022-10-26"
GoFundMe,SF Bay Area,94,"2022-10-26",0.1200,Finance,Series A,,United States,"2022-10-26"
Fundbox,SF Bay Area,150,"2022-10-25",0.4200,Finance,Series D,553.00,United States,"2022-10-25"
Embroker,SF Bay Area,30,"2022-10-25",0.1200,Finance,Series C,142.00,United States,"2022-10-26"
Vee,"Tel Aviv, Non-U.S.",17,"2022-10-25",0.5000,HR,Seed,15.00,Israel,"2022-10-25"
Callisto Media,SF Bay Area,,"2022-10-25",0.3500,Media,Series D,,United States,"2022-10-26"
Philips,"Amsterdam, Non-U.S.",4000,"2022-10-24",0.0500,Healthcare,Post-IPO,,Netherlands,"2023-01-21"
Cerebral,SF Bay Area,400,"2022-10-24",0.2000,Healthcare,Series C,462.00,United States,"2022-10-24"
Snyk,Boston,198,"2022-10-24",0.1400,Security,Series F,849.00,United States,"2022-10-24"
McMakler,"Berlin, Non-U.S.",100,"2022-10-24",,Real Estate,Unknown,214.00,Germany,"2022-10-25"
Unico,"Sao Paulo, Non-U.S.",50,"2022-10-24",0.0400,Other,Series D,336.00,Brazil,"2023-01-18"
OrCam,"Jerusalem, Non-U.S.",62,"2022-10-23",0.1600,Healthcare,Unknown,86.00,Israel,"2022-10-24"
Antidote Health,"Tel Aviv, Non-U.S.",23,"2022-10-23",0.3800,Healthcare,Unknown,36.00,Israel,"2022-10-24"
Khoros,Austin,120,"2022-10-21",0.1000,Sales,Private Equity,138.00,United States,"2022-10-22"
F5,Seattle,100,"2022-10-21",0.0100,Security,Post-IPO,,United States,"2022-11-17"
Elinvar,"Berlin, Non-U.S.",43,"2022-10-21",0.3300,Finance,Unknown,30.00,Germany,"2022-10-24"
Synapsica,"New Delhi, Non-U.S.",30,"2022-10-21",0.3000,Healthcare,Series A,4.00,India,"2022-10-22"
Volta,SF Bay Area,,"2022-10-21",0.5400,Transportation,Post-IPO,575.00,United States,"2022-10-22"
Hotmart,"Belo Horizonte, Non-U.S.",227,"2022-10-20",0.1200,Marketing,Series C,127.00,Brazil,"2022-10-22"
Zeus Living,SF Bay Area,64,"2022-10-20",0.4600,Real Estate,Series C,151.00,United States,"2022-10-21"
Loom,SF Bay Area,23,"2022-10-20",0.1100,Product,Series C,203.00,United States,"2022-10-20"
Sales Boomerang,Baltimore,20,"2022-10-20",,Sales,Private Equity,5.00,United States,"2022-11-01"
Roofstock,SF Bay Area,,"2022-10-20",0.2000,Real Estate,Series E,365.00,United States,"2022-10-22"
Starry,Boston,,"2022-10-20",0.5000,Other,Post-IPO,260.00,United States,"2022-10-20"
Gopuff,Philadelphia,250,"2022-10-19",,Food,Series H,3400.00,United States,"2022-10-20"
AtoB,SF Bay Area,32,"2022-10-19",0.3000,Finance,Series B,177.00,United States,"2022-10-19"
InfoSum,"London, Non-U.S.",20,"2022-10-19",0.1200,Security,Series B,88.00,United Kingdom,"2022-11-10"
Faire,SF Bay Area,84,"2022-10-18",0.0700,Retail,Series G,1700.00,United States,"2022-11-04"
Leafly,Seattle,56,"2022-10-18",0.2100,Retail,Post-IPO,71.00,United States,"2022-10-19"
Ada Health,"Berlin, Non-U.S.",50,"2022-10-17",,Healthcare,Series B,189.00,Germany,"2022-10-26"
Tiendanube,Buenos Aires,50,"2022-10-17",0.0500,Marketing,Unknown,,Argentina,"2022-11-06"
Nuri,"Berlin, Non-U.S.",,"2022-10-17",1.0000,Crypto,Series B,42.00,Germany,"2022-10-19"
Flipboard,SF Bay Area,24,"2022-10-16",0.2100,Media,Unknown,235.00,United States,"2022-10-20"
Clear Capital,Reno,378,"2022-10-14",0.2700,Real Estate,Unknown,,United States,"2022-10-15"
Beyond Meat,Los Angeles,200,"2022-10-14",0.1900,Food,Post-IPO,122.00,United States,"2022-10-14"
Beyond Meat,Los Angeles,200,"2022-10-14",0.1900,Food,Post-IPO,122.00,United States,"2023-11-07"
Flux Systems,"London, Non-U.S.",,"2022-10-14",1.0000,Finance,Unknown,9.00,United Kingdom,"2022-10-15"
Qin1,"Noida, Non-U.S.",,"2022-10-14",1.0000,Education,Seed,,India,"2022-10-15"
Salesforce,SF Bay Area,90,"2022-10-13",,Sales,Post-IPO,65.00,United States,"2022-10-14"
Playdots,New York City,65,"2022-10-13",1.0000,Consumer,Acquired,10.00,United States,"2022-11-05"
Byju's,"Bengaluru, Non-U.S.",2500,"2022-10-12",0.0500,Education,Private Equity,5500.00,India,"2022-10-12"
"6sense",SF Bay Area,150,"2022-10-12",0.1000,Sales,Series E,426.00,United States,"2022-10-14"
Sinch,"Stockholm, Non-U.S.",150,"2022-10-12",,Other,Post-IPO,1500.00,Sweden,"2023-02-01"
FrontRow,"Bengaluru, Non-U.S.",130,"2022-10-12",0.7500,Education,Series A,17.00,India,"2022-10-13"
Noom,New York City,500,"2022-10-11",0.1000,Healthcare,Series F,657.00,United States,"2022-10-12"
MX,Lehi,200,"2022-10-11",,Finance,Series C,450.00,United States,"2022-10-12"
Brex,SF Bay Area,136,"2022-10-11",0.1100,Finance,Series D,1500.00,United States,"2022-10-11"
Pacaso,SF Bay Area,100,"2022-10-11",0.3000,Real Estate,Series C,217.00,United States,"2022-10-13"
Sketch,"The Hague, Non-U.S.",80,"2022-10-11",,Other,Series A,20.00,Netherlands,"2022-10-11"
Udacity,SF Bay Area,55,"2022-10-11",0.1300,Education,Unknown,235.00,United States,"2022-10-11"
Linkfire,"Copenhagen, Non-U.S.",35,"2022-10-11",0.3500,Marketing,Seed,2.00,Denmark,"2022-10-26"
HelloFresh,SF Bay Area,611,"2022-10-10",,Food,Post-IPO,367.00,United States,"2022-10-16"
SurveyMonkey,SF Bay Area,180,"2022-10-10",0.1100,Marketing,Post-IPO,1100.00,United States,"2022-10-13"
Pavilion Data,SF Bay Area,96,"2022-10-10",0.9600,Infrastructure,Series D,103.00,United States,"2022-10-25"
Redesign Health,New York City,67,"2022-10-10",0.2000,Healthcare,Series C,315.00,United States,"2022-10-10"
Nyriad,Austin,,"2022-10-10",0.3300,Infrastructure,Unknown,58.00,United States,"2022-10-25"
Collage.com,Detroit,,"2022-10-09",1.0000,Retail,Acquired,,United States,"2023-04-03"
BioMarin,SF Bay Area,120,"2022-10-07",0.0400,Healthcare,Post-IPO,585.00,United States,"2022-11-19"
Rev.com,Austin,85,"2022-10-07",,Data,Series D,30.00,United States,"2022-10-12"
Crypto.com,"Singapore, Non-U.S.",2000,"2022-10-06",0.3000,Crypto,Unknown,156.00,Singapore,"2022-10-07"
Peloton,New York City,500,"2022-10-06",0.1200,Fitness,Post-IPO,1900.00,United States,"2022-10-06"
Landing,Birmingham,110,"2022-10-06",,Real Estate,Series C,347.00,United States,"2022-10-07"
Turnitin,SF Bay Area,51,"2022-10-06",0.0500,Education,Acquired,,United States,"2022-10-08"
Impossible Foods,SF Bay Area,50,"2022-10-06",0.0600,Food,Series H,1900.00,United States,"2022-10-07"
Foresight Insurance,SF Bay Area,,"2022-10-06",0.4000,Finance,Series B,58.00,United States,"2022-12-01"
Built In,Chicago,50,"2022-10-05",0.2500,Recruiting,Series C,29.00,United States,"2022-10-05"
TwinStrand,Seattle,,"2022-10-05",0.5000,Healthcare,Series B,73.00,United States,"2022-10-07"
"8x8",SF Bay Area,200,"2022-10-04",0.0900,Support,Post-IPO,253.00,United States,"2023-01-18"
Zoomo,"Sydney, Non-U.S.",65,"2022-10-04",0.1600,Transportation,Series B,105.00,Australia,"2022-10-05"
Homie,Salt Lake City,40,"2022-10-04",0.1300,Real Estate,Series B,35.00,United States,"2022-10-06"
Fivetran,SF Bay Area,,"2022-10-04",0.0500,Data,Series D,,United States,"2022-10-05"
Xendit,"Jakarta, Non-U.S.",,"2022-10-04",0.0500,Finance,Series D,534.00,Indonesia,"2022-10-05"
ActiveCampaign,Chicago,,"2022-10-03",0.1500,Marketing,Series C,360.00,United States,"2022-10-07"
WazirX,"Mumbai, Non-U.S.",60,"2022-10-02",0.4000,Crypto,Acquired,,India,"2022-10-02"
Spin,SF Bay Area,78,"2022-09-30",0.1000,Transportation,Acquired,8.00,United States,"2022-10-03"
Carsome,"Kuala Lumpur, Non-U.S.",,"2022-09-30",0.1000,Transportation,Series E,607.00,Malaysia,"2022-09-30"
Pastel,SF Bay Area,,"2022-09-30",1.0000,Food,Unknown,,United States,"2022-10-08"
Westwing,"Munich, Non-U.S.",125,"2022-09-29",,Retail,Post-IPO,237.00,Germany,"2022-10-04"
Mux,SF Bay Area,40,"2022-09-29",0.2000,Infrastructure,Series D,173.00,United States,"2022-10-02"
Solarisbank,"Berlin, Non-U.S.",,"2022-09-29",0.1000,Finance,Unknown,385.00,Germany,"2022-09-30"
DocuSign,SF Bay Area,671,"2022-09-28",0.0900,Sales,Post-IPO,536.00,United States,"2022-09-28"
Volta,SF Bay Area,,"2022-09-28",0.1000,Transportation,Post-IPO,575.00,United States,"2022-10-03"
Divvy Homes,SF Bay Area,40,"2022-09-27",0.1200,Real Estate,Series B,180.00,United States,"2022-09-28"
Konfio,"Mexico City, Non-U.S.",180,"2022-09-23",,Finance,Series E,706.00,Mexico,"2022-11-10"
Moss,"Berlin, Non-U.S.",70,"2022-09-23",0.1500,Finance,Series B,150.00,Germany,"2022-09-24"
Foxtrot,Chicago,26,"2022-09-23",0.0350,Food,Series C,166.00,United States,"2022-09-24"
Truiloo,"Vancouver, Non-U.S.",24,"2022-09-23",0.0500,Security,Series D,474.00,Canada,"2022-09-19"
Pesto,SF Bay Area,,"2022-09-23",1.0000,Other,Seed,6.00,United States,"2022-09-24"
NYDIG,New York City,110,"2022-09-22",0.3300,Crypto,Private Equity,1400.00,United States,"2022-10-14"
Klarna,"Stockholm, Non-U.S.",100,"2022-09-22",,Finance,Unknown,3700.00,Sweden,"2022-09-22"
Made.com,"London, Non-U.S.",,"2022-09-22",0.3500,Retail,Series D,136.00,United Kingdom,"2022-09-24"
Kitty Hawk,SF Bay Area,100,"2022-09-21",1.0000,Aerospace,Unknown,1.00,United States,"2022-09-22"
Compass,New York City,271,"2022-09-20",,Real Estate,Post-IPO,1600.00,United States,"2022-09-21"
Curative,Los Angeles,109,"2022-09-20",,Healthcare,Seed,8.00,United States,"2022-09-21"
Ada,"Toronto, Non-U.S.",78,"2022-09-20",0.1600,Support,Series C,190.00,Canada,"2022-09-21"
"99","Sao Paulo, Non-U.S.",75,"2022-09-20",0.0200,Transportation,Acquired,244.00,Brazil,"2022-09-21"
Ouster,SF Bay Area,,"2022-09-20",0.1000,Transportation,Post-IPO,282.00,United States,"2022-09-24"
Zappos,Las Vegas,,"2022-09-20",0.0400,Retail,Acquired,62.00,United States,"2022-09-24"
Ola,"Bengaluru, Non-U.S.",200,"2022-09-19",,Transportation,Series J,5000.00,India,"2022-09-19"
Vesalius Therapeutics,Boston,29,"2022-09-19",0.4300,Healthcare,Series B,75.00,United States,"2022-09-21"
VideoAmp,Los Angeles,,"2022-09-19",0.0200,Marketing,Series F,456.00,United States,"2022-09-21"
Clear,"Bengaluru, Non-U.S.",190,"2022-09-16",0.2000,Finance,Series C,140.00,India,"2022-09-17"
TrueLayer,"London, Non-U.S.",40,"2022-09-16",0.1000,Finance,Series E,271.00,United Kingdom,"2022-09-16"
LivePerson,New York City,193,"2022-09-15",0.1100,Support,Post-IPO,42.00,United States,"2022-09-16"
Acast,"Stockholm, Non-U.S.",70,"2022-09-15",0.1500,Media,Post-IPO,126.00,Sweden,"2022-09-15"
WorkRamp,SF Bay Area,35,"2022-09-15",0.2000,HR,Series C,67.00,United States,"2022-09-21"
NextRoll,SF Bay Area,,"2022-09-15",0.0700,Marketing,Unknown,108.00,United States,"2022-09-21"
Twilio,SF Bay Area,800,"2022-09-14",0.1100,Other,Post-IPO,614.00,United States,"2022-09-14"
Pitch,"Berlin, Non-U.S.",59,"2022-09-14",0.3000,Marketing,Series B,137.00,Germany,"2022-09-14"
Infarm,"Berlin, Non-U.S.",50,"2022-09-14",0.0500,Other,Series D,604.00,Germany,"2022-09-15"
Netflix,SF Bay Area,30,"2022-09-14",,Media,Post-IPO,121900.00,United States,"2022-09-16"
Bitrise,"Budapest, Non-U.S.",,"2022-09-14",0.1400,Infrastructure,Series C,83.00,Hungary,"2022-09-15"
Rubius,Boston,160,"2022-09-13",0.7500,Healthcare,Post-IPO,445.00,United States,"2022-11-17"
Checkout.com,"London, Non-U.S.",100,"2022-09-13",0.0500,Finance,Series D,1800.00,United Kingdom,"2022-09-14"
Taboola,New York City,100,"2022-09-13",0.0600,Marketing,Post-IPO,445.00,United States,"2022-09-13"
Patreon,SF Bay Area,80,"2022-09-13",0.1700,Media,Series F,413.00,United States,"2022-09-13"
FullStory,Atlanta,,"2022-09-13",0.1200,Marketing,Unknown,197.00,United States,"2022-09-09"
Propzy,"Ho Chi Minh City, Non-U.S.",,"2022-09-13",1.0000,Real Estate,Series A,33.00,Vietnam,"2022-09-15"
Quicko,"Sao Paulo, Non-U.S.",60,"2022-09-12",,Transportation,Acquired,28.00,Brazil,"2022-09-13"
Mode Analytics,SF Bay Area,25,"2022-09-12",,Data,Series D,81.00,United States,"2022-09-22"
Compete,Tel Aviv,11,"2022-09-12",0.2800,HR,Series A,17.00,Israel,"2022-09-13"
Karbon,SF Bay Area,,"2022-09-12",0.2300,Other,Series B,91.00,United States,"2022-09-15"
Rent the Runway,New York City,,"2022-09-12",0.2400,Retail,Post-IPO,526.00,United States,"2022-09-13"
SkipTheDishes,"Winnipeg, Non-U.S.",350,"2022-09-09",,Food,Acquired,6.00,Canada,"2022-09-11"
Brighte,"Sydney, Non-U.S.",58,"2022-09-09",,Energy,Series C,145.00,Australia,"2022-10-07"
Patreon,SF Bay Area,5,"2022-09-09",,Media,Series F,413.00,United States,"2022-09-09"
Amber Group,"Hong Kong, Non-U.S.",,"2022-09-09",0.1000,Crypto,Series B,328.00,Hong Kong,"2022-09-11"
CommonBond,New York City,,"2022-09-09",1.0000,Finance,Series D,125.00,United States,"2022-09-11"
Flowhub,Denver,,"2022-09-09",0.1500,Retail,Unknown,45.00,United States,"2022-09-10"
Lido Learning,"Mumbai, Non-U.S.",,"2022-09-09",1.0000,Education,Series C,20.00,India,"2022-09-10"
GoStudent,"Vienna, Non-U.S.",200,"2022-09-08",,Education,Series D,686.00,Austria,"2022-09-09"
Pomelo Fashion,"Bangkok, Non-U.S.",55,"2022-09-08",0.0800,Retail,Unknown,120.00,Thailand,"2022-09-10"
Genome Medical,SF Bay Area,23,"2022-09-08",,Healthcare,Series C,120.00,United States,"2022-09-09"
BigBear.ai,Baltimore,,"2022-09-08",0.0700,Data,Post-IPO,200.00,United States,"2022-09-09"
Simple Feast,"Copenhagen, Non-U.S.",150,"2022-09-07",1.0000,Food,Unknown,173.00,Denmark,"2022-09-13"
Foodpanda,"Singapore, Non-U.S.",60,"2022-09-07",,Food,Acquired,749.00,Singapore,"2022-09-05"
Uber,"Vilnius, Non-U.S.",60,"2022-09-07",,Transportation,Post-IPO,24700.00,Lithuania,"2022-09-09"
Rupeek,"Bengaluru, Non-U.S.",50,"2022-09-07",,Finance,Unknown,172.00,India,"2022-09-08"
Intercom,SF Bay Area,49,"2022-09-07",0.0500,Support,Series D,240.00,United States,"2022-09-08"
Pendo,Raleigh,45,"2022-09-07",0.0500,Product,Series F,469.00,United States,"2022-09-10"
Demandbase,SF Bay Area,27,"2022-09-07",0.0300,Sales,Series H,143.00,United States,"2022-09-09"
Medly,New York City,,"2022-09-07",0.5000,Healthcare,Series C,100.00,United States,"2022-09-08"
Brave Care,Portland,40,"2022-09-06",0.3300,Healthcare,Series B,42.00,United States,"2022-09-08"
Lawgeex,"Tel Aviv, Non-U.S.",30,"2022-09-06",0.3300,Legal,Series C,41.00,Israel,"2022-09-06"
Juniper Square,SF Bay Area,,"2022-09-06",0.1400,Real Estate,Series C,108.00,United States,"2022-09-06"
Medium,SF Bay Area,,"2022-09-06",0.2500,Media,Unknown,163.00,United States,"2022-09-08"
Kuda,"Lagos, Non-U.S.",23,"2022-09-02",0.0500,Finance,Series B,91.00,Nigeria,"2022-09-05"
"2TM","Sao Paulo, Non-U.S.",100,"2022-09-01",0.1500,Crypto,Unknown,250.00,Brazil,"2022-09-02"
Innovaccer,SF Bay Area,90,"2022-09-01",0.0800,Healthcare,Series E,379.00,United States,"2022-09-01"
Shopify,"Ottawa, Non-U.S.",70,"2022-09-01",,Retail,Post-IPO,122.00,Canada,"2022-09-01"
Urban Sports Club,"Berlin, Non-U.S.",55,"2022-09-01",0.1500,Fitness,Unknown,95.00,Germany,"2022-09-01"
Hedvig,"Stockholm, Non-U.S.",12,"2022-09-01",,Finance,Series B,67.00,Sweden,"2022-09-01"
Snap,Los Angeles,1280,"2022-08-31",0.2000,Consumer,Post-IPO,4900.00,United States,"2022-08-30"
GoodRx,Los Angeles,140,"2022-08-31",0.1600,Healthcare,Post-IPO,910.00,United States,"2022-09-01"
Smava,"Berlin, Non-U.S.",100,"2022-08-31",0.1000,Finance,Unknown,188.00,Germany,"2022-09-01"
Hippo Insurance,SF Bay Area,70,"2022-08-31",0.1000,Finance,Post-IPO,1300.00,United States,"2022-08-31"
Clari,SF Bay Area,45,"2022-08-31",,Sales,Series F,496.00,United States,"2022-09-02"
Koo,"Bengaluru, Non-U.S.",40,"2022-08-31",,Consumer,Series B,44.00,India,"2022-09-01"
TCR2,Boston,30,"2022-08-31",0.2000,Healthcare,Post-IPO,173.00,United States,"2023-01-20"
Apartment List,SF Bay Area,29,"2022-08-31",0.1000,Real Estate,Series D,169.00,United States,"2022-09-01"
Artnight,"Berlin, Non-U.S.",26,"2022-08-31",0.3600,Retail,Unknown,,Germany,"2022-09-01"
The Wing,New York City,,"2022-08-31",1.0000,Real Estate,Series C,117.00,United States,"2022-08-31"
Electric,New York City,81,"2022-08-30",,Other,Series D,212.00,United States,"2022-09-30"
Immersive Labs,"Bristol, Non-U.S.",38,"2022-08-30",0.1000,Security,Series C,123.00,United Kingdom,"2022-09-01"
Nate,New York City,30,"2022-08-30",,Retail,Series A,47.00,United States,"2022-08-30"
Meesho,"Bengaluru, Non-U.S.",300,"2022-08-29",,Retail,Series F,1100.00,India,"2022-08-29"
"54gene",Washington D.C.,95,"2022-08-29",0.3000,Healthcare,Series B,44.00,United States,"2022-08-30"
Zymergen,SF Bay Area,80,"2022-08-26",,Other,Acquired,974.00,United States,"2022-08-26"
Okta,SF Bay Area,24,"2022-08-26",,Security,Post-IPO,1200.00,United States,"2022-08-26"
Argyle,New York City,20,"2022-08-26",0.0700,Finance,Series B,78.00,United States,"2022-08-26"
FreshDirect,Philadelphia,40,"2022-08-25",,Food,Acquired,280.00,United States,"2022-08-26"
Loja Integrada,"Sao Paulo, Non-U.S.",25,"2022-08-25",0.1000,Retail,Acquired,,Brazil,"2022-08-26"
Impact.com,Los Angeles,,"2022-08-25",0.1000,Marketing,Private Equity,361.00,United States,"2022-08-25"
ShipBob,Chicago,,"2022-08-25",0.0700,Logistics,Series E,330.00,United States,"2022-08-26"
Reali,SF Bay Area,140,"2022-08-24",1.0000,Real Estate,Series B,117.00,United States,"2022-08-24"
Loop,Washington D.C.,15,"2022-08-24",0.2000,Finance,Series A,24.00,United States,"2022-08-25"
Tier Mobility,"Berlin, Non-U.S.",180,"2022-08-23",0.1600,Transportation,Series D,646.00,Germany,"2022-08-23"
Packable,New York City,138,"2022-08-23",0.2000,Retail,Unknown,472.00,United States,"2022-08-24"
Q4,"Toronto, Non-U.S.",50,"2022-08-23",0.0800,Other,Series C,91.00,Canada,"2022-08-24"
Skedulo,SF Bay Area,31,"2022-08-23",0.0800,HR,Series C,114.00,United States,"2022-08-29"
Plato,SF Bay Area,29,"2022-08-23",0.5000,HR,Seed,3.00,United States,"2022-08-26"
DataRobot,Boston,,"2022-08-23",0.2600,Data,Series G,1000.00,United States,"2022-08-23"
Mr. Yum,"Melbourne, Non-U.S.",,"2022-08-22",0.1700,Food,Series A,73.00,Australia,"2022-08-23"
ShopX,"Bengaluru, Non-U.S.",,"2022-08-22",1.0000,Retail,Unknown,56.00,India,"2022-08-24"
NSO,"Tel Aviv, Non-U.S.",100,"2022-08-21",0.1400,Security,Seed,1.00,Israel,"2022-08-22"
Tufin,Boston,55,"2022-08-21",0.1000,Security,Acquired,21.00,United States,"2022-08-22"
Amperity,Seattle,13,"2022-08-20",0.0300,Marketing,Series D,187.00,United States,"2022-08-22"
Wayfair,Boston,870,"2022-08-19",0.0500,Retail,Post-IPO,1700.00,United States,"2022-08-19"
Stripe,SF Bay Area,50,"2022-08-19",,Finance,Series H,2300.00,United States,"2022-08-19"
Hodlnaut,"Singapore, Non-U.S.",40,"2022-08-19",0.8000,Crypto,Unknown,,Singapore,"2022-08-20"
New Relic,SF Bay Area,110,"2022-08-18",0.0500,Infrastructure,Post-IPO,214.00,United States,"2022-08-18"
Wheel,Austin,35,"2022-08-18",0.1700,Healthcare,Series C,215.00,United States,"2022-09-01"
Petal,New York City,,"2022-08-18",0.1000,Finance,Series D,704.00,United States,"2022-08-22"
Thirty Madison,New York City,,"2022-08-18",0.1000,Healthcare,Series C,209.00,United States,"2022-08-18"
Vendasta,"Saskatoon, Non-U.S.",,"2022-08-18",0.0500,Marketing,Series D,178.00,Canada,"2022-08-20"
Malwarebytes,SF Bay Area,125,"2022-08-17",0.1400,Security,Series B,80.00,United States,"2022-08-17"
Fluke,"Sao Paulo, Non-U.S.",83,"2022-08-17",0.8200,Other,Seed,,Brazil,"2022-08-26"
Swyftx,"Brisbane, Non-U.S.",74,"2022-08-17",0.2100,Crypto,Unknown,,Australia,"2022-08-18"
Tempo Automation,SF Bay Area,54,"2022-08-17",,Other,Series C,74.00,United States,"2022-08-17"
Genesis,New York City,52,"2022-08-17",0.2000,Crypto,Series A,,United States,"2022-08-17"
Warren,"Porto Alegre, Non-U.S.",50,"2022-08-17",,Finance,Series C,104.00,Brazil,"2022-08-18"
AlayaCare,Montreal,80,"2022-08-16",0.1400,Healthcare,Series D,293.00,Canada,"2022-08-17"
Pliops,"Tel Aviv, Non-U.S.",12,"2022-08-16",0.0900,Data,Series D,205.00,Israel,"2022-08-18"
Woven,Indianapolis,5,"2022-08-16",0.1500,HR,Series A,11.00,United States,"2022-08-17"
Edmodo,SF Bay Area,,"2022-08-16",1.0000,Education,Acquired,77.00,United States,"2022-08-16"
Snapdocs,SF Bay Area,,"2022-08-16",0.1000,Real Estate,Series D,253.00,United States,"2022-11-05"
Sema4,Stamford,250,"2022-08-15",0.1300,Healthcare,Post-IPO,791.00,United States,"2022-08-16"
Blend,SF Bay Area,220,"2022-08-15",0.1200,Finance,Post-IPO,665.00,United States,"2022-08-16"
ContraFect,New York City,16,"2022-08-15",0.3700,Healthcare,Post-IPO,380.00,United States,"2022-08-16"
ThredUp,Chicago,,"2022-08-15",0.1500,Retail,Post-IPO,305.00,United States,"2022-08-16"
Anywell,"Tel Aviv, Non-U.S.",11,"2022-08-14",,Real Estate,Series A,15.00,Israel,"2022-08-14"
Peloton,New York City,784,"2022-08-12",0.1300,Fitness,Post-IPO,1900.00,United States,"2022-08-12"
Core Scientific,Austin,,"2022-08-12",0.1000,Crypto,Post-IPO,169.00,United States,"2022-08-12"
Truepill,SF Bay Area,175,"2022-08-11",0.3300,Healthcare,Series D,255.00,United States,"2022-08-12"
Calm,SF Bay Area,90,"2022-08-11",0.2000,Healthcare,Series C,218.00,United States,"2022-08-12"
FourKites,Chicago,60,"2022-08-11",0.0800,Logistics,Series D,201.00,United States,"2022-08-26"
Marketforce,"Nairobi, Non-U.S.",54,"2022-08-11",0.0900,Retail,Series A,42.00,Kenya,"2022-08-11"
Betterfly,"Santiago, Non-U.S.",30,"2022-08-11",,Healthcare,Series C,204.00,Chile,"2022-08-12"
Expert360,"Sydney, Non-U.S.",7,"2022-08-11",,Recruiting,Series C,26.00,Australia,"2022-08-15"
Guidewire,SF Bay Area,,"2022-08-11",0.0200,Finance,Post-IPO,24.00,United States,"2022-08-12"
Trybe,"Sao Paulo, Non-U.S.",47,"2022-08-10",0.1000,Education,Series B,40.00,Brazil,"2022-08-24"
Permutive,"London, Non-U.S.",30,"2022-08-10",0.1200,Marketing,Series C,105.00,United Kingdom,"2022-08-10"
Homeward,Austin,,"2022-08-10",0.2000,Real Estate,Series B,160.00,United States,"2022-08-10"
Pollen,"London, Non-U.S.",,"2022-08-10",1.0000,Marketing,Series C,238.00,United Kingdom,"2022-08-10"
Vedanta Biosciences,Boston,,"2022-08-10",0.2000,Healthcare,Series D,301.00,United States,"2022-08-17"
GoHealth,Chicago,800,"2022-08-09",0.2000,Healthcare,Post-IPO,75.00,United States,"2022-08-11"
Hootsuite,"Vancouver, Non-U.S.",400,"2022-08-09",0.3000,Marketing,Series C,300.00,Canada,"2022-08-09"
Nutanix,SF Bay Area,270,"2022-08-09",0.0400,Infrastructure,Post-IPO,1100.00,United States,"2022-08-09"
Quanterix,Boston,130,"2022-08-09",0.2500,Healthcare,Post-IPO,533.00,United States,"2022-11-17"
Wix,"Tel Aviv, Non-U.S.",100,"2022-08-09",,Marketing,Post-IPO,58.00,Israel,"2022-08-09"
MadeiraMadeira,"Curitiba, Non-U.S.",60,"2022-08-09",0.0300,Retail,Series E,338.00,Brazil,"2022-08-09"
Melio,New York City,60,"2022-08-09",,Finance,Series D,504.00,United States,"2022-08-09"
Linktree,"Melbourne, Non-U.S.",50,"2022-08-09",0.1700,Consumer,Unknown,165.00,Australia,"2022-08-09"
Shogun,SF Bay Area,48,"2022-08-09",0.3000,Retail,Series C,114.00,United States,"2022-08-10"
Absci,"Vancouver, Non-U.S.",40,"2022-08-09",,Healthcare,Post-IPO,237.00,Canada,"2022-08-10"
Dooly,"Vancouver, Non-U.S.",12,"2022-08-09",,Sales,Series B,102.00,Canada,"2022-08-10"
Berkeley Lights,SF Bay Area,,"2022-08-09",0.1200,Healthcare,Post-IPO,272.00,United States,"2022-08-09"
DailyPay,New York City,,"2022-08-09",0.1500,Finance,Unknown,814.00,United States,"2022-08-10"
Haus,SF Bay Area,,"2022-08-09",1.0000,Food,Seed,7.00,United States,"2022-08-10"
Kaltura,New York City,,"2022-08-09",0.1000,Media,Post-IPO,166.00,United States,"2022-08-09"
Groupon,Chicago,500,"2022-08-08",0.1500,Retail,Post-IPO,1400.00,United States,"2022-08-08"
Loggi,"Sao Paulo, Non-U.S.",500,"2022-08-08",0.1500,Logistics,Series F,507.00,Brazil,"2022-08-09"
Vroom,New York City,337,"2022-08-08",,Transportation,Post-IPO,1300.00,United States,"2022-08-09"
Warby Parker,New York City,63,"2022-08-08",,Consumer,Post-IPO,535.00,United States,"2022-08-09"
Labelbox,SF Bay Area,36,"2022-08-08",,Data,Series D,188.00,United States,"2022-08-11"
Perion,"Tel Aviv, Non-U.S.",20,"2022-08-08",0.0500,Marketing,Post-IPO,76.00,Israel,"2022-08-08"
Daily Harvest,New York City,,"2022-08-08",0.1500,Food,Series D,120.00,United States,"2022-08-10"
iRobot,Boston,140,"2022-08-05",0.1000,Consumer,Acquired,30.00,United States,"2022-08-05"
Mejuri,"Toronto, Non-U.S.",50,"2022-08-05",0.1000,Retail,Series B,28.00,Canada,"2022-08-08"
Uberflip,"Toronto, Non-U.S.",31,"2022-08-05",0.1700,Marketing,Series A,42.00,Canada,"2022-08-05"
Doma,SF Bay Area,250,"2022-08-04",0.1300,Finance,Post-IPO,679.00,United States,"2022-08-05"
Article,"Vancouver, Non-U.S.",216,"2022-08-04",0.1700,Retail,Series B,,Canada,"2022-08-04"
Jam City,Los Angeles,200,"2022-08-04",0.1700,Consumer,Unknown,652.00,United States,"2022-08-04"
"10X Genomics",SF Bay Area,100,"2022-08-04",0.0800,Healthcare,Post-IPO,242.00,United States,"2022-08-04"
LEAD,"Mumbai, Non-U.S.",80,"2022-08-04",0.0400,Education,Series E,166.00,India,"2022-08-04"
Zendesk,SF Bay Area,80,"2022-08-04",,Support,Acquired,85.00,United States,"2022-08-05"
On Deck,SF Bay Area,73,"2022-08-04",0.3300,Education,Series A,20.00,United States,"2022-08-04"
RenoRun,"Montreal, Non-U.S.",70,"2022-08-04",0.1200,Construction,Series B,163.00,Canada,"2022-08-17"
RingCentral,SF Bay Area,50,"2022-08-04",,Support,Post-IPO,44.00,United States,"2022-08-04"
Medly,New York City,,"2022-08-04",0.1600,Healthcare,Series C,100.00,United States,"2022-08-09"
Nomad,"Sao Paulo, Non-U.S.",,"2022-08-04",0.2000,Finance,Series B,290.00,Brazil,"2022-08-10"
Weedmaps,Los Angeles,,"2022-08-04",0.1000,Other,Acquired,,United States,"2022-08-16"
Zenius,"Jakarta, Non-U.S.",,"2022-08-04",0.3000,Education,Series B,20.00,Indonesia,"2022-08-04"
Healthcare.com,Miami,149,"2022-08-03",,Healthcare,Series C,244.00,United States,"2022-08-04"
Unbounce,"Vancouver, Non-U.S.",47,"2022-08-03",0.2000,Marketing,Series A,39.00,Canada,"2022-08-03"
Beyond Meat,Los Angeles,40,"2022-08-03",0.0400,Food,Post-IPO,122.00,United States,"2022-08-04"
The Org,"New Delhi, New York City",13,"2022-08-03",,HR,Series B,39.00,United States,"2022-08-04"
Puppet,Portland,,"2022-08-03",0.1500,Infrastructure,Acquired,189.00,United States,"2022-08-08"
SoundCloud,"Berlin, Non-U.S.",,"2022-08-03",0.2000,Consumer,Unknown,542.00,Germany,"2022-08-03"
Talkwalker,"Luxembourg, Non-U.S.",,"2022-08-03",0.1500,Marketing,Private Equity,9.00,Luxembourg,"2022-08-04"
Robinhood,SF Bay Area,713,"2022-08-02",0.2300,Finance,Post-IPO,5600.00,United States,"2022-08-02"
Latch,New York City,115,"2022-08-02",0.3700,Security,Post-IPO,342.00,United States,"2022-08-04"
Vedantu,"Bengaluru, Non-U.S.",100,"2022-08-02",,Education,Series E,292.00,India,"2022-08-03"
Seegrid,Pittsburgh,90,"2022-08-02",,Logistics,Unknown,107.00,United States,"2022-08-04"
Nylas,SF Bay Area,80,"2022-08-02",0.2500,Product,Series C,175.00,United States,"2022-08-02"
Outreach,Seattle,60,"2022-08-02",0.0500,Sales,Series G,489.00,United States,"2022-08-02"
Sendy,"Nairobi, Non-U.S.",54,"2022-08-02",0.2000,Logistics,Series B,26.00,Kenya,"2022-10-05"
The Predictive Index,Boston,40,"2022-08-02",,HR,Acquired,71.00,United States,"2022-08-08"
Sendy,"Nairobi, Non-U.S.",30,"2022-08-02",0.1000,Logistics,Series B,26.00,Kenya,"2022-08-02"
Stedi,Boulder,23,"2022-08-02",0.3000,Product,Series B,75.00,United States,"2022-08-04"
Glossier,New York City,19,"2022-08-02",0.0800,Retail,Series E,266.00,United States,"2022-08-03"
Butterfly Network,New Haven,,"2022-08-02",0.1000,Healthcare,Post-IPO,530.00,United States,"2022-08-04"
Hash,"Sao Paulo, Non-U.S.",58,"2022-08-01",0.5000,Finance,Series C,58.00,Brazil,"2022-08-03"
Perceptive Automata,Boston,,"2022-08-01",1.0000,Transportation,Series A,20.00,United States,"2022-08-04"
Metigy,"Sydney, Non-U.S.",75,"2022-07-31",1.0000,Marketing,Series B,18.00,Australia,"2022-08-02"
Vee,"Tel Aviv, Non-U.S.",16,"2022-07-31",0.3200,HR,Seed,15.00,Israel,"2022-08-02"
Gatherly,Atlanta,,"2022-07-31",0.5000,Marketing,,,United States,"2022-08-02"
Ola,"Bengaluru, Non-U.S.",1000,"2022-07-29",,Transportation,Series J,5000.00,India,"2022-07-29"
Clearco,"Toronto, Non-U.S.",125,"2022-07-29",0.2500,Finance,Series C,681.00,Canada,"2022-07-29"
Imperfect Foods,SF Bay Area,50,"2022-07-29",,Food,Series D,229.00,United States,"2022-07-30"
Shelf Engine,Seattle,43,"2022-07-29",,Food,Series B,58.00,United States,"2022-07-30"
Quantcast,SF Bay Area,40,"2022-07-29",0.0600,Marketing,Series C,65.00,United States,"2022-08-02"
Sherpa,"Toronto, Non-U.S.",22,"2022-07-29",,Travel,Unknown,11.00,Canada,"2022-07-30"
Yabonza,"Sydney, Non-U.S.",,"2022-07-29",1.0000,Real Estate,Unknown,6.00,Australia,"2022-08-24"
Ribbon,New York City,136,"2022-07-28",,Real Estate,Series C,405.00,United States,"2022-07-29"
Career Karma,SF Bay Area,60,"2022-07-28",0.3300,Education,Series B,51.00,United States,"2022-07-29"
Metromile,SF Bay Area,60,"2022-07-28",0.2000,Finance,Acquired,510.00,United States,"2022-07-29"
Laybuy,Auckland,45,"2022-07-28",,Finance,Post-IPO,130.00,New Zealand,"2022-07-29"
Allbirds,SF Bay Area,23,"2022-07-28",,Retail,Post-IPO,202.00,United States,"2022-07-30"
TextNow,"Waterloo, Non-U.S.",22,"2022-07-28",,Consumer,Seed,1.00,Canada,"2022-08-04"
"2U",Washington D.C.,,"2022-07-28",0.2000,Education,Post-IPO,426.00,United States,"2022-07-30"
Change.org,SF Bay Area,,"2022-07-28",0.1900,Other,Series D,72.00,United States,"2022-07-29"
Turntide,SF Bay Area,,"2022-07-28",0.2000,Energy,Unknown,491.00,United States,"2022-07-29"
Rivian,Detroit,840,"2022-07-27",0.0600,Transportation,Post-IPO,10700.00,United States,"2022-07-28"
Vox Media,Washington D.C.,39,"2022-07-27",0.0200,Media,Series F,307.00,United States,"2022-07-29"
Coinsquare,"Toronto, Non-U.S.",30,"2022-07-27",0.2400,Crypto,Unknown,98.00,Canada,"2022-07-30"
Skai,"Tel Aviv, Non-U.S.",30,"2022-07-27",0.0400,Marketing,Series E,60.00,Israel,"2022-07-28"
Shopify,"Ottawa, Non-U.S.",1000,"2022-07-26",0.1000,Retail,Post-IPO,122.00,Canada,"2022-07-26"
McMakler,"Berlin, Non-U.S.",90,"2022-07-26",,Real Estate,Unknown,214.00,Germany,"2022-07-26"
Fiverr,"Tel Aviv, Non-U.S.",60,"2022-07-26",0.0800,Other,Post-IPO,111.00,Israel,"2022-07-26"
InDebted,"Sydney, Non-U.S.",40,"2022-07-26",0.1700,Finance,Series B,41.00,Australia,"2022-07-26"
Outbrain,New York City,38,"2022-07-26",0.0300,Marketing,Post-IPO,394.00,United States,"2022-07-26"
Dover,SF Bay Area,23,"2022-07-26",0.3000,Recruiting,Series A,22.00,United States,"2022-07-26"
Immutable,"Sydney, Non-U.S.",20,"2022-07-26",0.0600,Crypto,Series C,279.00,Australia,"2022-07-28"
Zymergen,SF Bay Area,80,"2022-07-25",,Other,Acquired,974.00,United States,"2022-08-26"
Pear Therapeutics ,Boston,25,"2022-07-25",0.0900,Healthcare,Post-IPO,409.00,United States,"2022-07-26"
Included Health,SF Bay Area,,"2022-07-25",0.0600,Healthcare,Series E,272.00,United States,"2022-07-26"
Soluto,"Tel Aviv, Non-U.S.",120,"2022-07-24",1.0000,Support,Acquired,18.00,Israel,"2022-07-25"
Eucalyptus,"Sydney, Non-U.S.",50,"2022-07-22",0.2000,Healthcare,Series C,69.00,Australia,"2022-07-28"
Workstream,SF Bay Area,45,"2022-07-22",,HR,Series B,58.00,United States,"2022-08-03"
Quanto,"Sao Paulo, Non-U.S.",28,"2022-07-22",0.2200,Finance,Series A,15.00,Brazil,"2022-07-25"
Clarify Health,SF Bay Area,15,"2022-07-22",0.0500,Healthcare,Series D,328.00,United States,"2022-07-22"
Boosted Commerce,Los Angeles,,"2022-07-22",0.0500,Retail,Series B,137.00,United States,"2022-07-26"
Blockchain.com,"London, Non-U.S.",150,"2022-07-21",0.2500,Crypto,Series D,490.00,United Kingdom,"2022-07-21"
Callisto Media,SF Bay Area,140,"2022-07-21",0.3500,Media,Series D,,United States,"2022-07-21"
AppGate,Miami,130,"2022-07-21",0.2200,Security,Post-IPO,,United States,"2022-07-28"
WHOOP,Boston,95,"2022-07-21",0.1500,Fitness,Series F,404.00,United States,"2022-07-22"
Rad Power Bikes,Seattle,63,"2022-07-21",0.1000,Transportation,Series D,329.00,United States,"2022-07-21"
Lunchbox,New York City,60,"2022-07-21",0.3300,Food,Series B,72.00,United States,"2022-07-22"
RealSelf,Seattle,11,"2022-07-21",0.0500,Healthcare,Series B,42.00,United States,"2022-07-21"
"98point6",Seattle,,"2022-07-21",0.1000,Healthcare,Series E,247.00,United States,"2022-07-22"
InVision,New York City,,"2022-07-21",0.5000,Product,Series F,356.00,United States,"2022-07-21"
Just Eat Takeaway,"Amsterdam, Non-U.S.",390,"2022-07-20",,Food,Post-IPO,2800.00,Netherlands,"2022-07-20"
Flyhomes,Seattle,200,"2022-07-20",0.2000,Real Estate,Series C,310.00,United States,"2022-07-20"
Varo,SF Bay Area,75,"2022-07-20",,Finance,Series E,992.00,United States,"2022-07-20"
BlueStacks,SF Bay Area,60,"2022-07-20",,Other,Series C,48.00,United States,"2022-07-20"
Lyft,SF Bay Area,60,"2022-07-20",0.0200,Transportation,Post-IPO,4900.00,United States,"2022-07-20"
Introhive,"Ferdericton, Non-U.S.",57,"2022-07-20",0.1600,Sales,Series C,125.00,Canada,"2022-07-22"
Zencity,"Tel Aviv, Non-U.S.",30,"2022-07-20",0.2000,Other,Unknown,51.00,Israel,"2022-07-20"
Splice,New York City,23,"2022-07-20",,Media,Series D,159.00,United States,"2022-08-05"
Forma.ai,"Toronto, Non-U.S.",15,"2022-07-20",0.0900,Sales,Series B,58.00,Canada,"2022-07-26"
Arc,SF Bay Area,13,"2022-07-20",,HR,Seed,1.00,United States,"2022-07-21"
Invitae,SF Bay Area,1000,"2022-07-19",,Healthcare,Post-IPO,2000.00,United States,"2022-07-19"
Olive,Columbus,450,"2022-07-19",0.3100,Healthcare,Series H,856.00,United States,"2022-07-19"
M1,Chicago,38,"2022-07-19",,Finance,Series E,323.00,United States,"2022-07-30"
SellerX,"Berlin, Non-U.S.",28,"2022-07-19",,Retail,Unknown,766.00,Germany,"2022-07-21"
Stint,"London, Non-U.S.",28,"2022-07-19",0.2000,HR,Unknown,,United Kingdom,"2022-07-25"
Capsule,New York City,,"2022-07-19",0.1300,Healthcare,Series D,570.00,United States,"2022-07-20"
PACT Pharma,SF Bay Area,94,"2022-07-18",,Healthcare,Series C,200.00,United States,"2022-07-20"
Gemini,New York City,68,"2022-07-18",0.0700,Crypto,Unknown,423.00,United States,"2022-07-18"
Lusha,New York City,30,"2022-07-18",0.1000,Marketing,Series B,245.00,United States,"2022-07-18"
Freshly,New York City,,"2022-07-18",0.2500,Food,Acquired,107.00,United States,"2022-07-28"
Hydrow,Boston,,"2022-07-18",0.3500,Fitness,Series D,269.00,United States,"2022-07-20"
Vimeo,New York City,,"2022-07-18",0.0600,Consumer,Post-IPO,450.00,United States,"2022-07-18"
Bright Money,"Bengaluru, Non-U.S.",100,"2022-07-15",0.5000,Finance,Series A,31.00,India,"2022-07-22"
Project44,Chicago,63,"2022-07-15",0.0500,Logistics,Unknown,817.00,United States,"2022-07-15"
Heroes,"London, Non-U.S.",24,"2022-07-15",0.2000,Retail,Unknown,265.00,United Kingdom,"2022-07-15"
Aspire,SF Bay Area,23,"2022-07-15",,Marketing,Series A,27.00,United States,"2022-07-15"
StyleSeat,SF Bay Area,,"2022-07-15",0.1700,Consumer,Series C,40.00,United States,"2022-08-09"
Zego,"London, Non-U.S.",85,"2022-07-14",0.1700,Finance,Series C,202.00,United Kingdom,"2022-07-14"
The Mom Project,Chicago,54,"2022-07-14",0.1500,HR,Series C,115.00,United States,"2022-07-15"
Unstoppable Domains,SF Bay Area,42,"2022-07-14",0.2500,Crypto,Series B,7.00,United States,"2022-07-26"
Kiavi,SF Bay Area,39,"2022-07-14",0.0700,Real Estate,Series E,240.00,United States,"2022-07-22"
OpenSea,New York City,,"2022-07-14",0.2000,Crypto,Series C,427.00,United States,"2022-07-14"
Wave,"Dakar, Non-U.S.",300,"2022-07-13",0.1500,Finance,Series A,292.00,Senegal,"2022-07-13"
Tonal,SF Bay Area,262,"2022-07-13",0.3500,Fitness,Series E,450.00,United States,"2022-07-13"
Fabric,New York City,120,"2022-07-13",0.4000,Logistics,Series C,336.00,United States,"2022-07-13"
Bryter,"Berlin, Non-U.S.",100,"2022-07-13",0.3000,Product,Series B,89.00,Germany,"2022-07-14"
ChowNow,Los Angeles,100,"2022-07-13",0.2000,Food,Series C,64.00,United States,"2022-07-13"
Involves,"FlorianÃ³polis, Non-U.S.",70,"2022-07-13",0.1800,Retail,Unknown,23.00,Brazil,"2022-07-20"
"100 Thieves",Los Angeles,12,"2022-07-13",,Consumer,Series C,120.00,United States,"2022-07-18"
Nuro,SF Bay Area,7,"2022-07-13",,Transportation,Series D,2100.00,United States,"2022-07-16"
Arrival,"London, Non-U.S.",,"2022-07-13",0.3000,Transportation,Post-IPO,629.00,United Kingdom,"2022-07-14"
Papa,Miami,,"2022-07-13",0.1500,Other,Series D,241.00,United States,"2022-07-13"
Gopuff,Philadelphia,1500,"2022-07-12",0.1000,Food,Series H,3400.00,United States,"2022-07-12"
Fraazo,"Mumbai, Non-U.S.",150,"2022-07-12",,Food,Series B,63.00,India,"2022-07-13"
Babylon,"London, Non-U.S.",100,"2022-07-12",,Healthcare,Post-IPO,1100.00,United Kingdom,"2022-07-25"
Hubilo,SF Bay Area,45,"2022-07-12",0.1200,Marketing,Series B,153.00,United States,"2022-07-13"
Airlift,"Lahore, Non-U.S.",,"2022-07-12",1.0000,Logistics,Series B,109.00,Pakistan,"2022-07-13"
Hopin,"London, Non-U.S.",242,"2022-07-11",0.2900,Other,Series D,1000.00,United Kingdom,"2022-07-11"
Alice,"Sao Paulo, Non-U.S.",63,"2022-07-11",,Healthcare,Series C,174.00,Brazil,"2022-07-13"
SundaySky,New York City,24,"2022-07-11",0.1300,Marketing,Series D,74.00,United States,"2022-07-11"
Forward,SF Bay Area,,"2022-07-11",0.0500,Healthcare,Series D,225.00,United States,"2022-07-12"
Ignite,SF Bay Area,,"2022-07-11",0.5000,Crypto,Series A,9.00,United States,"2022-07-13"
PuduTech,"Shenzen, Non-U.S.",1500,"2022-07-08",,Other,Series C,184.00,China,"2022-08-04"
Butler Hospitality,New York City,1000,"2022-07-08",1.0000,Food,Series B,50.00,United States,"2022-07-08"
Calibrate,New York City,156,"2022-07-08",0.2400,Healthcare,Series B,127.00,United States,"2022-07-18"
NextRoll,SF Bay Area,,"2022-07-08",0.0300,Marketing,Unknown,108.00,United States,"2022-07-08"
Argo AI,Pittsburgh,150,"2022-07-07",0.0500,Transportation,Unknown,3600.00,United States,"2022-07-08"
Next Insurance,SF Bay Area,150,"2022-07-07",0.1700,Finance,Series E,881.00,United States,"2022-07-07"
Adwerx,Durham,40,"2022-07-07",,Marketing,Unknown,20.00,United States,"2022-07-08"
Emotive,Los Angeles,30,"2022-07-07",0.1800,Marketing,Series B,78.00,United States,"2022-07-08"
Cedar,New York City,,"2022-07-07",0.2400,Healthcare,Series D,351.00,United States,"2022-07-07"
Remote,SF Bay Area,100,"2022-07-06",0.0900,HR,Series C,496.00,United States,"2022-07-06"
Shopify,"Ottawa, Non-U.S.",50,"2022-07-06",,Retail,Post-IPO,122.00,Canada,"2022-07-06"
Anodot,"Tel Aviv, Non-U.S.",35,"2022-07-06",0.2700,Data,Series C,64.00,Israel,"2022-07-06"
SQream,New York City,30,"2022-07-06",0.1800,Data,Series B,77.00,United States,"2022-07-06"
Anodot,"Tel Aviv, Non-U.S.",15,"2022-07-06",0.2000,Data,Series C,64.00,Israel,"2023-05-08"
Loft,"Sao Paulo, Non-U.S.",384,"2022-07-05",0.1200,Real Estate,Unknown,788.00,Brazil,"2022-07-05"
Bizzabo,New York City,120,"2022-07-05",0.3000,Marketing,Series E,194.00,United States,"2022-07-06"
eToro,"Tel Aviv, Non-U.S.",100,"2022-07-05",0.0600,Finance,Unknown,322.00,Israel,"2022-07-05"
Verbit,New York City,80,"2022-07-05",0.1000,Data,Series E,569.00,United States,"2022-07-05"
Outschool,SF Bay Area,31,"2022-07-05",0.1800,Education,Series D,240.00,United States,"2022-07-05"
Bullish,"Hong Kong, Non-U.S.",30,"2022-07-05",0.0800,Crypto,Unknown,300.00,Hong Kong,"2022-07-15"
Transmit Security,Boston,27,"2022-07-05",0.0700,Security,Series A,583.00,United States,"2022-07-06"
Thimble,New York City,20,"2022-07-05",0.3300,Finance,Series A,28.00,United States,"2022-07-06"
Syte,"Tel Aviv, Non-U.S.",13,"2022-07-05",0.0800,Retail,Series C,71.00,Israel,"2022-07-05"
Lightricks,"Jerusalem, Non-U.S.",80,"2022-07-04",0.1200,Consumer,Series D,335.00,Israel,"2022-07-04"
Chessable,"London, Non-U.S.",29,"2022-07-04",,Consumer,Acquired,,United Kingdom,"2022-07-13"
Sendle,"Sydney, Non-U.S.",27,"2022-07-04",0.1200,Logistics,Series C,69.00,Australia,"2022-07-04"
Lendis,"Berlin, Non-U.S.",18,"2022-07-04",0.1500,Other,Series A,90.00,Germany,"2022-07-07"
Gorillas,"Berlin, Non-U.S.",540,"2022-07-03",,Food,Series C,1300.00,Germany,"2022-07-06"
Celsius,New York City,150,"2022-07-03",0.2500,Crypto,Series B,864.00,United States,"2022-07-04"
Zepto,"Brisbane, Non-U.S.",,"2022-07-02",0.1000,Finance,Series A,25.00,Australia,"2022-07-04"
WanderJaunt,SF Bay Area,85,"2022-07-01",1.0000,Travel,Series B,26.00,United States,"2022-07-02"
Canoo,Los Angeles,58,"2022-07-01",0.0600,Transportation,Post-IPO,300.00,United States,"2022-07-01"
Bamboo Health,Louisville,52,"2022-07-01",,Healthcare,Unknown,,United States,"2022-07-21"
Teleport,SF Bay Area,15,"2022-07-01",0.0600,Infrastructure,Series C,169.00,United States,"2022-07-02"
Enjoy,SF Bay Area,400,"2022-06-30",0.1800,Retail,Post-IPO,310.00,United States,"2022-06-30"
Crejo.Fun,"Bengaluru, Non-U.S.",170,"2022-06-30",1.0000,Education,Seed,3.00,India,"2022-07-01"
Stash Financial,New York City,40,"2022-06-30",0.0800,Finance,Unknown,480.00,United States,"2022-10-26"
Nate,New York City,30,"2022-06-30",0.2000,Retail,Series A,47.00,United States,"2022-06-30"
Snyk,Boston,30,"2022-06-30",,Security,Series F,849.00,United States,"2022-07-01"
Stream,Boulder,20,"2022-06-30",0.1200,Product,Series B,58.00,United States,"2022-07-01"
Finleap Connect,"Hamburg, Non-U.S.",14,"2022-06-30",0.1000,Finance,Series A,22.00,Germany,"2022-07-01"
Abra,SF Bay Area,12,"2022-06-30",0.0500,Crypto,Series C,106.00,United States,"2022-07-01"
Gavelytics,Los Angeles,,"2022-06-30",1.0000,Legal,Seed,5.00,United States,"2022-07-06"
Sundae,SF Bay Area,,"2022-06-30",0.1500,Real Estate,Series C,135.00,United States,"2022-06-30"
Toppr,"Mumbai, Non-U.S.",350,"2022-06-29",,Education,Acquired,112.00,India,"2022-06-30"
Unity,SF Bay Area,200,"2022-06-29",0.0400,Other,Post-IPO,1300.00,United States,"2022-06-30"
Niantic,SF Bay Area,85,"2022-06-29",0.0800,Consumer,Series D,770.00,United States,"2022-06-29"
AvantStay,Los Angeles,80,"2022-06-29",,Travel,Unknown,811.00,United States,"2022-06-30"
Qumulo,Seattle,80,"2022-06-29",0.1900,Data,Series E,347.00,United States,"2022-06-30"
Clutch,"Toronto, Non-U.S.",76,"2022-06-29",0.2200,Transportation,Series B,153.00,Canada,"2022-06-30"
Parallel Wireless,Nashua,60,"2022-06-29",,Infrastructure,Unknown,8.00,United States,"2022-06-30"
Oye Rickshaw,"New Delhi, Non-U.S.",40,"2022-06-29",0.2000,Transportation,Unknown,13.00,India,"2022-07-01"
Rows,"Berlin, Non-U.S.",18,"2022-06-29",0.3000,Other,Series B,25.00,Germany,"2022-08-05"
Baton,SF Bay Area,16,"2022-06-29",0.2500,Transportation,Series A,13.00,United States,"2022-06-30"
Substack,SF Bay Area,13,"2022-06-29",0.1400,Media,Series B,82.00,United States,"2022-06-29"
Degreed,SF Bay Area,,"2022-06-29",0.1500,Education,Series D,411.00,United States,"2022-06-29"
HomeLight,SF Bay Area,,"2022-06-29",0.1900,Real Estate,Series D,743.00,United States,"2022-06-30"
Volt Bank,"Sydney, Non-U.S.",,"2022-06-29",1.0000,Finance,Series E,90.00,Australia,"2022-06-30"
Huobi,"Beijing, Non-U.S.",300,"2022-06-28",0.3000,Crypto,Unknown,2.00,China,"2022-06-29"
WhiteHat Jr,"Mumbai, Non-U.S.",300,"2022-06-28",,Education,Acquired,11.00,India,"2022-06-29"
StockX,Detroit,120,"2022-06-28",0.0800,Retail,Series E,690.00,United States,"2022-06-29"
Sidecar Health,Los Angeles,110,"2022-06-28",0.4000,Healthcare,Series C,163.00,United States,"2022-07-18"
StockX,Detroit,80,"2022-06-28",,Retail,Series E,690.00,United States,"2022-11-03"
Vezeeta,"Dubai, Non-U.S.",50,"2022-06-28",0.1000,Healthcare,Series D,71.00,United Arab Emirates,"2022-06-29"
Bright Machines,SF Bay Area,30,"2022-06-28",0.0800,Data,Unknown,250.00,Israel,"2022-06-29"
HealthMatch,"Sydney, Non-U.S.",18,"2022-06-28",0.5000,Healthcare,Series B,20.00,Australia,"2022-06-29"
Nova Benefits,"Bengaluru, Non-U.S.",,"2022-06-28",0.3000,Healthcare,Series B,41.00,India,"2022-06-30"
Una Brands,"Singapore, Non-U.S.",,"2022-06-28",0.1000,Retail,Series A,55.00,Singapore,"2022-06-29"
AppLovin,SF Bay Area,300,"2022-06-27",0.1200,Marketing,Post-IPO,1600.00,United States,"2022-06-28"
UiPath,New York City,210,"2022-06-27",0.0500,Data,Post-IPO,2000.00,United States,"2022-06-27"
Udaan,"Bengaluru, Non-U.S.",180,"2022-06-27",0.0400,Retail,Unknown,1500.00,India,"2022-06-28"
Cue,San Diego,170,"2022-06-27",,Healthcare,Post-IPO,999.00,United States,"2022-06-27"
Banxa,"Melbourne, Non-U.S.",70,"2022-06-27",0.3000,Crypto,Post-IPO,13.00,Australia,"2022-06-28"
SafeGraph,SF Bay Area,27,"2022-06-27",0.2500,Data,Series B,61.00,United States,"2022-06-28"
Amount,Chicago,,"2022-06-27",0.1800,Finance,Unknown,283.00,United States,"2022-06-27"
Postscript,SF Bay Area,43,"2022-06-26",,Marketing,Series C,106.00,United States,"2022-06-25"
Bitpanda,"Vienna, Non-U.S.",270,"2022-06-24",0.2700,Crypto,Series C,546.00,Austria,"2022-06-24"
Sunday,Atlanta,90,"2022-06-24",0.2300,Finance,Series A,124.00,United States,"2022-06-28"
Bestow,Dallas,41,"2022-06-24",0.1400,Finance,Series C,137.00,United States,"2022-06-27"
Ethos Life,SF Bay Area,40,"2022-06-24",0.1200,Finance,Series D,406.00,United States,"2022-06-26"
Netflix,SF Bay Area,300,"2022-06-23",0.0300,Media,Post-IPO,121900.00,United States,"2022-06-23"
Aura,Boston,70,"2022-06-23",0.0900,Security,Series F,500.00,United States,"2022-06-25"
Pipl,Spokane,22,"2022-06-23",0.1300,Security,Unknown,19.00,United States,"2022-06-23"
Vouch,SF Bay Area,15,"2022-06-23",0.0700,Finance,Series C,159.00,United States,"2022-06-23"
Voyage SMS,Los Angeles,8,"2022-06-23",0.1300,Marketing,Unknown,10.00,United States,"2022-06-30"
Esper,Seattle,,"2022-06-23",0.1200,Other,Series A,10.00,United States,"2022-06-23"
Kune,"Nairobi, Non-U.S.",,"2022-06-23",1.0000,Food,Seed,1.00,Kenya,"2022-06-23"
Orchard,New York City,,"2022-06-23",0.1000,Real Estate,Series D,472.00,United States,"2022-06-23"
Ro,New York City,,"2022-06-23",0.1800,Healthcare,Unknown,1000.00,United States,"2022-06-23"
StreamElements,"Tel Aviv, Non-U.S.",,"2022-06-23",0.2000,Media,Series B,111.00,Israel,"2022-06-24"
MasterClass,SF Bay Area,120,"2022-06-22",0.2000,Education,Series E,461.00,United States,"2022-06-23"
IronNet,Washington D.C.,90,"2022-06-22",0.3500,Security,Post-IPO,410.00,United States,"2022-09-17"
Bungalow,SF Bay Area,70,"2022-06-22",,Real Estate,Series C,171.00,United States,"2022-06-23"
IronNet,Washington D.C.,55,"2022-06-22",0.1700,Security,Post-IPO,410.00,United States,"2022-06-25"
Sprinklr,New York City,50,"2022-06-22",,Support,Post-IPO,429.00,United States,"2022-06-26"
Superpedestrian,Boston,35,"2022-06-22",0.0700,Transportation,Series C,261.00,United States,"2022-06-23"
Voi,"Stockholm, Non-U.S.",35,"2022-06-22",0.1000,Transportation,Series D,515.00,Sweden,"2022-06-23"
Balto,St. Louis,30,"2022-06-22",,Sales,Series B,51.00,United States,"2022-06-23"
Ritual,"Toronto, Non-U.S.",23,"2022-06-22",0.1600,Food,Series C,134.00,Canada,"2022-06-23"
Voly,"Sydney, Non-U.S.",,"2022-06-22",0.5000,Food,Seed,13.00,Australia,"2022-06-23"
Ebanx,"Curitiba, Non-U.S.",340,"2022-06-21",0.2000,Finance,Series B,460.00,Brazil,"2022-06-22"
TaskUs,Los Angeles,52,"2022-06-21",0.0000,Support,Post-IPO,279.00,United States,"2022-06-22"
Community,Los Angeles,40,"2022-06-21",0.3000,Marketing,Unknown,40.00,United States,"2022-06-22"
Sourcegraph,SF Bay Area,24,"2022-06-21",0.0800,Product,Series D,248.00,United States,"2022-06-23"
Frubana,"Bogota, Non-U.S.",,"2022-06-21",0.0300,Food,Series C,202.00,Colombia,"2022-06-22"
SuperLearn,"Bengaluru, Non-U.S.",,"2022-06-21",1.0000,Education,Seed,,India,"2022-06-22"
Tray.io,SF Bay Area,,"2022-06-21",0.1000,Data,Series C,109.00,United States,"2022-06-22"
Bybit,"Singapore, Non-U.S.",600,"2022-06-20",0.3000,Crypto,Unknown,,Singapore,"2022-06-22"
SummerBio,SF Bay Area,101,"2022-06-20",1.0000,Healthcare,Unknown,7.00,United States,"2022-06-22"
Trax,"Singapore, Non-U.S.",100,"2022-06-20",0.1200,Retail,Series E,1000.00,Singapore,"2022-06-21"
Aqgromalin,"Chennai, Non-U.S.",80,"2022-06-20",0.3000,Food,Unknown,12.00,India,"2022-06-21"
Bonsai,"Toronto, Non-U.S.",30,"2022-06-20",0.5500,Retail,Series A,27.00,Canada,"2022-06-21"
Brighte,"Sydney, Non-U.S.",30,"2022-06-20",0.1500,Energy,Series C,145.00,Australia,"2022-06-21"
Buzzer,New York City,,"2022-06-20",0.2000,Media,Unknown,32.00,United States,"2022-06-22"
CityMall,"Gurugram, Non-U.S.",191,"2022-06-19",0.3000,Retail,Series C,112.00,India,"2022-06-19"
BitOasis,"Dubai, Non-U.S.",9,"2022-06-19",0.0500,Crypto,Series B,30.00,United Arab Emirates,"2022-06-21"
Unacademy,"Bengaluru, Non-U.S.",150,"2022-06-18",0.0300,Education,Series H,838.00,India,"2022-06-19"
Bytedance,"Shanghai, Non-U.S.",150,"2022-06-17",,Consumer,Unknown,9400.00,China,"2022-06-17"
Socure,Reno,69,"2022-06-17",0.1300,Finance,Series E,646.00,United States,"2022-06-18"
Finite State,Columbus,16,"2022-06-17",0.2000,Security,Series B,49.00,United States,"2022-06-18"
JOKR,New York City,50,"2022-06-16",0.0500,Food,Series B,430.00,United States,"2022-06-19"
Zumper,SF Bay Area,45,"2022-06-16",0.1500,Real Estate,Series D,178.00,United States,"2022-06-16"
PharmEasy,"Mumbai, Non-U.S.",40,"2022-06-16",,Healthcare,Unknown,1600.00,India,"2022-06-17"
Circulo Health,Columbus,,"2022-06-16",0.5000,Healthcare,Series A,50.00,United States,"2022-06-17"
Swappie,"Helsinki, Non-U.S.",250,"2022-06-15",0.1700,Retail,Series C,169.00,Finland,"2022-06-15"
Wealthsimple,"Toronto, Non-U.S.",159,"2022-06-15",0.1300,Finance,Unknown,900.00,Canada,"2022-06-15"
Weee!,SF Bay Area,150,"2022-06-15",0.1000,Food,Series E,863.00,United States,"2022-06-19"
Notarize,Boston,110,"2022-06-15",0.2500,Legal,Series D,213.00,United States,"2022-06-16"
Elementor,"Tel Aviv, Non-U.S.",60,"2022-06-15",0.1500,Media,Unknown,65.00,Israel,"2022-06-15"
Tonkean,SF Bay Area,23,"2022-06-15",0.2300,Other,Series B,83.00,United States,"2022-06-15"
Airtame,"Copenhagen, Non-U.S.",15,"2022-06-15",,Consumer,Unknown,7.00,Denmark,"2022-06-16"
OpenWeb,"Tel Aviv, Non-U.S.",14,"2022-06-15",0.0500,Media,Series E,223.00,Israel,"2022-06-15"
Swyft,"Toronto, Non-U.S.",10,"2022-06-15",0.3000,Logistics,Series A,20.00,Canada,"2022-06-15"
JetClosing,Seattle,,"2022-06-15",1.0000,Real Estate,Series B,44.00,United States,"2022-08-02"
Coinbase,SF Bay Area,1100,"2022-06-14",0.1800,Crypto,Post-IPO,549.00,United States,"2022-06-14"
Redfin,Seattle,470,"2022-06-14",0.0800,Real Estate,Post-IPO,319.00,United States,"2022-06-14"
Compass,New York City,450,"2022-06-14",0.1000,Real Estate,Post-IPO,1600.00,United States,"2022-06-14"
Sami,"Sao Paulo, Non-U.S.",75,"2022-06-14",0.1500,Healthcare,Unknown,36.00,Brazil,"2022-06-14"
Breathe,"New Delhi, Non-U.S.",50,"2022-06-14",0.3300,Healthcare,Series A,6.00,India,"2022-06-16"
Hunty,"Bogota, Non-U.S.",30,"2022-06-14",,HR,Seed,6.00,Colombia,"2022-06-15"
TIFIN,Boulder,24,"2022-06-14",0.1000,Crypto,Series D,204.00,United States,"2022-06-15"
BlockFi,New York City,250,"2022-06-13",0.2000,Crypto,Series E,1000.00,United States,"2022-06-13"
Wave Sports and Entertainment,Los Angeles,56,"2022-06-13",0.3300,Media,Series B,65.00,United States,"2022-06-16"
Studio,SF Bay Area,33,"2022-06-13",0.4000,Education,Series B,50.00,United States,"2022-06-14"
Desktop Metal,Boston,,"2022-06-13",0.1200,Other,Post-IPO,811.00,United States,"2022-06-13"
Crypto.com,"Singapore, Non-U.S.",260,"2022-06-10",0.0500,Crypto,Unknown,156.00,Singapore,"2022-06-11"
FarEye,"New Delhi, Non-U.S.",250,"2022-06-10",0.3000,Logistics,Series E,150.00,India,"2022-06-10"
Berlin Brands Group,"Berlin, Non-U.S.",100,"2022-06-10",0.1000,Retail,Unknown,1000.00,Germany,"2022-06-21"
Sanar,"Sao Paulo, Non-U.S.",60,"2022-06-10",0.2000,Healthcare,Unknown,11.00,Brazil,"2022-06-11"
Freetrade,"London, Non-U.S.",45,"2022-06-10",0.1500,Finance,Unknown,133.00,United Kingdom,"2022-06-10"
Albert,Los Angeles,20,"2022-06-10",0.0800,Finance,Series C,175.00,United States,"2022-06-11"
Ziroom,"Beijing, Non-U.S.",,"2022-06-10",0.2000,Real Estate,Unknown,2100.00,China,"2022-06-11"
OneTrust,Atlanta,950,"2022-06-09",0.2500,Security,Series C,926.00,United States,"2022-06-10"
Stitch Fix,SF Bay Area,330,"2022-06-09",0.1500,Retail,Post-IPO,79.00,United States,"2022-06-09"
Daniel Wellington,"Stockholm, Non-U.S.",200,"2022-06-09",0.1500,Retail,Unknown,,Sweden,"2022-07-25"
Convoy,Seattle,90,"2022-06-09",0.0700,Logistics,Series E,1100.00,United States,"2022-06-10"
Hologram,Chicago,80,"2022-06-09",0.4000,Infrastructure,Series B,82.00,United States,"2022-06-09"
Boozt,"Malmo, Non-U.S.",70,"2022-06-09",0.0500,Retail,Post-IPO,56.00,Sweden,"2022-07-25"
The Grommet,Boston,40,"2022-06-09",1.0000,Retail,Acquired,5.00,United States,"2022-06-10"
Stashaway,"Singapore, Non-U.S.",31,"2022-06-09",0.1400,Finance,Series D,61.00,Singapore,"2022-06-09"
Preply,Boston,26,"2022-06-09",0.0500,Education,Series C,100.00,United States,"2022-06-10"
Jellysmack,New York City,,"2022-06-09",0.0800,Media,Series C,22.00,United States,"2022-06-10"
Starship,SF Bay Area,,"2022-06-09",0.1100,Transportation,Series B,197.00,United States,"2022-06-14"
Sonder,SF Bay Area,250,"2022-06-08",0.2100,Travel,Post-IPO,839.00,United States,"2022-06-09"
Kavak,"Sao Paulo, Non-U.S.",150,"2022-06-08",,Transportation,Series E,1600.00,Brazil,"2022-06-09"
Truepill,SF Bay Area,150,"2022-06-08",0.1500,Healthcare,Series D,255.00,United States,"2022-06-10"
iPrice Group,Kuala Lumpur,50,"2022-06-08",0.2000,Retail,Unknown,26.00,Malaysia,"2022-06-30"
Memmo,"Stockholm, Non-U.S.",,"2022-06-08",0.4000,Consumer,Unknown,24.00,Sweden,"2022-06-11"
Cazoo,"London, Non-U.S.",750,"2022-06-07",0.1500,Transportation,Post-IPO,2000.00,United Kingdom,"2022-06-07"
Cazoo,"London, Non-U.S.",750,"2022-06-07",0.1500,Transportation,Post-IPO,2000.00,United Kingdom,"2022-09-09"
Rupeek,"Bengaluru, Non-U.S.",180,"2022-06-07",0.1500,Finance,Unknown,172.00,India,"2022-06-07"
Lummo,"Jakarta, Non-U.S.",150,"2022-06-07",,Marketing,Series C,149.00,Indonesia,"2022-06-10"
Bird,Los Angeles,138,"2022-06-07",0.2300,Transportation,Post-IPO,783.00,United States,"2022-06-07"
ID.me,Washington D.C.,130,"2022-06-07",,Security,Unknown,275.00,United States,"2022-06-08"
KiwiCo,SF Bay Area,40,"2022-06-07",,Retail,Unknown,11.00,United States,"2022-06-17"
Propzy,"Ho Chi Minh City, Non-U.S.",,"2022-06-07",0.5000,Real Estate,Series A,33.00,Vietnam,"2022-09-15"
Clearco,"Toronto, Non-U.S.",60,"2022-06-06",,Finance,Series C,681.00,Canada,"2022-08-30"
Dutchie,Bend,50,"2022-06-06",0.0700,Other,Series D,603.00,United States,"2022-06-07"
Deep Instinct,New York City,,"2022-06-06",0.1000,Security,Series D,259.00,United States,"2022-06-09"
Sendoso,SF Bay Area,,"2022-06-06",0.1400,Marketing,Series C,152.00,United States,"2022-06-06"
Eruditus,"Mumbai, Non-U.S.",40,"2022-06-04",,Education,Series E,1200.00,India,"2022-06-06"
Afterverse,"Brasilia, Non-U.S.",60,"2022-06-03",0.2000,Consumer,Unknown,,Brazil,"2023-01-21"
Superhuman,SF Bay Area,23,"2022-06-03",0.2200,Consumer,Series C,108.00,United States,"2022-06-03"
Food52,New York City,21,"2022-06-03",0.1500,Food,Acquired,176.00,United States,"2022-06-07"
"5B Solar","Sydney, Non-U.S.",,"2022-06-03",0.2500,Energy,Series A,12.00,Australia,"2022-06-03"
Tesla,Austin,,"2022-06-03",0.1000,Transportation,Post-IPO,20200.00,United States,"2022-11-10"
Carbon Health,SF Bay Area,250,"2022-06-02",0.0800,Healthcare,Series D,522.00,United States,"2022-06-02"
Favo,"Sao Paulo, Non-U.S.",170,"2022-06-02",,Food,Series A,31.00,Brazil,"2022-06-02"
PolicyGenius,New York City,170,"2022-06-02",0.2500,Finance,Series E,286.00,United States,"2022-06-02"
Yojak,"Gurugram, Non-U.S.",140,"2022-06-02",0.5000,Construction,Seed,3.00,India,"2022-06-05"
Envato,"Melbourne, Non-U.S.",100,"2022-06-02",,Marketing,Unknown,,Australia,"2022-06-02"
Gemini,New York City,100,"2022-06-02",0.1000,Crypto,Unknown,423.00,United States,"2022-06-02"
Stord,Atlanta,59,"2022-06-02",0.0800,Logistics,Series D,325.00,United States,"2022-06-03"
Gather,SF Bay Area,30,"2022-06-02",0.3300,Consumer,Series B,76.00,United States,"2022-06-16"
Shef,SF Bay Area,29,"2022-06-02",,Food,Series A,28.00,United States,"2022-06-03"
IRL,SF Bay Area,25,"2022-06-02",0.2500,Consumer,Series C,197.00,United States,"2022-06-02"
Kaodim,"Selangor, Non-U.S.",,"2022-06-02",1.0000,Consumer,Series B,17.00,Malaysia,"2022-06-11"
TomTom,"Amsterdam, Non-U.S.",500,"2022-06-01",0.1000,Transportation,Post-IPO,,Netherlands,"2023-01-24"
Cybereason,Boston,100,"2022-06-01",0.0600,Security,Series F,750.00,United States,"2022-06-01"
Udayy,"Gurugram, Non-U.S.",100,"2022-06-01",1.0000,Education,Seed,2.00,India,"2022-06-01"
"2TM","Sao Paulo, Non-U.S.",90,"2022-06-01",0.1200,Crypto,Unknown,250.00,Brazil,"2022-06-02"
Curve,"London, Non-U.S.",65,"2022-06-01",0.1000,Finance,Series C,182.00,United Kingdom,"2022-06-02"
Loom,SF Bay Area,34,"2022-06-01",0.1400,Product,Series C,203.00,United States,"2022-06-01"
Skillshare,New York City,31,"2022-06-01",,Education,Unknown,136.00,United States,"2022-06-09"
Impala,"London, Non-U.S.",30,"2022-06-01",0.3500,Travel,Series B,32.00,United Kingdom,"2022-06-10"
Eaze,SF Bay Area,25,"2022-06-01",,Consumer,Series D,202.00,United States,"2022-06-02"
Side,SF Bay Area,,"2022-06-01",0.1000,Real Estate,Unknown,313.00,United States,"2022-06-01"
Truck It In,"Karachi, Non-U.S.",,"2022-06-01",0.3000,Logistics,Seed,17.00,Pakistan,"2022-06-01"
Playtika,"Tel Aviv, Non-U.S.",250,"2022-05-31",0.0600,Consumer,Post-IPO,,Israel,"2022-05-31"
Replicated,Los Angeles,50,"2022-05-31",,Infrastructure,Series C,85.00,United States,"2022-06-01"
Tomo,Stamford,44,"2022-05-31",0.3300,Finance,Series A,110.00,United States,"2022-06-01"
Getta,"Tel Aviv, Non-U.S.",30,"2022-05-31",,Transportation,Series A,49.00,Israel,"2022-06-01"
BookClub,Salt Lake City,12,"2022-05-31",0.2500,Education,Series A,26.00,United States,"2022-06-06"
SWVL,"Dubai, Non-U.S.",400,"2022-05-30",0.3200,Transportation,Post-IPO,132.00,United Arab Emirates,"2022-05-31"
Mobile Premier League,"Bengaluru, Non-U.S.",100,"2022-05-30",0.1000,Consumer,Series E,375.00,India,"2022-05-31"
SumUp,"Sao Paulo, Non-U.S.",100,"2022-05-30",0.0300,Finance,Unknown,50.00,Brazil,"2022-05-31"
FrontRow,"Bengaluru, Non-U.S.",145,"2022-05-27",0.3000,Education,Series A,17.00,India,"2022-05-31"
Daloopa,"New Delhi, Non-U.S.",40,"2022-05-27",,Data,Series A,23.00,India,"2022-06-02"
Uncapped,"London, Non-U.S.",29,"2022-05-27",0.2600,Finance,Unknown,118.00,United Kingdom,"2022-05-28"
VTEX,"Sao Paulo, Non-U.S.",200,"2022-05-26",0.1300,Retail,Post-IPO,365.00,Brazil,"2022-05-27"
Bitso,"Mexico City, Non-U.S.",80,"2022-05-26",0.1100,Crypto,Series C,378.00,Mexico,"2022-05-27"
Foodpanda,"Bucharest, Non-U.S.",80,"2022-05-26",,Food,Acquired,749.00,Romania,"2022-05-28"
Dazn,"London, Non-U.S.",50,"2022-05-26",0.0200,Consumer,Unknown,,United Kingdom,"2022-06-11"
Lacework,SF Bay Area,300,"2022-05-25",0.2000,Security,Series D,1900.00,United States,"2022-05-25"
Bolt,SF Bay Area,240,"2022-05-25",0.2700,Finance,Series E,1300.00,United States,"2022-05-25"
PeerStreet,Los Angeles,75,"2022-05-25",,Finance,Series C,121.00,United States,"2022-05-28"
Kontist,"Berlin, Non-U.S.",50,"2022-05-25",0.2500,Finance,Series B,53.00,Germany,"2022-05-25"
Nuri,"Berlin, Non-U.S.",45,"2022-05-25",0.2000,Finance,Series B,42.00,Germany,"2022-05-25"
Coterie Insurance,Cincinnati,30,"2022-05-25",0.2000,Finance,Series B,70.00,United States,"2022-05-27"
Airlift,"Lahore, Non-U.S.",,"2022-05-25",0.3100,Logistics,Series B,109.00,Pakistan,"2022-05-25"
Getir,"Istanbul, Non-U.S.",,"2022-05-25",0.1400,Food,Series E,1800.00,Turkey,"2022-05-25"
Zapp,"London, Non-U.S.",,"2022-05-25",0.1000,Food,,300.00,United Kingdom,"2022-05-27"
Gorillas,"Berlin, Non-U.S.",300,"2022-05-24",0.5000,Food,Series C,1300.00,Germany,"2022-05-24"
Zenius,"Jakarta, Non-U.S.",200,"2022-05-24",,Education,Series B,20.00,Indonesia,"2022-05-25"
The Zebra,Austin,40,"2022-05-24",,Finance,Series D,256.00,United States,"2022-05-25"
Klarna,"Stockholm, Non-U.S.",700,"2022-05-23",0.1000,Finance,Unknown,3700.00,Sweden,"2022-05-23"
PayPal,SF Bay Area,83,"2022-05-23",,Finance,Post-IPO,216.00,United States,"2022-05-26"
Buenbit,"Buenos Aires, Non-U.S.",80,"2022-05-23",0.4500,Crypto,Series A,11.00,Argentina,"2022-05-25"
BeyondMinds,"Tel Aviv, Non-U.S.",65,"2022-05-23",1.0000,Data,Series A,16.00,Israel,"2022-05-23"
ClickUp,San Diego,60,"2022-05-23",0.0700,Other,Series C,537.00,United States,"2022-05-25"
Airtime,New York City,30,"2022-05-23",0.2000,Consumer,Series B,33.00,United States,"2022-08-17"
MFine,"Bengaluru, Non-U.S.",600,"2022-05-21",0.7500,Healthcare,Series C,97.00,India,"2022-05-22"
Latch,New York City,130,"2022-05-20",0.2800,Security,Post-IPO,342.00,United States,"2022-05-21"
Outside,Boulder,87,"2022-05-20",0.1500,Media,Series B,174.00,United States,"2022-05-22"
Skillz,SF Bay Area,70,"2022-05-20",0.1000,Consumer,Post-IPO,287.00,United States,"2022-05-21"
Cars24,"Gurugram, Non-U.S.",600,"2022-05-19",0.0600,Transportation,Series G,1300.00,India,"2022-05-19"
Vedantu,"Bengaluru, Non-U.S.",424,"2022-05-18",0.0700,Education,Series E,292.00,India,"2022-05-18"
Netflix,SF Bay Area,150,"2022-05-17",0.0100,Media,Post-IPO,121900.00,United States,"2022-05-17"
Kry,"Stockholm, Non-U.S.",100,"2022-05-17",0.1000,Healthcare,Series D,568.00,Sweden,"2022-05-17"
Picsart,Miami,90,"2022-05-17",0.0800,Consumer,Series C,195.00,United States,"2022-05-17"
Zak,"Sao Paulo, Non-U.S.",100,"2022-05-16",0.4000,Food,Series A,29.00,Brazil,"2022-05-17"
AliExpress Russia,"Moscow, Non-U.S.",400,"2022-05-14",0.4000,Retail,Acquired,60.00,Russia,"2022-05-14"
Thirty Madison,New York City,24,"2022-05-14",,Healthcare,Acquired,209.00,United States,"2022-05-16"
CommonBond,New York City,22,"2022-05-13",,Finance,Series D,130.00,United States,"2022-05-25"
Subspace,Los Angeles,,"2022-05-13",1.0000,Infrastructure,Series B,,United States,"2022-05-17"
Zwift,Los Angeles,150,"2022-05-12",,Fitness,Series C,619.00,United States,"2022-05-12"
Section4,New York City,32,"2022-05-12",,Education,Series A,37.00,United States,"2022-05-12"
DataRobot,Boston,70,"2022-05-11",0.0700,Data,Series G,1000.00,United States,"2022-05-11"
Carvana,Phoenix,2500,"2022-05-10",0.1200,Transportation,Post-IPO,1600.00,United States,"2022-05-10"
Doma,SF Bay Area,310,"2022-05-10",0.1500,Finance,Post-IPO,679.00,United States,"2022-05-12"
Pollen,"London, Non-U.S.",200,"2022-05-10",0.3300,Travel,Series C,238.00,United Kingdom,"2022-05-20"
Latch,New York City,30,"2022-05-10",0.0600,Security,Post-IPO,342.00,United States,"2022-05-12"
Meero,"Paris, Non-U.S.",350,"2022-05-09",0.5000,Other,Series C,293.00,France,"2023-03-04"
Vroom,New York City,270,"2022-05-09",0.1400,Transportation,Post-IPO,1300.00,United States,"2022-05-10"
Reef,Miami,750,"2022-05-06",0.0500,Transportation,Unknown,1500.00,United States,"2022-05-06"
divvyDOSE,Davenport,62,"2022-05-06",,Healthcare,Acquired,,United States,"2022-05-14"
Vedantu,"Bengaluru, Non-U.S.",200,"2022-05-05",0.0300,Education,Series E,292.00,India,"2022-05-07"
Progrexion,Salt Lake City,100,"2022-05-05",,Finance,Acquired,202.00,United States,"2023-04-19"
Mural,SF Bay Area,90,"2022-05-05",0.1000,Product,Series C,192.00,United States,"2022-05-06"
On Deck,SF Bay Area,72,"2022-05-05",0.2500,Education,Series A,20.00,United States,"2022-05-05"
SEND,"Sydney, Non-U.S.",300,"2022-05-04",1.0000,Food,Seed,3.00,Australia,"2022-05-09"
Colossus,Boston,97,"2022-05-04",,Energy,Series A,41.00,United States,"2022-05-12"
Cameo,Chicago,87,"2022-05-04",0.2500,Consumer,Unknown,165.00,United States,"2022-05-04"
Mainstreet,SF Bay Area,45,"2022-05-04",0.3000,Finance,Series A,64.00,United States,"2022-05-05"
Ideoclick,Seattle,40,"2022-05-04",,Retail,Series A,7.00,United States,"2022-05-09"
Vise,New York City,25,"2022-05-04",,Finance,Series C,128.00,United States,"2022-05-04"
Bizpay,"Sydney, Non-U.S.",,"2022-05-04",0.3000,Finance,Unknown,45.00,Australia,"2022-05-12"
Avo,"Tel Aviv, Non-U.S.",500,"2022-05-01",0.6700,Food,Series B,45.00,Israel,"2022-05-02"
Noom,New York City,495,"2022-04-29",,Healthcare,Series F,657.00,United States,"2022-05-02"
Domestika,SF Bay Area,150,"2022-04-28",0.1900,Education,Series D,130.00,United States,"2022-07-25"
Netflix,SF Bay Area,25,"2022-04-28",,Media,Post-IPO,121900.00,United States,"2022-05-12"
Wahoo Fitness,Atlanta,50,"2022-04-27",,Fitness,Unknown,,United States,"2022-06-19"
Robinhood,SF Bay Area,340,"2022-04-26",0.0900,Finance,Post-IPO,5600.00,United States,"2022-04-26"
Bonsai,"Toronto, Non-U.S.",29,"2022-04-26",0.3400,Retail,Series A,27.00,Canada,"2022-06-21"
Sigfox,"Toulouse, Non-U.S.",64,"2022-04-25",,Other,Acquired,277.00,France,"2023-02-23"
Clyde,New York City,22,"2022-04-25",,Marketing,Series B,58.00,United States,"2022-05-11"
Xiaohongshu,"Shanghai, Non-U.S.",180,"2022-04-21",0.0900,Consumer,Series E,917.00,China,"2022-04-23"
Facily,"Sao Paulo, Non-U.S.",260,"2022-04-20",0.3000,Retail,Series D,502.00,Brazil,"2022-04-27"
Lemonade,New York City,52,"2022-04-20",,Finance,Post-IPO,481.00,United States,"2022-05-28"
Blend,SF Bay Area,200,"2022-04-19",0.1000,Finance,Post-IPO,665.00,United States,"2022-04-20"
QuintoAndar,"Sao Paulo, Non-U.S.",160,"2022-04-19",0.0400,Real Estate,Series E,755.00,Brazil,"2022-04-24"
Loft,"Sao Paulo, Non-U.S.",159,"2022-04-19",,Real Estate,Unknown,788.00,Brazil,"2022-04-24"
Automox,Boulder,,"2022-04-18",0.1100,Infrastructure,Series C,152.00,United States,"2022-05-09"
Humble,SF Bay Area,10,"2022-04-15",,Media,Acquired,4.00,United States,"2022-06-14"
Halcyon Health,New York City,,"2022-04-15",1.0000,Healthcare,Unknown,2.00,United States,"2022-04-15"
Ahead,SF Bay Area,44,"2022-04-14",1.0000,Healthcare,Unknown,9.00,United States,"2022-04-15"
Rad Power Bikes,Seattle,100,"2022-04-12",0.1400,Transportation,Series D,329.00,United States,"2022-05-05"
Meesho,"Bengaluru, Non-U.S.",150,"2022-04-11",,Retail,Series F,1100.00,India,"2022-04-15"
Food52,New York City,20,"2022-04-08",0.1000,Food,Acquired,176.00,United States,"2022-05-07"
Unacademy,"Bengaluru, Non-U.S.",1000,"2022-04-07",0.1700,Education,Series H,838.00,India,"2022-04-07"
Goodfood,"Calgary, Non-U.S.",70,"2022-04-07",,Food,Post-IPO,16.00,Canada,"2022-08-11"
Workrise,Austin,450,"2022-04-05",,Energy,Series E,752.00,United States,"2022-03-25"
Fast,SF Bay Area,,"2022-04-05",1.0000,Finance,Series B,124.00,United States,"2022-04-05"
BitMEX,Non-U.S.,75,"2022-04-04",0.2500,Crypto,Seed,,Seychelles,"2022-04-05"
Legible,"Vancouver, Non-U.S.",23,"2022-04-04",0.3800,Media,Post-IPO,3.00,Canada,"2022-04-15"
Lightico,"Tel Aviv, Non-U.S.",20,"2022-03-31",,Finance,Series B,42.00,Israel,"2023-02-07"
Sea,"Bengaluru, Non-U.S.",350,"2022-03-30",,Retail,Post-IPO,8600.00,India,"2022-03-30"
Rasa,"Berlin, Non-U.S.",59,"2022-03-30",0.4000,Data,Series B,40.00,Germany,"2022-03-30"
Gopuff,Philadelphia,450,"2022-03-29",0.0300,Food,Series H,3400.00,United States,"2022-03-30"
Thinkific,"Vancouver, Non-U.S.",100,"2022-03-29",0.2000,Education,Post-IPO,22.00,Canada,"2022-03-30"
Furlenco,"Bengaluru, Non-U.S.",180,"2022-03-26",,Retail,Series D,228.00,India,"2022-03-28"
Grove Collaborative,SF Bay Area,,"2022-03-19",0.1700,Retail,Series E,474.00,United States,"2022-03-30"
Storytel,"Stockholm, Non-U.S.",100,"2022-03-17",0.1000,Media,Post-IPO,275.00,Sweden,"2022-05-17"
Curology,SF Bay Area,150,"2022-03-16",,Healthcare,Series D,19.00,United States,"2022-03-18"
Trell,"Bengaluru, Non-U.S.",300,"2022-03-15",0.5000,Retail,Series B,62.00,India,"2022-05-07"
Knock,New York City,115,"2022-03-15",0.4600,Real Estate,Unknown,654.00,United States,"2022-03-17"
Talis Biomedical,SF Bay Area,,"2022-03-15",0.2500,Healthcare,Post-IPO,8.00,United States,"2022-06-17"
Sezzle,Minneapolis,,"2022-03-10",0.2000,Finance,Post-IPO,301.00,United States,"2022-03-11"
Better.com,New York City,3000,"2022-03-08",0.3300,Real Estate,Unknown,905.00,United States,"2022-03-09"
Adaptive Biotechnologies,Seattle,100,"2022-03-08",0.1200,Healthcare,Post-IPO,406.00,United States,"2022-05-29"
Hyperscience,New York City,100,"2022-03-03",0.2500,Data,Series E,289.00,United States,"2022-03-04"
WeDoctor,Non-U.S.,500,"2022-03-02",,Healthcare,Series F,1400.00,China,"2022-03-05"
Wish,SF Bay Area,190,"2022-03-01",0.1500,Retail,Post-IPO,1600.00,United States,"2022-05-14"
OKCredit,"New Delhi, Non-U.S.",30,"2022-02-24",,Finance,Series B,85.00,India,"2022-02-26"
Lido,"Mumbai, Non-U.S.",150,"2022-02-21",,Education,Series A,24.00,India,"2022-02-22"
Virgin Hyperloop,Los Angeles,111,"2022-02-21",0.5000,Transportation,Unknown,368.00,United States,"2022-02-22"
Trustly,"Stockholm, Non-U.S.",120,"2022-02-17",,Finance,Acquired,28.00,Sweden,"2022-05-17"
Liv Up,"Sao Paulo, Non-U.S.",100,"2022-02-16",0.1500,Food,Series D,118.00,Brazil,"2022-04-27"
Homie,Salt Lake City,119,"2022-02-14",0.2900,Real Estate,Series B,35.00,United States,"2022-02-11"
Hopin,"London, Non-U.S.",138,"2022-02-10",0.1200,Other,Series D,1000.00,United Kingdom,"2022-02-11"
Daily Harvest,New York City,60,"2022-02-10",0.2000,Food,Series D,120.00,United States,"2023-02-10"
Peloton,New York City,2800,"2022-02-08",0.2000,Fitness,Post-IPO,1900.00,United States,"2022-02-08"
Rhino,New York City,57,"2022-02-03",0.2000,Real Estate,Unknown,133.00,United States,"2022-02-04"
Gopuff,Philadelphia,100,"2022-01-26",,Food,Series H,3400.00,United States,"2022-02-04"
Glossier,New York City,80,"2022-01-26",0.3300,Consumer,Series E,266.00,United States,"2022-01-26"
Root Insurance,Columbus,330,"2022-01-20",,Finance,Post-IPO,527.00,United States,"2022-01-23"
Protonn,"Bengaluru, Non-U.S.",,"2022-01-20",1.0000,Other,Seed,9.00,India,"2023-12-04"
Spin,SF Bay Area,,"2022-01-08",0.2500,Transportation,Acquired,8.00,United States,"2022-01-09"
Delivery Hero,"Berlin, Non-U.S.",300,"2021-12-22",,Food,Post-IPO,8300.00,Germany,"2021-12-30"
Better.com,New York City,900,"2021-12-01",0.0900,Real Estate,Unknown,905.00,United States,"2021-12-01"
BitTitan,Seattle,70,"2021-11-18",0.2700,Data,Acquired,46.00,United States,"2021-11-20"
Zillow,Seattle,2000,"2021-11-02",0.2500,Real Estate,Post-IPO,97.00,United States,"2021-11-02"
InVision,New York City,22,"2021-10-05",,Product,Unknown,356.00,United States,"2022-05-07"
Ozy Media,SF Bay Area,,"2021-10-01",1.0000,Media,Series C,70.00,United States,"2021-10-01"
Zymergen,SF Bay Area,120,"2021-09-23",,Other,Post-IPO,974.00,United States,"2021-09-25"
Treehouse,Portland,41,"2021-09-14",0.9000,Education,Series B,12.00,United States,"2021-10-27"
Tanium,Seattle,30,"2021-08-30",,Security,Unknown,1000.00,United States,"2022-06-07"
Flockjay,SF Bay Area,37,"2021-08-24",0.5000,Education,Series A,14.00,United States,"2021-08-24"
Bytedance,"Shanghai, Non-U.S.",1800,"2021-08-05",,Consumer,Unknown,9400.00,China,"2021-08-05"
Pagarbook,"Bengaluru, Non-U.S.",80,"2021-07-26",,HR,Series A,17.00,India,"2021-07-29"
Katerra,SF Bay Area,2434,"2021-06-01",1.0000,Construction,Unknown,1600.00,United States,"2021-06-01"
Lambda School,SF Bay Area,65,"2021-04-29",,Education,Series C,122.00,United States,"2021-04-30"
Madefire,SF Bay Area,,"2021-04-29",1.0000,Media,Series B,16.00,United States,"2021-04-30"
Patreon,SF Bay Area,36,"2021-04-26",,Media,Series D,165.00,United States,"2021-04-29"
New Relic,SF Bay Area,160,"2021-04-06",0.0700,Infrastructure,Post-IPO,214.50,United States,"2021-04-07"
HuffPo,New York City,47,"2021-03-09",,Media,Acquired,37.00,United States,"2021-03-09"
Ninjacart,"Bengaluru, Non-U.S.",200,"2021-02-23",,Food,Unknown,194.00,India,"2021-02-23"
Bounce,"Bengaluru, Non-U.S.",200,"2021-02-22",0.4000,Transportation,Series D,214.20,India,"2021-02-22"
ThredUp,Chicago,243,"2021-02-09",,Retail,Series F,305.00,United States,"2021-02-09"
Indigo,Boston,80,"2021-02-09",,Other,Series F,1200.00,United States,"2021-02-11"
Limelight,New York City,13,"2021-02-04",1.0000,Recruiting,Unknown,,United States,"2021-02-05"
Quandoo,"Berlin, Non-U.S.",87,"2021-02-03",0.2000,Food,Acquired,39.00,Germany,"2021-02-18"
Hubba,"Toronto, Non-U.S.",45,"2021-02-01",1.0000,Retail,Series B,61.00,Canada,"2021-02-03"
Bytedance,"Mumbai, Non-U.S.",1800,"2021-01-27",,Consumer,Unknown,7400.00,India,"2021-01-28"
Privitar,"London, Non-U.S.",20,"2021-01-27",,Data,Series C,150.00,United Kingdom,"2021-01-28"
Shutterfly,SF Bay Area,800,"2021-01-25",,Retail,Acquired,50.00,United States,"2023-01-26"
Postmates,SF Bay Area,180,"2021-01-23",0.1500,Food,Acquired,763.00,United States,"2021-01-25"
Instacart,SF Bay Area,1877,"2021-01-21",,Food,Unknown,2400.00,United States,"2021-01-21"
Pocketmath,Singapore,21,"2021-01-20",1.0000,Marketing,Unknown,20.00,Singapore,"2021-01-21"
Dropbox,SF Bay Area,315,"2021-01-13",0.1500,Other,Post-IPO,1700.00,United States,"2021-01-13"
Aura Financial,SF Bay Area,,"2021-01-11",1.0000,Finance,Unknown,584.00,United States,"2021-01-28"
Simple,Portland,,"2021-01-07",1.0000,Finance,Acquired,15.00,United States,"2021-01-08"
WhiteHat Jr,"Mumbai, Non-U.S.",1800,"2021-01-06",,Education,Acquired,11.00,India,"2021-01-11"
Pulse Secure,SF Bay Area,78,"2020-12-23",,Security,Acquired,,United States,"2020-12-28"
Breather,"Montreal, Non-U.S.",120,"2020-12-16",0.8000,Real Estate,Series D,131.00,Canada,"2020-12-17"
Actifio,Boston,54,"2020-12-16",,Data,Acquired,352.00,United States,"2020-12-17"
OYO,"Gurugram, Non-U.S.",600,"2020-12-08",,Travel,Series F,3200.00,India,"2020-12-09"
Aya,"Toronto, Non-U.S.",5,"2020-11-19",0.2500,Finance,Seed,3.00,Canada,"2020-11-19"
Domio,New York City,,"2020-11-18",0.5000,Real Estate,Series B,116.00,United States,"2020-11-19"
Bridge Connector,Nashville,154,"2020-11-17",1.0000,Healthcare,Series B,45.00,United States,"2020-11-19"
Tidepool,SF Bay Area,18,"2020-11-17",0.4000,Healthcare,Unknown,,United States,"2021-01-09"
Worksmith,Austin,30,"2020-11-09",0.5000,Retail,Unknown,3.80,United States,"2020-11-12"
Rubica,Seattle,,"2020-11-05",1.0000,Security,Series A,14.00,United States,"2020-12-23"
Bossa Nova,SF Bay Area,,"2020-11-02",0.5000,Retail,Unknown,101.60,United States,"2020-11-05"
LivePerson,New York City,30,"2020-11-01",,Support,Post-IPO,42.00,United States,"2023-01-21"
Remedy,Austin,82,"2020-10-29",,Healthcare,Series A,12.50,United States,"2020-11-03"
Knotel,New York City,20,"2020-10-29",0.0800,Real Estate,Series C,560.00,United States,"2020-11-03"
CodeCombat,SF Bay Area,8,"2020-10-23",,Education,Series A,8.00,United States,"2020-10-23"
Quibi,Los Angeles,,"2020-10-21",1.0000,Media,Private Equity,1800.00,United States,"2020-10-22"
GetYourGuide,"Berlin, Non-U.S.",90,"2020-10-14",0.1700,Travel,Series E,656.00,Germany,"2020-10-16"
OLX India,"New Delhi, Non-U.S.",250,"2020-10-10",,Marketing,Acquired,28.00,India,"2020-10-12"
Alto Pharmacy,SF Bay Area,47,"2020-09-29",0.0600,Healthcare,Series D,356.00,United States,"2020-10-07"
Air,New York City,,"2020-09-16",0.1600,Marketing,Series A,18.00,United States,"2020-09-21"
NS8,Las Vegas,240,"2020-09-11",0.9500,Data,Series A,157.90,United States,"2020-09-11"
Bleacher Report,"London, Non-U.S.",20,"2020-09-11",,Media,Acquired,40.50,United Kingdom,"2020-09-12"
HubHaus,SF Bay Area,,"2020-09-11",1.0000,Real Estate,Series A,13.40,United States,"2020-09-12"
Waze,SF Bay Area,30,"2020-09-09",0.0540,Transportation,Acquired,67.00,United States,"2020-09-10"
Ouster,SF Bay Area,,"2020-09-08",0.1000,Transportation,Series B,132.00,United States,"2020-09-09"
Awok,"Dubai, Non-U.S.",,"2020-09-02",1.0000,Retail,Series A,30.00,United Arab Emirates,"2020-09-02"
Big Fish Games,Seattle,250,"2020-09-01",,Media,Acquired,95.20,United States,"2020-09-02"
GoBear,"Singapore, Non-U.S.",22,"2020-09-01",0.1100,Finance,Unknown,97.00,Singapore,"2020-09-02"
MakeMyTrip,"New Delhi, Non-U.S.",350,"2020-08-31",0.1000,Travel,Post-IPO,548.00,India,"2020-09-02"
Salesforce,SF Bay Area,1000,"2020-08-26",0.0185,Sales,Post-IPO,65.40,United States,"2020-08-26"
Superloop,"Brisbane, Non-U.S.",30,"2020-08-24",,Infrastructure,Post-IPO,36.00,Australia,"2022-06-26"
Docly,"London, Non-U.S.",8,"2020-08-19",0.8000,Healthcare,Seed,15.50,United Kingdom,"2020-08-20"
Lumina Networks,SF Bay Area,,"2020-08-18",1.0000,Infrastructure,Series A,10.00,United States,"2020-08-20"
Shopify,"Ottawa, Non-U.S.",30,"2020-08-14",,Retail,Post-IPO,122.30,Canada,"2020-08-14"
Mozilla,SF Bay Area,250,"2020-08-11",0.2500,Consumer,Unknown,2.30,United States,"2020-08-11"
Eatsy,"Singapore, Non-U.S.",20,"2020-08-08",1.0000,Food,Seed,0.98,Singapore,"2020-08-10"
Glossier,New York City,150,"2020-08-07",0.3800,Retail,Series D,186.40,United States,"2020-08-19"
Thriver,"Toronto, Non-U.S.",75,"2020-08-06",0.5000,Food,Series B,53.00,Canada,"2020-08-07"
Vesta,Atlanta,56,"2020-08-05",,Sales,Unknown,20.00,United States,"2020-08-06"
Booking.com,"Amsterdam, Non-U.S.",4375,"2020-07-30",0.2500,Travel,Acquired,,Netherlands,"2020-08-04"
Buy.com / Rakuten,SF Bay Area,87,"2020-07-30",1.0000,Retail,Acquired,42.40,United States,"2020-07-31"
Procore,Los Angeles,180,"2020-07-28",0.0900,Construction,Unknown,649.00,United States,"2020-07-28"
Swiggy,"Bengaluru, Non-U.S.",350,"2020-07-27",0.0500,Food,Series I,1600.00,India,"2020-07-28"
Zeitgold,"Berlin, Non-U.S.",75,"2020-07-27",0.7200,Finance,Series B,60.18,Germany,"2020-08-03"
Checkr,SF Bay Area,64,"2020-07-23",0.1200,HR,Series D,309.00,United States,"2020-07-24"
Sorabel,"Jakarta, Non-U.S.",,"2020-07-23",1.0000,Retail,Series B,27.00,Indonesia,"2020-07-24"
LinkedIn,SF Bay Area,960,"2020-07-21",0.0600,Recruiting,Acquired,154.00,United States,"2020-07-21"
Lighter Capital,Seattle,22,"2020-07-20",0.4900,Finance,Series B,15.00,United States,"2020-07-20"
Curefit,"Bengaluru, Non-U.S.",120,"2020-07-17",,Fitness,Series D,404.60,India,"2020-07-17"
Optimizely,SF Bay Area,60,"2020-07-15",0.1500,Marketing,Series D,251.20,United States,"2020-07-16"
Skyscanner,"Edinburgh, Non-U.S.",300,"2020-07-14",0.2000,Travel,Acquired,197.20,United Kingdom,"2020-07-14"
Yelp,SF Bay Area,63,"2020-07-13",,Consumer,Post-IPO,56.00,United States,"2020-07-13"
Bizongo,"Mumbai, Non-U.S.",140,"2020-07-10",,Logistics,Series C,70.00,India,"2020-07-13"
Zilingo,"Singapore, Non-U.S.",100,"2020-07-09",0.1200,Retail,Series D,307.00,Singapore,"2020-07-09"
PaySense,"Mumbai, Non-U.S.",40,"2020-07-09",,Finance,Acquired,25.60,India,"2020-07-10"
Funding Circle,SF Bay Area,85,"2020-07-08",,Finance,Post-IPO,746.00,United States,"2020-07-09"
The Wing,New York City,56,"2020-07-01",,Real Estate,Series C,117.00,United States,"2020-07-09"
Sharethrough,SF Bay Area,18,"2020-07-01",,Marketing,Series D,38.00,United States,"2020-07-02"
Kongregate,SF Bay Area,12,"2020-07-01",,Media,Series C,19.00,United States,"2020-07-03"
Havenly,Denver,5,"2020-07-01",,Consumer,Series C,57.80,United States,"2020-07-02"
G2,Chicago,17,"2020-06-30",0.0500,Marketing,Series C,100.80,United States,"2020-07-01"
Katerra,SF Bay Area,400,"2020-06-29",0.0700,Construction,Series E,1300.00,United States,"2020-06-30"
Bounce,"Bengaluru, Non-U.S.",130,"2020-06-29",0.2200,Transportation,Series D,214.20,India,"2020-06-30"
Argo AI,"Munich, Non-U.S.",100,"2020-06-29",,Transportation,Unknown,3600.00,Germany,"2020-06-29"
Bossa Nova,SF Bay Area,61,"2020-06-29",,Retail,Unknown,101.60,United States,"2020-06-30"
New Relic,Portland,20,"2020-06-29",,Infrastructure,Post-IPO,214.50,United States,"2020-06-30"
Engine eCommerce,Fayetteville,,"2020-06-28",1.0000,Retail,Unknown,4.00,United States,"2020-07-09"
GoDaddy,Austin,451,"2020-06-24",0.0600,Marketing,Post-IPO,,United States,"2020-06-25"
Sonos,New York City,174,"2020-06-24",0.1200,Consumer,Post-IPO,455.20,United States,"2020-06-25"
Gojek,"Jakarta, Non-U.S.",430,"2020-06-23",0.0900,Transportation,Series F,4800.00,Indonesia,"2020-06-23"
ScaleFactor,Austin,90,"2020-06-23",0.9000,Finance,Series C,103.00,United States,"2020-06-23"
Dark,SF Bay Area,6,"2020-06-23",1.0000,Product,Seed,3.00,United States,"2020-06-29"
Intuit,SF Bay Area,715,"2020-06-22",0.0700,Finance,Post-IPO,18.00,United States,"2020-06-22"
WeWork,"London, Non-U.S.",200,"2020-06-19",,Real Estate,Series H,19500.00,United Kingdom,"2020-06-27"
Atlas Obscura ,New York City,15,"2020-06-18",,Media,Series B,32.00,United States,"2020-06-23"
Navi,"Bengaluru, Non-U.S.",40,"2020-06-17",0.2500,Finance,Private Equity,582.00,India,"2020-06-20"
PaisaBazaar,"Gurugram, Non-U.S.",1500,"2020-06-16",0.5000,Finance,Series G,496.00,India,"2020-06-16"
Grab,"Singapore, Non-U.S.",360,"2020-06-16",0.0500,Transportation,Series I,9900.00,Singapore,"2020-06-16"
Splunk,SF Bay Area,70,"2020-06-16",0.0100,Data,Post-IPO,40.00,United States,"2020-06-18"
Redox,Madison,44,"2020-06-16",0.2500,Healthcare,Series C,50.00,United States,"2020-06-23"
Conga,Denver,,"2020-06-15",0.1100,Data,Acquired,117.00,United States,"2020-06-23"
Stockwell AI,SF Bay Area,,"2020-06-15",1.0000,Retail,Series B,10.00,United States,"2020-06-16"
Uber,"Amsterdam, Non-U.S.",225,"2020-06-12",0.2500,Transportation,Post-IPO,24700.00,Netherlands,"2020-06-27"
SynapseFI,SF Bay Area,63,"2020-06-12",0.4800,Finance,Series B,50.00,United States,"2020-06-13"
ScaleFocus,"Sofia, Non-U.S.",120,"2020-06-11",0.1000,Infrastructure,Unknown,,Bulgaria,"2020-06-11"
Branch,New York City,3,"2020-06-11",0.2700,Retail,Seed,2.00,United States,"2020-06-11"
Her Campus Media,Boston,10,"2020-06-10",0.1800,Media,Unknown,,United States,"2020-06-10"
Integrate.ai,"Toronto, Non-U.S.",26,"2020-06-09",,Support,Unknown,39.60,Canada,"2020-06-30"
The Athletic,SF Bay Area,46,"2020-06-05",0.0800,Media,Series D,139.00,United States,"2020-06-05"
Ethos Life,SF Bay Area,18,"2020-06-05",0.1400,Finance,Series C,106.00,United States,"2020-06-06"
Lastline,SF Bay Area,50,"2020-06-04",0.4000,Security,Series C,52.00,United States,"2020-06-04"
Builder,Los Angeles,39,"2020-06-04",0.1400,Product,Series A,29.00,United States,"2020-06-04"
Monzo,"London, Non-U.S.",120,"2020-06-03",0.0800,Finance,Series F,324.00,United Kingdom,"2020-06-03"
Kitty Hawk,SF Bay Area,70,"2020-06-03",,Aerospace,Unknown,1.00,United States,"2020-06-03"
SpotHero,Chicago,40,"2020-06-03",0.2100,Transportation,Series D,117.00,United States,"2020-06-03"
Credit Sesame,SF Bay Area,22,"2020-06-03",0.1400,Finance,Series F,120.00,United States,"2020-06-04"
Circ,"Berlin, Non-U.S.",100,"2020-06-02",,Transportation,Acquired,55.00,Germany,"2020-06-03"
Rivian,Detroit,40,"2020-06-02",0.0200,Transportation,Private Equity,3100.00,United States,"2020-06-03"
Fundbox,SF Bay Area,14,"2020-06-02",0.1500,Finance,Series C,453.00,United States,"2020-06-02"
Descartes Labs,Santa Fe,12,"2020-06-02",0.1600,Data,Series B,58.00,United States,"2020-06-03"
MakerBot,New York City,12,"2020-06-02",,Consumer,Acquired,10.00,United States,"2020-06-02"
Stitch Fix,SF Bay Area,1400,"2020-06-01",0.1800,Retail,Post-IPO,79.00,United States,"2020-06-02"
MakeMyTrip,"Gurugram, Non-U.S.",350,"2020-06-01",0.1000,Travel,Post-IPO,548.00,India,"2020-06-03"
CrowdStreet,Portland,24,"2020-06-01",0.2200,Real Estate,Series C,24.00,United States,"2020-06-02"
Brex,SF Bay Area,62,"2020-05-29",0.1500,Finance,Series C,732.00,United States,"2020-05-29"
Loftium,Seattle,32,"2020-05-29",0.6000,Real Estate,Series A,17.00,United States,"2020-05-29"
BookMyShow,"Mumbai, Non-U.S.",270,"2020-05-28",0.1800,Consumer,Unknown,224.00,India,"2020-05-28"
TrueCar,Los Angeles,219,"2020-05-28",0.3000,Transportation,Post-IPO,340.00,United States,"2020-05-29"
StubHub,SF Bay Area,200,"2020-05-28",,Consumer,Acquired,19.00,United States,"2020-06-18"
Culture Amp,"Melbourne, Non-U.S.",36,"2020-05-28",0.0800,HR,Series E,157.00,Australia,"2020-05-28"
The Sill,New York City,20,"2020-05-28",0.2500,Retail,Series A,7.00,United States,"2020-05-29"
Instructure,Salt Lake City,150,"2020-05-27",0.1200,Education,Acquired,89.00,United States,"2020-05-27"
Ebanx,"Curitiba, Non-U.S.",62,"2020-05-27",0.0800,Finance,Unknown,30.00,Brazil,"2020-06-01"
Uber,Bengaluru,600,"2020-05-26",0.2300,Transportation,Post-IPO,24700.00,India,"2020-05-26"
Bluprint,Denver,137,"2020-05-26",1.0000,Education,Acquired,108.00,United States,"2020-05-27"
Acorns,Portland,50,"2020-05-26",,Finance,Unknown,207.00,United States,"2020-05-30"
CarDekho,"Gurugram, Non-U.S.",200,"2020-05-25",,Transportation,Series D,247.00,India,"2020-05-26"
Teamwork,"Cork, Non-U.S.",21,"2020-05-22",,Other,Unknown,,Ireland,"2020-05-24"
Cvent,Washington D.C.,400,"2020-05-21",0.1000,Marketing,Acquired,146.00,United States,"2020-05-22"
PickYourTrail,"Chennai, Non-U.S.",70,"2020-05-21",0.3500,Travel,Series A,3.00,India,"2020-09-14"
Glitch,New York City,18,"2020-05-21",0.3600,Product,Series A,30.00,United States,"2020-05-22"
Ola,"Bengaluru, Non-U.S.",1400,"2020-05-20",0.3500,Transportation,Series J,3800.00,India,"2020-05-20"
Samsara,SF Bay Area,300,"2020-05-20",0.1800,Logistics,Series F,530.00,United States,"2020-05-20"
Stay Alfred,Spokane,221,"2020-05-20",1.0000,Travel,Series B,62.00,United States,"2020-05-21"
SoFi,SF Bay Area,112,"2020-05-20",0.0700,Finance,Private Equity,2500.00,United States,"2020-05-20"
ShareChat,"Bengaluru, Non-U.S.",101,"2020-05-20",0.2500,Marketing,Series D,222.00,India,"2020-05-20"
Intercom,SF Bay Area,39,"2020-05-20",0.0600,Support,Series D,240.00,United States,"2020-05-20"
Livspace,"Bengaluru, Non-U.S.",450,"2020-05-19",0.1500,Retail,Series D,157.00,India,"2020-05-19"
Pollen,"London, Non-U.S.",69,"2020-05-19",0.3100,Travel,Series B,88.00,United Kingdom,"2020-05-19"
Dotscience,"London, Non-U.S.",10,"2020-05-19",1.0000,Product,Unknown,,United Kingdom,"2020-05-20"
Uber,SF Bay Area,3000,"2020-05-18",0.1300,Transportation,Post-IPO,24700.00,United States,"2020-05-18"
Agoda,"Singapore, Non-U.S.",1500,"2020-05-18",0.2500,Travel,Acquired,,Singapore,"2020-05-19"
Swiggy,"Bengaluru, Non-U.S.",1100,"2020-05-18",0.1400,Food,Series I,1600.00,India,"2020-05-18"
WeWork,"New Delhi, Non-U.S.",100,"2020-05-18",0.2000,Real Estate,Series H,19500.00,India,"2020-05-19"
Rubrik,SF Bay Area,57,"2020-05-18",,Infrastructure,Series E,553.00,United States,"2020-06-25"
Intapp,SF Bay Area,45,"2020-05-18",0.0500,Legal,Private Equity,,United States,"2020-05-19"
Datera,SF Bay Area,,"2020-05-18",0.1000,Infrastructure,Series C,63.00,United States,"2020-05-18"
Magicbricks,"Noida, Non-U.S.",250,"2020-05-17",,Real Estate,Unknown,300.00,India,"2020-05-19"
Zomato,"Gurugram, Non-U.S.",520,"2020-05-15",0.1300,Food,Series J,914.00,India,"2020-05-15"
Lendingkart,"Ahmedabad, Non-U.S.",500,"2020-05-15",0.5000,Finance,Unknown,200.00,India,"2020-05-15"
Lattice,SF Bay Area,16,"2020-05-15",0.1000,HR,Series C,49.00,United States,"2020-05-29"
Masse,New York City,,"2020-05-15",1.0000,Retail,Seed,3.00,United States,"2020-05-20"
Cruise,SF Bay Area,150,"2020-05-14",0.0800,Transportation,Acquired,5300.00,United States,"2020-05-14"
Quartz,New York City,80,"2020-05-14",0.4000,Media,Acquired,,United States,"2020-05-14"
Integral Ad Science,New York City,70,"2020-05-14",0.1000,Marketing,Acquired,116.00,United States,"2020-05-14"
Ridecell,SF Bay Area,35,"2020-05-14",0.1500,Transportation,Series B,73.00,United States,"2020-05-19"
Veem,SF Bay Area,30,"2020-05-14",,Finance,Unknown,69.00,United States,"2020-05-15"
TicketSwap,"Amsterdam, Non-U.S.",,"2020-05-14",0.3000,Consumer,Unknown,8.00,Netherlands,"2023-07-13"
Deliv,SF Bay Area,669,"2020-05-13",1.0000,Retail,Series C,80.00,United States,"2020-05-07"
Mercos,"Joinville, Non-U.S.",51,"2020-05-13",0.4000,Sales,Unknown,2.00,Brazil,"2020-05-13"
Kickstarter,New York City,25,"2020-05-13",0.1800,Finance,Unknown,10.00,United States,"2020-05-13"
Intersect,"Toronto, Non-U.S.",19,"2020-05-13",0.1100,Product,Acquired,,Canada,"2020-05-13"
Mode Analytics,SF Bay Area,17,"2020-05-13",,Data,Series C,46.00,United States,"2020-05-13"
WeFit,"Hanoi, Non-U.S.",,"2020-05-13",1.0000,Fitness,Seed,1.00,Vietnam,"2020-05-14"
Zymergen ,SF Bay Area,,"2020-05-13",0.1000,Other,Series C,574.00,United States,"2020-05-29"
Stone,"Sao Paulo, Non-U.S.",1300,"2020-05-12",0.2000,Finance,Post-IPO,,Brazil,"2020-05-13"
Zeus Living,SF Bay Area,73,"2020-05-12",0.5000,Real Estate,Series B,79.00,United States,"2020-05-12"
Mixpanel,SF Bay Area,65,"2020-05-12",0.1900,Data,Series B,77.00,United States,"2020-05-13"
Hireology,Chicago,36,"2020-05-12",0.1700,Recruiting,Series D,52.00,United States,"2020-05-13"
Top Hat,"Toronto, Non-U.S.",16,"2020-05-12",0.0300,Education,Series D,104.00,Canada,"2020-05-12"
Revolut,"London, Non-U.S.",60,"2020-05-11",0.0300,Finance,Series D,837.00,United Kingdom,"2020-05-20"
Cadre,New York City,28,"2020-05-11",0.2500,Real Estate,Series C,133.00,United States,"2020-05-11"
N26,New York City,9,"2020-05-08",0.0100,Finance,Series D,782.00,United States,"2020-05-12"
Jump,New York City,500,"2020-05-07",1.0000,Transportation,Acquired,11.00,United States,"2020-05-08"
Glassdoor,SF Bay Area,300,"2020-05-07",0.3000,Recruiting,Acquired,204.00,United States,"2020-05-07"
Numbrs,"Zurich, Non-U.S.",62,"2020-05-07",0.5000,Finance,Series B,78.00,Switzerland,"2020-05-08"
Flywire,Boston,60,"2020-05-07",0.1200,Finance,Series E,263.00,United States,"2020-05-07"
SalesLoft,Atlanta,55,"2020-05-07",,Sales,Series D,145.00,United States,"2020-05-08"
Tally,SF Bay Area,28,"2020-05-07",0.2300,Finance,Series C,92.00,United States,"2020-05-11"
Airy Rooms,"Jakarta, Non-U.S.",,"2020-05-07",1.0000,Travel,Unknown,,Indonesia,"2020-06-04"
Uber,SF Bay Area,3700,"2020-05-06",0.1400,Transportation,Post-IPO,24700.00,United States,"2020-05-06"
Validity,Boston,130,"2020-05-06",0.3300,Data,Private Equity,,United States,"2020-05-07"
Flatiron School,New York City,100,"2020-05-06",,Education,Acquired,15.00,United States,"2020-05-07"
Rubicon Project,Los Angeles,50,"2020-05-06",0.0800,Marketing,Post-IPO,60.00,United States,"2020-05-07"
Segment,SF Bay Area,50,"2020-05-06",0.1000,Data,Series D,283.00,United States,"2020-05-07"
OPay,"Lagos, Non-U.S.",,"2020-05-06",0.7000,Finance,Series B,170.00,Nigeria,"2020-05-15"
Airbnb,SF Bay Area,1900,"2020-05-05",0.2500,Travel,Private Equity,5400.00,United States,"2020-05-05"
Juul,SF Bay Area,900,"2020-05-05",0.3000,Consumer,Unknown,1500.00,United States,"2020-05-06"
Andela,New York City,135,"2020-05-05",0.1000,Recruiting,Series D,181.00,United States,"2020-05-06"
Stack Overflow,New York City,40,"2020-05-05",0.1500,Recruiting,Series D,68.00,United States,"2020-05-07"
Pipedrive,"Tallinn, Non-U.S.",31,"2020-05-05",,Sales,Series C,90.00,Estonia,"2020-05-07"
Workable,Boston,25,"2020-05-05",0.1000,Recruiting,Series C,84.00,United States,"2020-05-06"
Curefit,"Bengaluru, Non-U.S.",800,"2020-05-04",0.1600,Fitness,Series D,404.00,India,"2020-05-04"
Careem,"Dubai, Non-U.S.",536,"2020-05-04",0.3100,Transportation,Acquired,771.00,United Arab Emirates,"2020-05-04"
Oriente,"Hong Kong, Non-U.S.",400,"2020-05-04",0.2000,Finance,Series B,175.00,Hong Kong,"2020-05-05"
Veriff,"Tallinn, Non-U.S.",63,"2020-05-04",0.2100,Security,Series A,7.00,Estonia,"2020-05-05"
Element AI,"Montreal, Non-U.S.",62,"2020-05-04",0.1500,Other,Series B,257.00,Canada,"2020-05-06"
Deputy,"Sydney, Non-U.S.",60,"2020-05-04",0.3000,HR,Series B,106.00,Australia,"2020-05-18"
Loopio,"Toronto, Non-U.S.",11,"2020-05-04",0.0800,Sales,Series A,11.00,Canada,"2020-05-07"
Castlight Health,SF Bay Area,,"2020-05-04",0.1300,Healthcare,Post-IPO,184.00,United States,"2020-05-10"
Trax,"Tel Aviv, Non-U.S.",120,"2020-05-03",0.1000,Retail,Series D,386.00,Israel,"2020-05-17"
LiveTiles,New York City,50,"2020-05-03",,Other,Post-IPO,46.00,United States,"2020-05-09"
OYO,"London, Non-U.S.",150,"2020-05-01",,Travel,Series F,2400.00,United Kingdom,"2020-05-04"
Namely,New York City,110,"2020-05-01",0.4000,HR,Series E,217.00,United States,"2020-05-02"
Culture Trip,"London, Non-U.S.",95,"2020-05-01",0.3200,Media,Series B,102.00,United Kingdom,"2020-05-01"
Sandbox VR,SF Bay Area,80,"2020-05-01",0.8000,Consumer,Series A,82.00,United States,"2020-05-01"
Virtudent,Boston,70,"2020-05-01",,Healthcare,Series A,10.00,United States,"2020-05-01"
Monese,"Lisbon, Non-U.S.",35,"2020-05-01",,Finance,Unknown,80.00,Portugal,"2020-06-01"
TheSkimm,New York City,26,"2020-05-01",0.2000,Media,Series C,28.00,United States,"2020-05-02"
Automatic,SF Bay Area,,"2020-05-01",1.0000,Transportation,Acquired,24.00,United States,"2020-05-01"
Bullhorn,Boston,100,"2020-04-30",,Sales,Acquired,32.00,United States,"2020-05-02"
Care.com,Boston,81,"2020-04-30",,Consumer,Acquired,156.00,United States,"2020-05-01"
Fandom,SF Bay Area,,"2020-04-30",0.1400,Media,Series E,145.00,United States,"2020-05-01"
PicoBrew,Seattle,,"2020-04-30",1.0000,Food,Series A,15.00,United States,"2020-05-01"
Lyft,SF Bay Area,982,"2020-04-29",0.1700,Transportation,Post-IPO,4900.00,United States,"2020-04-29"
WeWork,SF Bay Area,300,"2020-04-29",,Real Estate,Series H,2250.00,United States,"2020-04-28"
Kayak / OpenTable,Stamford,160,"2020-04-29",0.0800,Travel,Acquired,229.00,United States,"2020-04-30"
Kitopi,New York City,124,"2020-04-29",,Food,Series B,89.00,United States,"2020-04-29"
Lime,SF Bay Area,80,"2020-04-29",0.1300,Transportation,Series D,765.00,United States,"2020-04-29"
Transfix,New York City,24,"2020-04-29",0.1000,Logistics,Series D,128.00,United States,"2020-04-29"
TripAdvisor,Boston,900,"2020-04-28",0.2500,Travel,Post-IPO,3.00,United States,"2020-04-28"
Renmoney,"Lagos, Non-U.S.",391,"2020-04-28",0.5000,Finance,Unknown,,Nigeria,"2020-05-15"
Deliveroo,"London, Non-U.S.",367,"2020-04-28",0.1500,Food,Series G,1500.00,United Kingdom,"2020-04-28"
App Annie,SF Bay Area,80,"2020-04-28",0.1800,Data,Unknown,156.00,United States,"2020-04-28"
OpenX,Los Angeles,35,"2020-04-28",0.1500,Marketing,Unknown,70.00,United States,"2020-04-29"
PayJoy,SF Bay Area,27,"2020-04-28",0.2500,Finance,Series B,71.00,United States,"2020-05-27"
Shipsi,Los Angeles,20,"2020-04-28",0.5000,Retail,Seed,2.00,United States,"2020-04-28"
Migo,SF Bay Area,,"2020-04-28",0.2500,Finance,Series B,37.00,United States,"2020-05-29"
Automation Anywhere,SF Bay Area,260,"2020-04-27",0.1000,Other,Series B,840.00,United States,"2020-04-27"
JetClosing,Seattle,20,"2020-04-27",0.2000,Real Estate,Series A,24.00,United States,"2020-04-28"
Qwick,Phoenix,,"2020-04-27",0.7000,Recruiting,Seed,4.00,United States,"2020-04-28"
OYO,"Sao Paulo, Non-U.S.",500,"2020-04-25",,Travel,Series F,2400.00,Brazil,"2020-05-11"
Stoqo,"Jakarta, Non-U.S.",250,"2020-04-25",1.0000,Food,Series A,,Indonesia,"2020-04-26"
Submittable,Missoula,30,"2020-04-25",0.2000,Other,Series B,17.00,United States,"2020-05-14"
Divergent 3D,Los Angeles,57,"2020-04-24",0.3600,Transportation,Series B,88.00,United States,"2020-04-24"
Ada Support,"Toronto, Non-U.S.",36,"2020-04-24",0.2300,Support,Series B,60.00,Canada,"2020-04-24"
UPshow,Chicago,19,"2020-04-24",0.3000,Marketing,Series A,7.00,United States,"2020-04-25"
Lighter Capital,Seattle,18,"2020-04-24",0.2200,Finance,Series B,15.00,United States,"2020-04-27"
Horizn Studios,"Berlin, Non-U.S.",15,"2020-04-24",0.2500,Travel,Series B,30.00,Germany,"2020-04-27"
Welkin Health,SF Bay Area,10,"2020-04-24",0.3300,Healthcare,Series B,29.00,United States,"2020-09-16"
Jiobit,Chicago,6,"2020-04-24",0.2100,Consumer,Unknown,12.00,United States,"2020-04-25"
TutorMundi,"Sao Paulo, Non-U.S.",4,"2020-04-24",1.0000,Education,Series A,2.00,Brazil,"2020-05-03"
StockX,Detroit,100,"2020-04-23",0.1200,Retail,Series C,160.00,United States,"2020-04-24"
Zenefits,SF Bay Area,87,"2020-04-23",0.1500,HR,Series C,583.00,United States,"2020-04-24"
Sisense,New York City,80,"2020-04-23",0.0900,Data,Series F,274.00,United States,"2020-04-23"
Oscar Health,New York City,70,"2020-04-23",0.0500,Healthcare,Unknown,1300.00,United States,"2020-04-24"
Simon Data,New York City,6,"2020-04-23",,Marketing,Series C,68.00,United States,"2020-05-15"
Convoy,Seattle,,"2020-04-23",0.0100,Logistics,Series D,665.00,United States,"2020-04-30"
Magic Leap,Miami,1000,"2020-04-22",0.5000,Consumer,Series E,2600.00,United States,"2020-04-22"
When I Work,Minneapolis,55,"2020-04-22",0.3500,HR,Series B,24.00,United States,"2020-04-23"
Ike,SF Bay Area,10,"2020-04-22",0.1400,Transportation,Series A,52.00,United States,"2020-04-22"
Airy Rooms,"Jakarta, Non-U.S.",,"2020-04-22",0.7000,Travel,Unknown,,Indonesia,"2020-05-10"
Nearmap,"Sydney, Non-U.S.",,"2020-04-22",0.1000,Construction,Post-IPO,15.00,Australia,"2020-05-10"
Swiggy,"Bengaluru, Non-U.S.",800,"2020-04-21",,Food,Series I,1600.00,India,"2020-04-22"
Paytm,"New Delhi, Non-U.S.",500,"2020-04-21",,Finance,Unknown,2200.00,India,"2020-04-22"
Lending Club,SF Bay Area,460,"2020-04-21",0.3000,Finance,Post-IPO,392.00,United States,"2020-04-21"
Houzz,SF Bay Area,155,"2020-04-21",0.1000,Consumer,Series E,613.00,United States,"2020-04-21"
Casper,New York City,78,"2020-04-21",0.2100,Retail,Post-IPO,339.00,United States,"2020-04-21"
RealSelf,Seattle,40,"2020-04-21",0.1300,Healthcare,Series B,42.00,United States,"2020-04-22"
Freshbooks,"Toronto, Non-U.S.",38,"2020-04-21",0.0900,Finance,Series B,75.00,Canada,"2020-04-22"
Patreon,SF Bay Area,30,"2020-04-21",0.1300,Media,Series D,165.00,United States,"2020-04-21"
Lambda School,SF Bay Area,19,"2020-04-21",,Education,Series B,48.00,United States,"2020-04-22"
Politico / Protocol,Washington D.C.,13,"2020-04-21",,Media,Unknown,,United States,"2020-04-22"
Bringg,"Tel Aviv, Non-U.S.",10,"2020-04-21",0.1000,Logistics,Series D,84.00,Israel,"2020-04-23"
Klook,"Hong Kong, Non-U.S.",300,"2020-04-20",0.1500,Travel,Series D,521.00,Hong Kong,"2020-05-06"
ConsenSys,New York City,91,"2020-04-20",0.1400,Crypto,Unknown,10.00,United States,"2020-04-21"
GumGum,Los Angeles,90,"2020-04-20",0.2500,Marketing,Series D,58.00,United States,"2020-04-24"
Kueski,"Guadalajara, Non-U.S.",90,"2020-04-20",0.3000,Finance,Series B,38.00,Mexico,"2020-04-21"
Movidesk,"Blumenau, Non-U.S.",33,"2020-04-20",0.2500,Support,Seed,1.00,Brazil,"2020-04-27"
Zum,SF Bay Area,28,"2020-04-20",,Transportation,Series C,71.00,United States,"2020-04-23"
Komodo Health,SF Bay Area,23,"2020-04-20",0.0900,Healthcare,Series C,50.00,United States,"2020-04-21"
Forward,SF Bay Area,10,"2020-04-20",0.0300,Healthcare,Series C,100.00,United States,"2020-04-21"
Hipcamp,SF Bay Area,,"2020-04-20",0.6000,Travel,Series B,40.50,United States,"2020-08-27"
Motif Investing,SF Bay Area,,"2020-04-18",1.0000,Finance,Series E,126.00,United States,"2020-05-03"
BlackBuck,"Bengaluru, Non-U.S.",200,"2020-04-17",,Logistics,Series D,293.00,India,"2020-04-19"
ContaAzul,"Joinville, Non-U.S.",140,"2020-04-17",0.3500,Education,Series D,37.00,Brazil,"2020-04-27"
Greenhouse,New York City,120,"2020-04-17",0.2800,Recruiting,Series D,110.00,United States,"2020-04-17"
QuintoAndar,"Sao Paulo, Non-U.S.",88,"2020-04-17",0.0800,Real Estate,Series D,335.00,Brazil,"2020-04-18"
Loft,"Sao Paulo, Non-U.S.",47,"2020-04-17",0.1000,Real Estate,Series C,263.00,Brazil,"2020-04-18"
Zilingo,"Singapore, Non-U.S.",44,"2020-04-17",0.0500,Retail,Series D,307.00,Singapore,"2020-04-19"
Labster,"Copenhagen, Non-U.S.",40,"2020-04-17",,Education,Series B,34.00,Denmark,"2020-04-27"
Sweetgreen,Los Angeles,35,"2020-04-17",0.1000,Food,Series I,478.00,United States,"2020-04-17"
People.ai,SF Bay Area,30,"2020-04-17",0.1800,Marketing,Series C,100.00,United States,"2020-04-17"
Tor,Boston,13,"2020-04-17",0.3700,Security,Unknown,1.00,United States,"2020-04-18"
BitGo,SF Bay Area,,"2020-04-17",0.1200,Crypto,Series B,69.00,United States,"2020-04-30"
Dispatch,Boston,,"2020-04-17",0.3800,Other,Series A,18.00,United States,"2020-04-19"
CarGurus,Boston,130,"2020-04-16",0.1300,Transportation,Post-IPO,1.00,United States,"2020-04-16"
Funding Societies,"Singapore, Non-U.S.",65,"2020-04-16",0.1800,Finance,Series B,42.00,Singapore,"2020-04-19"
CleverTap,"Mumbai, Non-U.S.",60,"2020-04-16",0.2000,Marketing,Series C,76.00,India,"2020-04-21"
Purse,SF Bay Area,,"2020-04-16",1.0000,Crypto,Seed,1.00,United States,"2020-04-16"
Opendoor,SF Bay Area,600,"2020-04-15",0.3500,Real Estate,Series E,1500.00,United States,"2020-04-15"
GoPro,SF Bay Area,200,"2020-04-15",0.2000,Consumer,Post-IPO,288.00,United States,"2020-04-15"
Shop101,"Mumbai, Non-U.S.",200,"2020-04-15",0.4000,Retail,Series C,19.00,India,"2020-04-21"
Zume,SF Bay Area,200,"2020-04-15",0.6700,Food,Unknown,423.00,United States,"2020-04-15"
Carta,SF Bay Area,161,"2020-04-15",0.1600,Finance,Series E,447.00,United States,"2020-04-15"
Akulaku,"Jakarta, Non-U.S.",100,"2020-04-15",,Finance,Series D,160.00,Indonesia,"2020-04-20"
Parsable,SF Bay Area,40,"2020-04-15",0.2500,HR,Series C,72.00,United States,"2020-04-28"
Kodiak Robotics,SF Bay Area,15,"2020-04-15",0.2000,Transportation,Series A,40.00,United States,"2020-04-16"
Tulip Retail,"Toronto, Non-U.S.",14,"2020-04-15",,Retail,Series B,51.00,Canada,"2020-04-16"
Trove Recommerce,SF Bay Area,13,"2020-04-15",,Retail,Series C,34.00,United States,"2020-04-22"
Dude Solutions,Raleigh,,"2020-04-15",0.2000,Other,Acquired,100.00,United States,"2020-04-16"
SweetEscape,"Jakarta, Non-U.S.",,"2020-04-15",0.3000,Consumer,Series A,7.00,Indonesia,"2020-04-20"
The RealReal,SF Bay Area,235,"2020-04-14",0.1000,Retail,Post-IPO,358.00,United States,"2020-04-15"
TouchBistro,"Toronto, Non-U.S.",131,"2020-04-14",0.2300,Food,Series E,224.00,Canada,"2020-04-14"
Envoy,SF Bay Area,58,"2020-04-14",0.3000,HR,Series B,59.00,United States,"2020-04-15"
VSCO,SF Bay Area,45,"2020-04-14",0.3500,Consumer,Series B,90.00,United States,"2020-04-14"
Skillz,SF Bay Area,21,"2020-04-14",,Consumer,Series D,132.00,United States,"2020-04-24"
DataStax,SF Bay Area,15,"2020-04-14",,Data,Series E,190.00,United States,"2020-04-15"
Xerpa,"Sao Paulo, Non-U.S.",10,"2020-04-14",,HR,Unknown,5.00,Brazil,"2020-04-14"
Groupon,Chicago,2800,"2020-04-13",0.4400,Retail,Post-IPO,1400.00,United States,"2020-04-13"
Zoox,SF Bay Area,100,"2020-04-13",0.1000,Transportation,Series B,955.00,United States,"2020-04-14"
Neon,"Sao Paulo, Non-U.S.",70,"2020-04-13",0.1000,Finance,Series B,120.00,Brazil,"2020-04-14"
EasyPost,SF Bay Area,50,"2020-04-13",0.2500,Logistics,Series A,12.00,United States,"2020-04-14"
Clearbanc,"Toronto, Non-U.S.",17,"2020-04-13",0.0800,Finance,Series B,119.00,Canada,"2020-04-13"
Meow Wolf,Santa Fe,201,"2020-04-10",,Media,Unknown,185.00,United States,"2020-04-12"
Frontdesk,Milwaukee,35,"2020-04-10",0.1600,Travel,Unknown,3.00,United States,"2020-04-11"
BeeTech,"Sao Paulo, Non-U.S.",30,"2020-04-10",,Finance,Series B,14.00,Brazil,"2020-04-29"
Built In,Chicago,28,"2020-04-10",,Recruiting,Series C,29.00,United States,"2020-05-14"
NuoDB,Boston,20,"2020-04-10",0.2900,Data,Unknown,85.00,United States,"2020-04-11"
Rhumbix,SF Bay Area,16,"2020-04-10",0.2700,Construction,Series B,35.00,United States,"2020-04-13"
Atsu,Seattle,6,"2020-04-10",1.0000,Infrastructure,Unknown,1.00,United States,"2020-04-17"
Geekwire,Seattle,5,"2020-04-10",0.3100,Media,Unknown,,United States,"2020-04-12"
Yelp,SF Bay Area,1000,"2020-04-09",0.1700,Consumer,Post-IPO,56.00,United States,"2020-04-09"
Monzo,Las Vegas,165,"2020-04-09",,Finance,Series F,324.00,United States,"2020-04-09"
OneTrust,Atlanta,150,"2020-04-09",0.1000,Legal,Series B,410.00,United States,"2020-04-10"
Omie,"Sao Paulo, Non-U.S.",136,"2020-04-09",0.3100,Finance,Series B,26.00,Brazil,"2020-04-09"
Domo,Salt Lake City,90,"2020-04-09",0.1000,Data,Post-IPO,689.00,United States,"2020-04-11"
Matterport,SF Bay Area,90,"2020-04-09",0.3400,Data,Series D,114.00,United States,"2020-04-14"
Clinc,Ann Arbor,40,"2020-04-09",0.3200,Support,Series B,59.00,United States,"2020-04-02"
Mejuri,"Toronto, Non-U.S.",36,"2020-04-09",0.1500,Retail,Series B,28.00,Canada,"2020-04-10"
Code42,Minneapolis,25,"2020-04-09",0.0500,Data,Series B,137.50,United States,"2020-09-08"
Lighthouse Labs,"Toronto, Non-U.S.",14,"2020-04-09",0.0700,Education,Unknown,,Canada,"2020-04-10"
LoopMe,"London, Non-U.S.",8,"2020-04-09",0.0400,Marketing,Unknown,32.00,United Kingdom,"2020-04-10"
Elliptic,"London, Non-U.S.",,"2020-04-09",0.3000,Crypto,Series B,40.00,United Kingdom,"2020-04-30"
Eventbrite,SF Bay Area,500,"2020-04-08",0.4500,Consumer,Post-IPO,332.00,United States,"2020-04-08"
Meesho,"Bengaluru, Non-U.S.",200,"2020-04-08",0.2800,Retail,Series D,215.00,India,"2020-04-10"
Scoop,SF Bay Area,92,"2020-04-08",0.3300,Transportation,Series C,95.00,United States,"2020-04-09"
Unison,SF Bay Area,89,"2020-04-08",0.4500,Finance,Series B,40.00,United States,"2020-04-04"
Lever,SF Bay Area,86,"2020-04-08",0.4000,Recruiting,Series C,72.00,United States,"2020-04-09"
Unbabel,"Lisbon, Non-U.S.",80,"2020-04-08",0.3500,Support,Series C,91.00,Portugal,"2020-04-09"
Button,New York City,48,"2020-04-08",0.3500,Marketing,Series C,64.00,United States,"2020-04-10"
Eden / Managed By Q,New York City,40,"2020-04-08",0.4000,Real Estate,Series B,40.00,United States,"2020-04-08"
Quantcast,SF Bay Area,30,"2020-04-08",0.0500,Marketing,Series C,65.00,United States,"2020-04-08"
BVAccel,San Diego,25,"2020-04-08",0.2500,Marketing,Unknown,,United States,"2020-04-12"
VideoAmp,Los Angeles,21,"2020-04-08",0.1000,Marketing,Series C,106.00,United States,"2020-04-10"
Kenoby,"Sao Paulo, Non-U.S.",18,"2020-04-08",0.1600,Recruiting,Unknown,23.00,Brazil,"2020-04-12"
Connected,"Toronto, Non-U.S.",17,"2020-04-08",0.1000,Product,Unknown,,Canada,"2020-04-11"
GetNinjas,"Sao Paulo, Non-U.S.",11,"2020-04-08",0.1000,Consumer,Series B,16.00,Brazil,"2020-04-12"
Spyce,Boston,4,"2020-04-08",0.1200,Food,Series A,26.00,United States,"2020-04-08"
Creditas,"Sao Paulo, Non-U.S.",,"2020-04-08",0.0600,Finance,Series D,314.00,Brazil,"2020-04-12"
RedDoorz,"Singapore, Non-U.S.",,"2020-04-08",0.1000,Travel,Series C,134.00,Singapore,"2020-05-10"
Zola,New York City,,"2020-04-08",0.2000,Retail,Series D,140.00,United States,"2020-04-08"
Toast,Boston,1300,"2020-04-07",0.5000,Food,Series F,902.00,United States,"2020-04-07"
ezCater,Boston,400,"2020-04-07",0.4400,Food,Series D,319.00,United States,"2020-04-07"
Sage Therapeutics,Boston,340,"2020-04-07",0.5300,Healthcare,Post-IPO,438.00,United States,"2020-04-08"
Redfin,Seattle,236,"2020-04-07",0.0700,Real Estate,Post-IPO,319.00,United States,"2020-04-07"
Branch Metrics,SF Bay Area,100,"2020-04-07",0.2000,Marketing,Series E,367.00,United States,"2020-04-09"
Newfront Insurance,SF Bay Area,94,"2020-04-07",,Finance,Unknown,,United States,"2020-04-08"
Ibotta,Denver,87,"2020-04-07",0.1500,Retail,Series D,85.00,United States,"2020-04-12"
Virta Health,SF Bay Area,65,"2020-04-07",,Healthcare,Series C,175.00,United States,"2020-04-07"
Away,New York City,60,"2020-04-07",0.1000,Retail,Series D,181.00,United States,"2020-04-07"
MediaMath,New York City,53,"2020-04-07",0.0800,Marketing,Private Equity,607.00,United States,"2020-04-08"
Group Nine Media,New York City,50,"2020-04-07",0.0700,Media,Unknown,190.00,United States,"2020-04-07"
Payfactors,Boston,46,"2020-04-07",,HR,Unknown,,United States,"2020-04-09"
Nav,Salt Lake City,30,"2020-04-07",,Finance,Series C,99.00,United States,"2020-04-19"
Metromile,SF Bay Area,100,"2020-04-06",0.3300,Finance,Series E,293.00,United States,"2020-04-07"
Rock Content,"Belo Horizonte, Non-U.S.",100,"2020-04-06",0.2000,Marketing,Series A,0.70,Brazil,"2020-04-06"
BounceX,New York City,77,"2020-04-06",0.2000,Marketing,Series B,75.00,United States,"2020-04-06"
C6 Bank,"Sao Paulo, Non-U.S.",60,"2020-04-06",0.0600,Finance,Unknown,,Brazil,"2020-04-06"
Wordstream,Boston,26,"2020-04-06",0.1000,Marketing,Acquired,28.00,United States,"2020-04-09"
Cogito,Boston,24,"2020-04-06",0.1400,Support,Series C,92.00,United States,"2020-04-06"
BusBud,"Montreal, Non-U.S.",23,"2020-04-06",0.3200,Transportation,Series B,21.00,Canada,"2020-04-28"
Borrowell,"Toronto, Non-U.S.",15,"2020-04-06",0.2000,Finance,Series B,72.00,Canada,"2020-04-06"
PerkSpot,Chicago,10,"2020-04-06",0.1000,HR,Private Equity,50.00,United States,"2020-04-10"
Astra,SF Bay Area,40,"2020-04-05",0.2500,Aerospace,Unknown,100.00,United States,"2020-04-05"
Iflix,"Kuala Lumpur, Non-U.S.",50,"2020-04-04",0.1200,Consumer,Unknown,348.00,Malaysia,"2020-06-11"
Gympass,"Sao Paulo, Non-U.S.",467,"2020-04-03",0.3300,Fitness,Series D,300.00,Brazil,"2020-04-05"
Sojern,SF Bay Area,300,"2020-04-03",0.5000,Marketing,Series D,162.00,United States,"2020-04-03"
MaxMilhas,"Belo Horizonte, Non-U.S.",167,"2020-04-03",0.4200,Travel,Unknown,,Brazil,"2020-04-06"
Minted,SF Bay Area,147,"2020-04-03",0.3700,Retail,Series E,297.00,United States,"2020-04-05"
Velodyne Lidar,SF Bay Area,140,"2020-04-03",,Transportation,Unknown,225.00,United States,"2020-04-05"
Zoox,SF Bay Area,120,"2020-04-03",,Transportation,Series B,955.00,United States,"2020-04-07"
Traveloka,"Jakarta, Non-U.S.",100,"2020-04-03",0.1000,Travel,Unknown,,Indonesia,"2020-04-07"
Arrive Logistics,Austin,75,"2020-04-03",0.0700,Logistics,Series B,35.00,United States,"2020-04-05"
Salsify,Boston,60,"2020-04-03",0.1300,Retail,Series D,97.00,United States,"2020-04-04"
Jetty,New York City,35,"2020-04-03",0.4000,Finance,Series B,40.00,United States,"2020-04-06"
D2iQ,SF Bay Area,34,"2020-04-03",0.1300,Infrastructure,Series D,247.00,United States,"2020-04-22"
Bustle Digital Group,New York City,24,"2020-04-03",0.0800,Media,Series E,80.00,United States,"2020-04-03"
Bustle Digital Group,New York City,19,"2020-04-03",,Media,Series E,80.00,United States,"2022-09-21"
Opencare,"Toronto, Non-U.S.",18,"2020-04-03",0.2500,Healthcare,Series A,24.00,Canada,"2020-04-04"
Anagram,Los Angeles,17,"2020-04-03",,Healthcare,Series A,14.00,United States,"2020-04-05"
G/O Media Group,New York City,14,"2020-04-03",0.0500,Media,Unknown,,United States,"2020-04-08"
DSCO,Salt Lake City,12,"2020-04-03",,Retail,Series A,4.00,United States,"2020-04-07"
Tripbam,Dallas,10,"2020-04-03",0.2500,Travel,Unknown,,United States,"2020-04-04"
Avantage Entertainment,Minneapolis,5,"2020-04-03",0.2000,Media,Unknown,,United States,"2020-04-04"
The Wing,New York City,,"2020-04-03",0.5000,Real Estate,Series C,117.00,United States,"2020-04-04"
MindBody,San Luis Obispo,700,"2020-04-02",0.3500,Fitness,Post-IPO,114.00,United States,"2020-04-02"
Katerra,SF Bay Area,240,"2020-04-02",0.0300,Construction,Series D,1200.00,United States,"2020-04-04"
Ritual,"Toronto, Non-U.S.",196,"2020-04-02",0.5400,Food,Series C,112.00,Canada,"2020-04-02"
ClassPass,New York City,154,"2020-04-02",0.2200,Fitness,Series E,549.00,United States,"2020-04-02"
eGym,"Munich, Non-U.S.",100,"2020-04-02",0.2500,Fitness,Series D,109.00,Germany,"2020-04-20"
Voi,"Stockholm, Non-U.S.",100,"2020-04-02",,Transportation,Series B,167.00,Sweden,"2020-04-02"
Industrious,New York City,90,"2020-04-02",0.2000,Real Estate,Series D,222.00,United States,"2020-04-03"
"1stdibs",New York City,70,"2020-04-02",0.1700,Retail,Series D,253.00,United States,"2020-04-08"
ThirdLove,SF Bay Area,65,"2020-04-02",0.3000,Retail,Series B,68.00,United States,"2020-04-02"
Latch,New York City,60,"2020-04-02",,Security,Series B,152.00,United States,"2020-04-04"
The Predictive Index,Boston,59,"2020-04-02",0.2500,HR,Acquired,65.00,United States,"2020-04-03"
Shuttl,"New Delhi, Non-U.S.",40,"2020-04-02",,Transportation,Series C,122.00,India,"2020-04-10"
Jobcase,Boston,39,"2020-04-02",0.2000,Recruiting,Private Equity,118.00,United States,"2020-04-02"
Copper,SF Bay Area,35,"2020-04-02",,Marketing,Series C,102.00,United States,"2020-04-07"
Dynamic Signal,SF Bay Area,35,"2020-04-02",0.1900,HR,Series E,114.00,United States,"2020-04-10"
FiscalNote,Washington D.C.,30,"2020-04-02",,Media,Series D,50.00,United States,"2020-04-15"
Sauce Labs,SF Bay Area,30,"2020-04-02",0.1500,Infrastructure,Unknown,151.00,United States,"2020-04-14"
Humu,SF Bay Area,26,"2020-04-02",,HR,Series B,40.00,United States,"2020-04-03"
TripleLift,New York City,23,"2020-04-02",0.0700,Marketing,Series B,16.00,United States,"2020-04-10"
Coding Dojo,Seattle,7,"2020-04-02",0.0700,Education,Unknown,2.00,United States,"2020-04-12"
Instamojo,"Bengaluru, Non-U.S.",6,"2020-04-02",0.0600,Finance,Unknown,8.00,India,"2020-04-12"
Synergysuite,Salt Lake City,5,"2020-04-02",0.0700,Food,Series A,6.00,United States,"2020-04-03"
Atlanta Tech Village,Atlanta,,"2020-04-02",0.5000,Real Estate,Unknown,,United States,"2020-04-04"
The Modist,"Dubai, Non-U.S.",,"2020-04-02",1.0000,Retail,Unknown,,United Arab Emirates,"2020-04-05"
Booksy,SF Bay Area,200,"2020-04-01",,Consumer,Series B,48.00,United States,"2020-04-07"
Flymya,"Yangon, Non-U.S.",200,"2020-04-01",0.3300,Travel,Unknown,,Myanmar,"2020-05-06"
PatientPop,Los Angeles,100,"2020-04-01",0.2000,Healthcare,Series B,75.00,United States,"2020-04-01"
Showpad,Chicago,52,"2020-04-01",0.1200,Marketing,Series D,159.00,United States,"2020-04-01"
Highsnobiety,"Berlin, Non-U.S.",51,"2020-04-01",0.2500,Media,Series A,8.50,Germany,"2020-04-08"
Earnin,SF Bay Area,50,"2020-04-01",0.2000,Finance,Series C,190.00,United States,"2020-04-03"
Wonolo,SF Bay Area,46,"2020-04-01",0.1300,Recruiting,Series C,52.00,United States,"2020-03-28"
Acko,"Mumbai, Non-U.S.",45,"2020-04-01",0.0900,Finance,Unknown,143.00,India,"2020-04-08"
Moovel,Portland,28,"2020-04-01",0.3700,Transportation,Unknown,,United States,"2020-04-02"
Aqua Security,"Tel Aviv, Non-U.S.",24,"2020-04-01",0.0900,Security,Series C,100.00,Israel,"2020-04-04"
Crayon,Boston,20,"2020-04-01",0.2000,Marketing,Series A,16.00,United States,"2020-04-07"
Pana,Denver,18,"2020-04-01",,Travel,Series A,11.00,United States,"2020-04-02"
Sensibill,"Toronto, Non-U.S.",17,"2020-04-01",0.2000,Finance,Series B,50.00,Canada,"2020-05-22"
Usermind,Seattle,15,"2020-04-01",0.2500,Marketing,Series C,46.00,United States,"2020-04-02"
Incredible Health,SF Bay Area,9,"2020-04-01",0.4000,Healthcare,Series A,15.00,United States,"2020-04-07"
Le Tote,SF Bay Area,,"2020-04-01",0.5000,Retail,Series C,62.00,United States,"2020-04-06"
Pebblepost,New York City,,"2020-04-01",0.6000,Marketing,Series C,81.00,United States,"2020-04-06"
WhyHotel,Washington D.C.,,"2020-04-01",0.5000,Travel,Series B,33.00,United States,"2020-04-04"
KeepTruckin,SF Bay Area,349,"2020-03-31",0.1800,Logistics,Series D,227.00,United States,"2020-04-01"
AdRoll,Salt Lake City,210,"2020-03-31",0.3000,Marketing,Series C,89.00,United States,"2020-04-01"
Rover,Seattle,194,"2020-03-31",0.4100,Consumer,Series G,310.00,United States,"2020-03-31"
Turo,SF Bay Area,108,"2020-03-31",0.3000,Transportation,Series E,467.00,United States,"2020-04-01"
uShip,Austin,65,"2020-03-31",0.3700,Logistics,Series D,69.00,United States,"2020-04-01"
SkySlope,Sacramento,50,"2020-03-31",0.2500,Real Estate,Acquired,,United States,"2020-05-14"
Siteimprove,Minneapolis,40,"2020-03-31",,Marketing,Unknown,55.00,United States,"2020-04-04"
AngelList,SF Bay Area,20,"2020-03-31",,Recruiting,Series B,26.00,United States,"2020-04-06"
Zenoti,Seattle,17,"2020-03-31",0.0400,Fitness,Series C,91.00,United States,"2020-03-31"
DialSource,Sacramento,5,"2020-03-31",0.1400,Marketing,Series B,26.00,United States,"2020-04-07"
Domio,New York City,,"2020-03-31",0.3000,Travel,Series B,116.00,United States,"2020-04-07"
Kazoo,Austin,,"2020-03-31",0.3500,HR,Series A,8.00,United States,"2020-04-01"
Thumbtack,SF Bay Area,250,"2020-03-30",0.3000,Consumer,Series F,423.00,United States,"2020-03-30"
RigUp,Austin,120,"2020-03-30",0.2500,Energy,Series D,423.00,United States,"2020-03-31"
FabHotels,"New Delhi, Non-U.S.",80,"2020-03-30",0.2000,Travel,Series B,48.00,India,"2020-04-10"
Hibob,"Tel Aviv, Non-U.S.",70,"2020-03-30",0.3000,HR,Series A,45.00,Israel,"2020-03-31"
PeerStreet,Los Angeles,51,"2020-03-30",0.3000,Finance,Series C,110.00,United States,"2020-03-31"
Maven,Seattle,31,"2020-03-30",0.0900,Media,Post-IPO,77.00,United States,"2020-04-08"
Blume Global,SF Bay Area,30,"2020-03-30",0.1000,Logistics,Unknown,,United States,"2020-04-01"
Catalant,Boston,30,"2020-03-30",,Other,Series E,110.00,United States,"2020-03-31"
Starship Technologies,"Tallinn, Non-U.S.",30,"2020-03-30",,Transportation,Series A,82.00,Estonia,"2020-04-08"
Loftsmart,New York City,25,"2020-03-30",0.7500,Real Estate,Series A,18.00,United States,"2020-04-06"
Caliva,SF Bay Area,20,"2020-03-30",,Retail,Series A,75.00,United States,"2020-05-29"
Iris Nova,New York City,9,"2020-03-30",0.5000,Food,Seed,15.00,United States,"2020-04-01"
ZipRecruiter,Los Angeles,400,"2020-03-29",0.3900,Recruiting,Series B,219.00,United States,"2020-03-29"
Amplero,Seattle,17,"2020-03-29",1.0000,Marketing,Series B,25.00,United States,"2020-04-01"
Polarr,SF Bay Area,10,"2020-03-29",,Consumer,Series A,13.00,United States,"2020-04-08"
TravelTriangle,"Gurugram, Non-U.S.",250,"2020-03-28",0.5000,Travel,Series D,47.00,India,"2020-04-01"
WeWork,New York City,250,"2020-03-28",,Real Estate,Series H,2250.00,United States,"2020-03-29"
OneWeb,"London, Non-U.S.",451,"2020-03-27",0.8500,Aerospace,Unknown,3000.00,United Kingdom,"2020-03-28"
Bird,Los Angeles,406,"2020-03-27",0.3000,Transportation,Series D,623.00,United States,"2020-03-28"
HOOQ,"Singapore, Non-U.S.",250,"2020-03-27",1.0000,Consumer,Unknown,95.00,Singapore,"2020-04-18"
Everlane,SF Bay Area,227,"2020-03-27",,Retail,Unknown,18.00,United States,"2020-03-29"
DataRobot,Boston,200,"2020-03-27",,Data,Series E,430.00,United States,"2020-03-28"
Restaurant365,Los Angeles,175,"2020-03-27",,Food,Series C,127.00,United States,"2020-03-28"
Blueground,New York City,130,"2020-03-27",0.2500,Real Estate,Series B,77.00,United States,"2020-03-30"
Knotel,New York City,127,"2020-03-27",0.3000,Real Estate,Series C,560.00,United States,"2020-03-28"
Getaround,SF Bay Area,100,"2020-03-27",0.2500,Transportation,Series D,403.00,United States,"2020-03-29"
Zipcar,Boston,100,"2020-03-27",0.2000,Transportation,Acquired,107.00,United States,"2020-03-28"
Mogo,"Vancouver, Non-U.S.",78,"2020-03-27",0.3000,Finance,Post-IPO,201.00,Canada,"2020-04-03"
DISCO,Austin,75,"2020-03-27",,Legal,Series E,133.00,United States,"2020-03-28"
Raken,San Diego,60,"2020-03-27",,Construction,Series A,12.00,United States,"2020-04-05"
Bench,"Vancouver, Non-U.S.",47,"2020-03-27",0.1000,Finance,Series B,49.00,Canada,"2020-06-23"
Loft,"Sao Paulo, Non-U.S.",47,"2020-03-27",,Real Estate,Series C,263.00,Brazil,"2020-04-08"
Oh My Green,SF Bay Area,40,"2020-03-27",,Food,Seed,20.00,United States,"2020-03-29"
Bevi,Boston,30,"2020-03-27",0.2000,Food,Series C,60.00,United States,"2020-03-28"
Textio,Seattle,30,"2020-03-27",0.2000,Recruiting,Unknown,41.00,United States,"2020-03-28"
Opal,Portland,20,"2020-03-27",,Marketing,Series B,25.00,United States,"2020-03-28"
ThirdLove,New York City,10,"2020-03-27",,Retail,Series B,68.00,United States,"2020-04-02"
B8ta,SF Bay Area,250,"2020-03-26",0.5000,Retail,Series C,88.00,United States,"2020-03-29"
Fareportal,"Gurugram, Non-U.S.",200,"2020-03-26",,Travel,Unknown,,India,"2020-03-30"
Puppet,Portland,50,"2020-03-26",0.1000,Infrastructure,Series F,149.00,United States,"2020-03-28"
Ecobee,"Toronto, Non-U.S.",47,"2020-03-26",0.1000,Energy,Series C,149.00,Canada,"2020-03-28"
Passport,Charlotte,44,"2020-03-26",,Transportation,Series D,123.00,United States,"2020-03-28"
Peerspace,SF Bay Area,41,"2020-03-26",0.7500,Real Estate,Series B,34.00,United States,"2020-03-31"
GoSpotCheck,Denver,23,"2020-03-26",0.2000,Retail,Series B,47.00,United States,"2020-03-28"
Consider.co,SF Bay Area,13,"2020-03-26",1.0000,Other,Seed,5.00,United States,"2020-03-28"
Nativo,Los Angeles,,"2020-03-26",0.4000,Marketing,Series B,35.00,United States,"2020-04-03"
TripActions,SF Bay Area,300,"2020-03-25",0.2500,Travel,Series D,981.00,United States,"2020-03-28"
Lyric,SF Bay Area,100,"2020-03-25",,Real Estate,Series B,179.10,United States,"2020-07-04"
Rangle,"Toronto, Non-U.S.",78,"2020-03-25",0.3000,Product,Unknown,,Canada,"2020-03-28"
O'Reilly Media,SF Bay Area,75,"2020-03-25",0.1500,Media,Unknown,,United States,"2020-03-30"
WanderJaunt,SF Bay Area,56,"2020-03-25",0.2300,Travel,Series B,26.00,United States,"2020-04-01"
OutboundEngine,Austin,52,"2020-03-25",0.2800,Marketing,Series C,48.00,United States,"2020-03-28"
Wonderschool,SF Bay Area,50,"2020-03-25",0.7500,Education,Series A,24.00,United States,"2020-03-28"
Overtime,New York City,30,"2020-03-25",0.2300,Media,Series B,35.00,United States,"2020-04-02"
Jama,Portland,12,"2020-03-25",0.0500,Product,Unknown,233.00,United States,"2020-03-28"
Element Analytics,SF Bay Area,10,"2020-03-25",,Data,Series A,22.00,United States,"2020-04-18"
Clutter,Los Angeles,,"2020-03-25",0.3000,Consumer,Series D,296.00,United States,"2020-03-30"
Divvy Homes,SF Bay Area,,"2020-03-25",0.0800,Real Estate,Series B,180.00,United States,"2020-03-30"
Sonder,SF Bay Area,400,"2020-03-24",0.3300,Travel,Series D,359.00,United States,"2020-03-28"
Takl,Nashville,130,"2020-03-24",,Consumer,Unknown,,United States,"2020-04-02"
Foodsby,Minneapolis,87,"2020-03-24",0.6700,Food,Series B,20.00,United States,"2020-03-28"
Zeus Living,SF Bay Area,80,"2020-03-24",0.3000,Real Estate,Series B,79.00,United States,"2020-03-28"
TravelBank,SF Bay Area,20,"2020-03-24",,Travel,Series B,35.00,United States,"2020-04-01"
Flowr,"Toronto, Non-U.S.",,"2020-03-24",0.2500,Retail,Unknown,,Canada,"2020-03-28"
Peerfit,Tampa Bay,,"2020-03-24",0.4000,HR,Unknown,47.00,United States,"2020-03-30"
Compass,New York City,375,"2020-03-23",0.1500,Real Estate,Series G,1600.00,United States,"2020-03-28"
Convene,New York City,150,"2020-03-23",0.1800,Real Estate,Series D,280.00,United States,"2020-03-28"
Leafly,Seattle,91,"2020-03-23",0.5000,Retail,Acquired,2.00,United States,"2020-03-28"
The Guild,Austin,38,"2020-03-23",0.2200,Travel,Series B,36.00,United States,"2020-03-28"
Drip,Salt Lake City,20,"2020-03-23",,Marketing,Acquired,,United States,"2020-04-01"
GrayMeta,Los Angeles,20,"2020-03-23",0.4000,Data,Unknown,7.00,United States,"2020-04-01"
Triplebyte,SF Bay Area,15,"2020-03-23",0.1700,Recruiting,Series B,48.00,United States,"2020-03-28"
Ladder Life,SF Bay Area,13,"2020-03-23",0.2500,Finance,Series C,94.00,United States,"2020-04-07"
Cabin,SF Bay Area,,"2020-03-23",0.2000,Travel,Seed,3.00,United States,"2020-03-28"
Eight Sleep,New York City,,"2020-03-23",0.2000,Retail,Series C,70.00,United States,"2020-03-28"
Flywheel Sports,New York City,784,"2020-03-20",0.9800,Fitness,Acquired,120.00,United States,"2020-04-09"
Peek,Salt Lake City,45,"2020-03-20",,Travel,Series B,39.00,United States,"2020-04-03"
CTO.ai,"Vancouver, Non-U.S.",30,"2020-03-20",0.5000,Infrastructure,Seed,7.00,Canada,"2020-04-02"
Yonder,Austin,18,"2020-03-20",,Media,Series A,16.00,United States,"2020-03-28"
Service,Los Angeles,,"2020-03-20",1.0000,Travel,Seed,5.00,United States,"2020-04-01"
Bounce,"Bengaluru, Non-U.S.",120,"2020-03-19",,Transportation,Series D,214.00,India,"2020-03-28"
Ejento,SF Bay Area,84,"2020-03-19",1.0000,Recruiting,Unknown,,United States,"2020-03-28"
Remote Year,Chicago,50,"2020-03-19",0.5000,Travel,Series B,17.00,United States,"2020-03-28"
Lola,Boston,34,"2020-03-19",,Travel,Series C,81.00,United States,"2020-03-28"
Popin,New York City,,"2020-03-19",1.0000,Fitness,Unknown,13.00,United States,"2020-04-06"
Flytedesk,Boulder,4,"2020-03-18",0.2000,Marketing,Seed,4.00,United States,"2020-04-01"
Inspirato,Denver,130,"2020-03-16",0.2200,Travel,Series C,79.00,United States,"2020-03-31"
Help.com,Austin,16,"2020-03-16",1.0000,Support,Seed,6.00,United States,"2020-04-16"
Service,Los Angeles,,"2020-03-16",1.0000,Travel,Seed,5.10,United States,"2020-08-31"
HopSkipDrive,Los Angeles,8,"2020-03-13",0.1000,Transportation,Unknown,45.00,United States,"2020-04-03"
Panda Squad,SF Bay Area,6,"2020-03-13",0.7500,Consumer,Seed,1.00,United States,"2020-04-17"
Tamara Mellon,Los Angeles,20,"2020-03-12",0.4000,Retail,Series C,90.00,United States,"2020-03-31"
EasyPost,Salt Lake City,75,"2020-03-11",,Logistics,Series A,12.00,United States,"2020-03-31"
